id,catalogTitle,catalogFile,catalogPage,section,manufacturer,equipmentModel,productType,partNumber,material,buckSize,application,requiresModelNumber,quantity,notes
dc-ajax-dc-18-pro-818,Buckeye Dry Cleaning Pads & Covers 2026,/catalogs/dry-cleaning-catalog.pdf,6,Ajax/Alliance/American/Aceco/Martin buck pads and head plates,Ajax/Alliance/American/Aceco/Martin,DC-18,Pad/Cover,PRO-818,Tan Pro-Finish 861,18 1/2 x 9 1/2,Mushroom topper,true,,Catalog lists related model number 282
dc-ajax-dc-18-rpro-818,Buckeye Dry Cleaning Pads & Covers 2026,/catalogs/dry-cleaning-catalog.pdf,6,Ajax/Alliance/American/Aceco/Martin buck pads and head plates,Ajax/Alliance/American/Aceco/Martin,DC-18,Pad/Cover,RPRO-818,Red Pro-Finish 861,18 1/2 x 9 1/2,Mushroom topper,true,,Catalog lists related model number 282
dc-ajax-dc-18-mfhp-3,Buckeye Dry Cleaning Pads & Covers 2026,/catalogs/dry-cleaning-catalog.pdf,6,Ajax/Alliance/American/Aceco/Martin buck pads and head plates,Ajax/Alliance/American/Aceco/Martin,DC-18,Head Plate,MFHP-3,White Master Finish,18 1/2 x 9 1/2,Mushroom topper,true,,Catalog lists related model number 282
dc-ajax-dc-18-bmfhp-3,Buckeye Dry Cleaning Pads & Covers 2026,/catalogs/dry-cleaning-catalog.pdf,6,Ajax/Alliance/American/Aceco/Martin buck pads and head plates,Ajax/Alliance/American/Aceco/Martin,DC-18,Head Plate,BMFHP-3,Black Master Finish,18 1/2 x 9 1/2,Mushroom topper,true,,Catalog lists related model number 282
dc-ajax-dc-42-pro-842,Buckeye Dry Cleaning Pads & Covers 2026,/catalogs/dry-cleaning-catalog.pdf,6,Ajax/Alliance/American/Aceco/Martin buck pads and head plates,Ajax/Alliance/American/Aceco/Martin,DC-42,Pad/Cover,PRO-842,Tan Pro-Finish 861,42 x 12 x 8,Utility,true,,
dc-ajax-dc-42-rpro-842,Buckeye Dry Cleaning Pads & Covers 2026,/catalogs/dry-cleaning-catalog.pdf,6,Ajax/Alliance/American/Aceco/Martin buck pads and head plates,Ajax/Alliance/American/Aceco/Martin,DC-42,Pad/Cover,RPRO-842,Red Pro-Finish 861,42 x 12 x 8,Utility,true,,
dc-ajax-dc-42-mfhp-13,Buckeye Dry Cleaning Pads & Covers 2026,/catalogs/dry-cleaning-catalog.pdf,6,Ajax/Alliance/American/Aceco/Martin buck pads and head plates,Ajax/Alliance/American/Aceco/Martin,DC-42,Head Plate,MFHP-13,White Master Finish,42 x 12 x 8,Utility,true,,
dc-ajax-dc-42-bmfhp-13,Buckeye Dry Cleaning Pads & Covers 2026,/catalogs/dry-cleaning-catalog.pdf,6,Ajax/Alliance/American/Aceco/Martin buck pads and head plates,Ajax/Alliance/American/Aceco/Martin,DC-42,Head Plate,BMFHP-13,Black Master Finish,42 x 12 x 8,Utility,true,,
dc-ajax-dc-45-r-pro-845,Buckeye Dry Cleaning Pads & Covers 2026,/catalogs/dry-cleaning-catalog.pdf,6,Ajax/Alliance/American/Aceco/Martin buck pads and head plates,Ajax/Alliance/American/Aceco/Martin,DC-45/R,Pad/Cover,PRO-845,Tan Pro-Finish 861,44 1/2 x 11 1/2 x 8,Legger,true,,Catalog lists related model number 298
dc-ajax-dc-45-r-rpro-845,Buckeye Dry Cleaning Pads & Covers 2026,/catalogs/dry-cleaning-catalog.pdf,6,Ajax/Alliance/American/Aceco/Martin buck pads and head plates,Ajax/Alliance/American/Aceco/Martin,DC-45/R,Pad/Cover,RPRO-845,Red Pro-Finish 861,44 1/2 x 11 1/2 x 8,Legger,true,,Catalog lists related model number 298
dc-ajax-dc-45-r-mfhp-17,Buckeye Dry Cleaning Pads & Covers 2026,/catalogs/dry-cleaning-catalog.pdf,6,Ajax/Alliance/American/Aceco/Martin buck pads and head plates,Ajax/Alliance/American/Aceco/Martin,DC-45/R,Head Plate,MFHP-17,White Master Finish,44 1/2 x 11 1/2 x 8,Legger,true,,Catalog lists related model number 298
dc-ajax-dc-45-r-bmfhp-17,Buckeye Dry Cleaning Pads & Covers 2026,/catalogs/dry-cleaning-catalog.pdf,6,Ajax/Alliance/American/Aceco/Martin buck pads and head plates,Ajax/Alliance/American/Aceco/Martin,DC-45/R,Head Plate,BMFHP-17,Black Master Finish,44 1/2 x 11 1/2 x 8,Legger,true,,Catalog lists related model number 298
dc-ajax-dc-446-r-pro-850,Buckeye Dry Cleaning Pads & Covers 2026,/catalogs/dry-cleaning-catalog.pdf,7,Ajax/Alliance/American/Aceco/Martin buck pads and head plates,Ajax/Alliance/American/Aceco/Martin,DC-446/R,Pad/Cover,PRO-850,Tan Pro-Finish 861,46 x 20 x 8 1/4,Legger,true,,Catalog lists related model number 799
dc-ajax-dc-446-r-rpro-850,Buckeye Dry Cleaning Pads & Covers 2026,/catalogs/dry-cleaning-catalog.pdf,7,Ajax/Alliance/American/Aceco/Martin buck pads and head plates,Ajax/Alliance/American/Aceco/Martin,DC-446/R,Pad/Cover,RPRO-850,Red Pro-Finish 861,46 x 20 x 8 1/4,Legger,true,,Catalog lists related model number 799
dc-ajax-dc-446-r-mfhp-25,Buckeye Dry Cleaning Pads & Covers 2026,/catalogs/dry-cleaning-catalog.pdf,7,Ajax/Alliance/American/Aceco/Martin buck pads and head plates,Ajax/Alliance/American/Aceco/Martin,DC-446/R,Head Plate,MFHP-25,White Master Finish,46 x 20 x 8 1/4,Legger,true,,Catalog lists related model number 799
dc-ajax-dc-446-r-bmfhp-25,Buckeye Dry Cleaning Pads & Covers 2026,/catalogs/dry-cleaning-catalog.pdf,7,Ajax/Alliance/American/Aceco/Martin buck pads and head plates,Ajax/Alliance/American/Aceco/Martin,DC-446/R,Head Plate,BMFHP-25,Black Master Finish,46 x 20 x 8 1/4,Legger,true,,Catalog lists related model number 799
dc-ajax-dc-545-pro-849,Buckeye Dry Cleaning Pads & Covers 2026,/catalogs/dry-cleaning-catalog.pdf,7,Ajax/Alliance/American/Aceco/Martin buck pads and head plates,Ajax/Alliance/American/Aceco/Martin,DC-545,Pad/Cover,PRO-849,Tan Pro-Finish 861,45 x 19 3/4 x 9,Large end,true,,
dc-ajax-dc-545-rpro-849,Buckeye Dry Cleaning Pads & Covers 2026,/catalogs/dry-cleaning-catalog.pdf,7,Ajax/Alliance/American/Aceco/Martin buck pads and head plates,Ajax/Alliance/American/Aceco/Martin,DC-545,Pad/Cover,RPRO-849,Red Pro-Finish 861,45 x 19 3/4 x 9,Large end,true,,
dc-ajax-dc-545-mfhp-44,Buckeye Dry Cleaning Pads & Covers 2026,/catalogs/dry-cleaning-catalog.pdf,7,Ajax/Alliance/American/Aceco/Martin buck pads and head plates,Ajax/Alliance/American/Aceco/Martin,DC-545,Head Plate,MFHP-44,White Master Finish,45 x 19 3/4 x 9,Large end,true,,
dc-ajax-dc-545-bmfhp-44,Buckeye Dry Cleaning Pads & Covers 2026,/catalogs/dry-cleaning-catalog.pdf,7,Ajax/Alliance/American/Aceco/Martin buck pads and head plates,Ajax/Alliance/American/Aceco/Martin,DC-545,Head Plate,BMFHP-44,Black Master Finish,45 x 19 3/4 x 9,Large end,true,,
dc-ajax-dc-646-pro-850,Buckeye Dry Cleaning Pads & Covers 2026,/catalogs/dry-cleaning-catalog.pdf,7,Ajax/Alliance/American/Aceco/Martin buck pads and head plates,Ajax/Alliance/American/Aceco/Martin,DC-646,Pad/Cover,PRO-850,Tan Pro-Finish 861,46 x 19 x 8,Legger,true,,
dc-ajax-dc-646-rpro-850,Buckeye Dry Cleaning Pads & Covers 2026,/catalogs/dry-cleaning-catalog.pdf,7,Ajax/Alliance/American/Aceco/Martin buck pads and head plates,Ajax/Alliance/American/Aceco/Martin,DC-646,Pad/Cover,RPRO-850,Red Pro-Finish 861,46 x 19 x 8,Legger,true,,
dc-ajax-dc-646-mfhp-25,Buckeye Dry Cleaning Pads & Covers 2026,/catalogs/dry-cleaning-catalog.pdf,7,Ajax/Alliance/American/Aceco/Martin buck pads and head plates,Ajax/Alliance/American/Aceco/Martin,DC-646,Head Plate,MFHP-25,White Master Finish,46 x 19 x 8,Legger,true,,
dc-ajax-dc-646-bmfhp-25,Buckeye Dry Cleaning Pads & Covers 2026,/catalogs/dry-cleaning-catalog.pdf,7,Ajax/Alliance/American/Aceco/Martin buck pads and head plates,Ajax/Alliance/American/Aceco/Martin,DC-646,Head Plate,BMFHP-25,Black Master Finish,46 x 19 x 8,Legger,true,,
dc-butler-d-18-2a-pro-818,Buckeye Dry Cleaning Pads & Covers 2026,/catalogs/dry-cleaning-catalog.pdf,13,Butler buck pads and head plates,Butler,D-18-2A,Pad/Cover,PRO-818,Tan Pro-Finish 861,18 x 9,Mushroom,true,,Butler section lists set notes for some pad combinations
dc-butler-d-18-2a-rpro-818,Buckeye Dry Cleaning Pads & Covers 2026,/catalogs/dry-cleaning-catalog.pdf,13,Butler buck pads and head plates,Butler,D-18-2A,Pad/Cover,RPRO-818,Red Pro-Finish 861,18 x 9,Mushroom,true,,Butler section lists set notes for some pad combinations
dc-butler-d-18-2a-mfhp-3,Buckeye Dry Cleaning Pads & Covers 2026,/catalogs/dry-cleaning-catalog.pdf,13,Butler buck pads and head plates,Butler,D-18-2A,Head Plate,MFHP-3,White Master Finish,18 x 9,Mushroom,true,,Butler section lists set notes for some pad combinations
dc-butler-d-18-2a-bmfhp-3,Buckeye Dry Cleaning Pads & Covers 2026,/catalogs/dry-cleaning-catalog.pdf,13,Butler buck pads and head plates,Butler,D-18-2A,Head Plate,BMFHP-3,Black Master Finish,18 x 9,Mushroom,true,,Butler section lists set notes for some pad combinations
dc-butler-d-18-2a-tgp-3,Buckeye Dry Cleaning Pads & Covers 2026,/catalogs/dry-cleaning-catalog.pdf,13,Butler buck pads and head plates,Butler,D-18-2A,Teflon Grid Plate,TGP-3,Teflon Grid Plate,18 x 9,Mushroom,true,,Butler section lists set notes for some pad combinations
dc-butler-p-18-pro-818,Buckeye Dry Cleaning Pads & Covers 2026,/catalogs/dry-cleaning-catalog.pdf,13,Butler buck pads and head plates,Butler,P-18,Pad/Cover,PRO-818,Tan Pro-Finish 861,18 x 9,Mushroom,true,,Butler section lists set notes for some pad combinations
dc-butler-p-18-rpro-818,Buckeye Dry Cleaning Pads & Covers 2026,/catalogs/dry-cleaning-catalog.pdf,13,Butler buck pads and head plates,Butler,P-18,Pad/Cover,RPRO-818,Red Pro-Finish 861,18 x 9,Mushroom,true,,Butler section lists set notes for some pad combinations
dc-butler-p-18-mfhp-3,Buckeye Dry Cleaning Pads & Covers 2026,/catalogs/dry-cleaning-catalog.pdf,13,Butler buck pads and head plates,Butler,P-18,Head Plate,MFHP-3,White Master Finish,18 x 9,Mushroom,true,,Butler section lists set notes for some pad combinations
dc-butler-p-18-bmfhp-3,Buckeye Dry Cleaning Pads & Covers 2026,/catalogs/dry-cleaning-catalog.pdf,13,Butler buck pads and head plates,Butler,P-18,Head Plate,BMFHP-3,Black Master Finish,18 x 9,Mushroom,true,,Butler section lists set notes for some pad combinations
dc-butler-p-18-tgp-3,Buckeye Dry Cleaning Pads & Covers 2026,/catalogs/dry-cleaning-catalog.pdf,13,Butler buck pads and head plates,Butler,P-18,Teflon Grid Plate,TGP-3,Teflon Grid Plate,18 x 9,Mushroom,true,,Butler section lists set notes for some pad combinations
dc-butler-p-40-pro-840,Buckeye Dry Cleaning Pads & Covers 2026,/catalogs/dry-cleaning-catalog.pdf,13,Butler buck pads and head plates,Butler,P-40,Pad/Cover,PRO-840,Tan Pro-Finish 861,40 x 12 x 8,Utility,true,,Butler section lists set notes for some pad combinations
dc-butler-p-40-rpro-840,Buckeye Dry Cleaning Pads & Covers 2026,/catalogs/dry-cleaning-catalog.pdf,13,Butler buck pads and head plates,Butler,P-40,Pad/Cover,RPRO-840,Red Pro-Finish 861,40 x 12 x 8,Utility,true,,Butler section lists set notes for some pad combinations
dc-butler-p-40-mfhp-21,Buckeye Dry Cleaning Pads & Covers 2026,/catalogs/dry-cleaning-catalog.pdf,13,Butler buck pads and head plates,Butler,P-40,Head Plate,MFHP-21,White Master Finish,40 x 12 x 8,Utility,true,,Butler section lists set notes for some pad combinations
dc-butler-p-40-bmfhp-21,Buckeye Dry Cleaning Pads & Covers 2026,/catalogs/dry-cleaning-catalog.pdf,13,Butler buck pads and head plates,Butler,P-40,Head Plate,BMFHP-21,Black Master Finish,40 x 12 x 8,Utility,true,,Butler section lists set notes for some pad combinations
dc-butler-p-40-tgp-21,Buckeye Dry Cleaning Pads & Covers 2026,/catalogs/dry-cleaning-catalog.pdf,13,Butler buck pads and head plates,Butler,P-40,Teflon Grid Plate,TGP-21,Teflon Grid Plate,40 x 12 x 8,Utility,true,,Butler section lists set notes for some pad combinations
dc-butler-p-41-2a-pro-842,Buckeye Dry Cleaning Pads & Covers 2026,/catalogs/dry-cleaning-catalog.pdf,13,Butler buck pads and head plates,Butler,P-41-2A,Pad/Cover,PRO-842,Tan Pro-Finish 861,42 x 12 x 8,Utility,true,,Butler section lists set notes for some pad combinations
dc-butler-p-41-2a-rpro-842,Buckeye Dry Cleaning Pads & Covers 2026,/catalogs/dry-cleaning-catalog.pdf,13,Butler buck pads and head plates,Butler,P-41-2A,Pad/Cover,RPRO-842,Red Pro-Finish 861,42 x 12 x 8,Utility,true,,Butler section lists set notes for some pad combinations
dc-butler-p-41-2a-mfhp-10,Buckeye Dry Cleaning Pads & Covers 2026,/catalogs/dry-cleaning-catalog.pdf,13,Butler buck pads and head plates,Butler,P-41-2A,Head Plate,MFHP-10,White Master Finish,42 x 12 x 8,Utility,true,,Butler section lists set notes for some pad combinations
dc-butler-p-41-2a-bmfhp-10,Buckeye Dry Cleaning Pads & Covers 2026,/catalogs/dry-cleaning-catalog.pdf,13,Butler buck pads and head plates,Butler,P-41-2A,Head Plate,BMFHP-10,Black Master Finish,42 x 12 x 8,Utility,true,,Butler section lists set notes for some pad combinations
dc-butler-p-41-2a-tgp-10,Buckeye Dry Cleaning Pads & Covers 2026,/catalogs/dry-cleaning-catalog.pdf,13,Butler buck pads and head plates,Butler,P-41-2A,Teflon Grid Plate,TGP-10,Teflon Grid Plate,42 x 12 x 8,Utility,true,,Butler section lists set notes for some pad combinations
dc-butler-p-45-pro-845,Buckeye Dry Cleaning Pads & Covers 2026,/catalogs/dry-cleaning-catalog.pdf,13,Butler buck pads and head plates,Butler,P-45,Pad/Cover,PRO-845,Tan Pro-Finish 861,45 x 13 x 9,Utility,true,,Butler section lists set notes for some pad combinations
dc-butler-p-45-rpro-845,Buckeye Dry Cleaning Pads & Covers 2026,/catalogs/dry-cleaning-catalog.pdf,13,Butler buck pads and head plates,Butler,P-45,Pad/Cover,RPRO-845,Red Pro-Finish 861,45 x 13 x 9,Utility,true,,Butler section lists set notes for some pad combinations
dc-butler-p-45-mfhp-67,Buckeye Dry Cleaning Pads & Covers 2026,/catalogs/dry-cleaning-catalog.pdf,13,Butler buck pads and head plates,Butler,P-45,Head Plate,MFHP-67,White Master Finish,45 x 13 x 9,Utility,true,,Butler section lists set notes for some pad combinations
dc-butler-p-45-bmfhp-67,Buckeye Dry Cleaning Pads & Covers 2026,/catalogs/dry-cleaning-catalog.pdf,13,Butler buck pads and head plates,Butler,P-45,Head Plate,BMFHP-67,Black Master Finish,45 x 13 x 9,Utility,true,,Butler section lists set notes for some pad combinations
dc-butler-p-45-tgp-67,Buckeye Dry Cleaning Pads & Covers 2026,/catalogs/dry-cleaning-catalog.pdf,13,Butler buck pads and head plates,Butler,P-45,Teflon Grid Plate,TGP-67,Teflon Grid Plate,45 x 13 x 9,Utility,true,,Butler section lists set notes for some pad combinations
dc-butler-m-48-pro-840,Buckeye Dry Cleaning Pads & Covers 2026,/catalogs/dry-cleaning-catalog.pdf,13,Butler buck pads and head plates,Butler,M-48,Pad/Cover,PRO-840,Tan Pro-Finish 861,40 x 12 x 8,Utility,true,,Butler section lists set notes for some pad combinations
dc-butler-m-48-rpro-840,Buckeye Dry Cleaning Pads & Covers 2026,/catalogs/dry-cleaning-catalog.pdf,13,Butler buck pads and head plates,Butler,M-48,Pad/Cover,RPRO-840,Red Pro-Finish 861,40 x 12 x 8,Utility,true,,Butler section lists set notes for some pad combinations
dc-butler-m-48-mfhp-21,Buckeye Dry Cleaning Pads & Covers 2026,/catalogs/dry-cleaning-catalog.pdf,13,Butler buck pads and head plates,Butler,M-48,Head Plate,MFHP-21,White Master Finish,40 x 12 x 8,Utility,true,,Butler section lists set notes for some pad combinations
dc-butler-m-48-bmfhp-21,Buckeye Dry Cleaning Pads & Covers 2026,/catalogs/dry-cleaning-catalog.pdf,13,Butler buck pads and head plates,Butler,M-48,Head Plate,BMFHP-21,Black Master Finish,40 x 12 x 8,Utility,true,,Butler section lists set notes for some pad combinations
dc-butler-m-48-tgp-21,Buckeye Dry Cleaning Pads & Covers 2026,/catalogs/dry-cleaning-catalog.pdf,13,Butler buck pads and head plates,Butler,M-48,Teflon Grid Plate,TGP-21,Teflon Grid Plate,40 x 12 x 8,Utility,true,,Butler section lists set notes for some pad combinations
dc-butler-211-ek-pro-818,Buckeye Dry Cleaning Pads & Covers 2026,/catalogs/dry-cleaning-catalog.pdf,13,Butler buck pads and head plates,Butler,211-EK,Pad/Cover,PRO-818,Tan Pro-Finish 861,18 x 9,Mushroom,true,,Butler section lists set notes for some pad combinations
dc-butler-211-ek-rpro-818,Buckeye Dry Cleaning Pads & Covers 2026,/catalogs/dry-cleaning-catalog.pdf,13,Butler buck pads and head plates,Butler,211-EK,Pad/Cover,RPRO-818,Red Pro-Finish 861,18 x 9,Mushroom,true,,Butler section lists set notes for some pad combinations
dc-butler-211-ek-mfhp-3,Buckeye Dry Cleaning Pads & Covers 2026,/catalogs/dry-cleaning-catalog.pdf,13,Butler buck pads and head plates,Butler,211-EK,Head Plate,MFHP-3,White Master Finish,18 x 9,Mushroom,true,,Butler section lists set notes for some pad combinations
dc-butler-211-ek-bmfhp-3,Buckeye Dry Cleaning Pads & Covers 2026,/catalogs/dry-cleaning-catalog.pdf,13,Butler buck pads and head plates,Butler,211-EK,Head Plate,BMFHP-3,Black Master Finish,18 x 9,Mushroom,true,,Butler section lists set notes for some pad combinations
dc-butler-211-ek-tgp-3,Buckeye Dry Cleaning Pads & Covers 2026,/catalogs/dry-cleaning-catalog.pdf,13,Butler buck pads and head plates,Butler,211-EK,Teflon Grid Plate,TGP-3,Teflon Grid Plate,18 x 9,Mushroom,true,,Butler section lists set notes for some pad combinations
dc-butler-211-1m-pro-840,Buckeye Dry Cleaning Pads & Covers 2026,/catalogs/dry-cleaning-catalog.pdf,13,Butler buck pads and head plates,Butler,211-1M,Pad/Cover,PRO-840,Tan Pro-Finish 861,40 x 12 x 8,Utility,true,,Butler section lists set notes for some pad combinations
dc-butler-211-1m-rpro-840,Buckeye Dry Cleaning Pads & Covers 2026,/catalogs/dry-cleaning-catalog.pdf,13,Butler buck pads and head plates,Butler,211-1M,Pad/Cover,RPRO-840,Red Pro-Finish 861,40 x 12 x 8,Utility,true,,Butler section lists set notes for some pad combinations
dc-butler-211-1m-mfhp-21,Buckeye Dry Cleaning Pads & Covers 2026,/catalogs/dry-cleaning-catalog.pdf,13,Butler buck pads and head plates,Butler,211-1M,Head Plate,MFHP-21,White Master Finish,40 x 12 x 8,Utility,true,,Butler section lists set notes for some pad combinations
dc-butler-211-1m-bmfhp-21,Buckeye Dry Cleaning Pads & Covers 2026,/catalogs/dry-cleaning-catalog.pdf,13,Butler buck pads and head plates,Butler,211-1M,Head Plate,BMFHP-21,Black Master Finish,40 x 12 x 8,Utility,true,,Butler section lists set notes for some pad combinations
dc-butler-211-1m-tgp-21,Buckeye Dry Cleaning Pads & Covers 2026,/catalogs/dry-cleaning-catalog.pdf,13,Butler buck pads and head plates,Butler,211-1M,Teflon Grid Plate,TGP-21,Teflon Grid Plate,40 x 12 x 8,Utility,true,,Butler section lists set notes for some pad combinations
dc-butler-211-45-pro-845,Buckeye Dry Cleaning Pads & Covers 2026,/catalogs/dry-cleaning-catalog.pdf,13,Butler buck pads and head plates,Butler,211-45,Pad/Cover,PRO-845,Tan Pro-Finish 861,45 x 13 x 9,Utility,true,,Butler section lists set notes for some pad combinations
dc-butler-211-45-rpro-845,Buckeye Dry Cleaning Pads & Covers 2026,/catalogs/dry-cleaning-catalog.pdf,13,Butler buck pads and head plates,Butler,211-45,Pad/Cover,RPRO-845,Red Pro-Finish 861,45 x 13 x 9,Utility,true,,Butler section lists set notes for some pad combinations
dc-butler-211-45-mfhp-67,Buckeye Dry Cleaning Pads & Covers 2026,/catalogs/dry-cleaning-catalog.pdf,13,Butler buck pads and head plates,Butler,211-45,Head Plate,MFHP-67,White Master Finish,45 x 13 x 9,Utility,true,,Butler section lists set notes for some pad combinations
dc-butler-211-45-bmfhp-67,Buckeye Dry Cleaning Pads & Covers 2026,/catalogs/dry-cleaning-catalog.pdf,13,Butler buck pads and head plates,Butler,211-45,Head Plate,BMFHP-67,Black Master Finish,45 x 13 x 9,Utility,true,,Butler section lists set notes for some pad combinations
dc-butler-211-45-tgp-67,Buckeye Dry Cleaning Pads & Covers 2026,/catalogs/dry-cleaning-catalog.pdf,13,Butler buck pads and head plates,Butler,211-45,Teflon Grid Plate,TGP-67,Teflon Grid Plate,45 x 13 x 9,Utility,true,,Butler section lists set notes for some pad combinations
dc-camptel-452v-pk-2130-buck-cover,Buckeye Dry Cleaning Pads & Covers 2026,/catalogs/dry-cleaning-catalog.pdf,13,Camptel buck pads and head pads,Camptel,452V,Buck Cover,PK-2130,Pro-Knit,47 x 14 x 9,Utility,true,,Buck cover
dc-camptel-452v-set-2121-buck-pads,Buckeye Dry Cleaning Pads & Covers 2026,/catalogs/dry-cleaning-catalog.pdf,13,Camptel buck pads and head pads,Camptel,452V,Buck Pads,SET-2121,Pad Set,47 x 14 x 9,Utility,true,Set of 3,"Set consists of 1 each 20 oz., 30 oz., and 50 oz. pad"
dc-camptel-452v-set-2119-head-pads,Buckeye Dry Cleaning Pads & Covers 2026,/catalogs/dry-cleaning-catalog.pdf,13,Camptel buck pads and head pads,Camptel,452V,Head Pads,SET-2119,Head Pad Set,47 x 14 x 9,Utility,true,Set of 2,Set consists of 1 each 20 oz. and 30 oz. pad
dc-camptel-452v-pk-2130-head-cover,Buckeye Dry Cleaning Pads & Covers 2026,/catalogs/dry-cleaning-catalog.pdf,13,Camptel buck pads and head pads,Camptel,452V,Head Cover,PK-2130,Pro-Knit,47 x 14 x 9,Utility,true,,Head cover
dc-camptel-30v-2120-saf-cover,Buckeye Dry Cleaning Pads & Covers 2026,/catalogs/dry-cleaning-catalog.pdf,13,Camptel steam air finisher,Camptel,30V,Steam Air Finisher Cover,2120,,,Steam air finisher,false,,
dc-camptel-451v-2120-saf-cover,Buckeye Dry Cleaning Pads & Covers 2026,/catalogs/dry-cleaning-catalog.pdf,13,Camptel steam air finisher,Camptel,451V,Steam Air Finisher Cover,2120,,,Steam air finisher,false,,
dc-barbanti-451-1995,Buckeye Dry Cleaning Pads & Covers 2026,/catalogs/dry-cleaning-catalog.pdf,12,Barbanti tensioning equipment,Barbanti,451,Cover,1995,,,Cover w/skirt,false,,
dc-barbanti-2012-1997,Buckeye Dry Cleaning Pads & Covers 2026,/catalogs/dry-cleaning-catalog.pdf,12,Barbanti tensioning equipment,Barbanti,2012,Clamp Cover/Pad,1997,,,32 in Clamp Cover/Pad,false,,
dc-barbanti-2012-1999,Buckeye Dry Cleaning Pads & Covers 2026,/catalogs/dry-cleaning-catalog.pdf,12,Barbanti tensioning equipment,Barbanti,2012,Clamp Cover/Pad,1999,,,28 in Clamp Cover/Pad,false,,
dc-barbanti-2012-2008,Buckeye Dry Cleaning Pads & Covers 2026,/catalogs/dry-cleaning-catalog.pdf,12,Barbanti tensioning equipment,Barbanti,2012,Clamp Cover/Pad,2008,,,41 in Clamp Cover/Pad,false,,
dc-barbanti-2012-set-2035,Buckeye Dry Cleaning Pads & Covers 2026,/catalogs/dry-cleaning-catalog.pdf,12,Barbanti tensioning equipment,Barbanti,2012,Foam Pads,SET 2035,,,Cuff Clamp - Foam Cylinder Shaped Pads,false,Set of 4,
dc-barbanti-2012-2038,Buckeye Dry Cleaning Pads & Covers 2026,/catalogs/dry-cleaning-catalog.pdf,12,Barbanti tensioning equipment,Barbanti,2012,Cover,2038,,,Collar Support Cover,false,,
dc-barbanti-2012-wa-2118,Buckeye Dry Cleaning Pads & Covers 2026,/catalogs/dry-cleaning-catalog.pdf,12,Barbanti tensioning equipment,Barbanti,2012,Clamp Cover,WA-2118,,,Side Clamp Cover - Fixed,false,2 required,
dc-barbanti-2012-wafm-2152,Buckeye Dry Cleaning Pads & Covers 2026,/catalogs/dry-cleaning-catalog.pdf,12,Barbanti tensioning equipment,Barbanti,2012,Clamp Cover,WAFM-2152,,,Side Clamp Cover w/Foam - Mobile,false,2 required,
dc-barbanti-2012-wafm-2153,Buckeye Dry Cleaning Pads & Covers 2026,/catalogs/dry-cleaning-catalog.pdf,12,Barbanti tensioning equipment,Barbanti,2012,Clamp Cover,WAFM-2153,,,Rear Clamp Cover w/Foam - Mobile,false,,
dc-barbanti-2012-wa-2171,Buckeye Dry Cleaning Pads & Covers 2026,/catalogs/dry-cleaning-catalog.pdf,12,Barbanti tensioning equipment,Barbanti,2012,Clamp Cover,WA-2171,,,Rear Clamp Cover - Fixed,false,,
dc-barbanti-2012-set-2172,Buckeye Dry Cleaning Pads & Covers 2026,/catalogs/dry-cleaning-catalog.pdf,12,Barbanti tensioning equipment,Barbanti,2012,Silicone Pad,SET 2172,,,Silicone Pad for Cuff Clamp Stopper,false,Set of 2,
dc-barbanti-2012-bs-2215,Buckeye Dry Cleaning Pads & Covers 2026,/catalogs/dry-cleaning-catalog.pdf,12,Barbanti tensioning equipment,Barbanti,2012,Silicone Pad,BS-2215,,,1/4 in Silicone Clamp Pad - wires to Cuff Clamp,false,4 required,
dc-barbanti-465-pk-2080,Buckeye Dry Cleaning Pads & Covers 2026,/catalogs/dry-cleaning-catalog.pdf,12,Barbanti tensioning equipment,Barbanti,465,Buck Cover,PK-2080,,,Shoulder Buck Cover,false,,
dc-barbanti-465-2082,Buckeye Dry Cleaning Pads & Covers 2026,/catalogs/dry-cleaning-catalog.pdf,12,Barbanti tensioning equipment,Barbanti,465,Clamp Cover,2082,,,Front Lapel Clamp Cover,false,,
dc-barbanti-465-2084,Buckeye Dry Cleaning Pads & Covers 2026,/catalogs/dry-cleaning-catalog.pdf,12,Barbanti tensioning equipment,Barbanti,465,Extension Bag,2084,,,Extension Bag - Lower Body,false,,
dc-barbanti-465-2086,Buckeye Dry Cleaning Pads & Covers 2026,/catalogs/dry-cleaning-catalog.pdf,12,Barbanti tensioning equipment,Barbanti,465,Clamp Cover,2086,,,Front and Rear Clamp Cover,false,2 required,
dc-barbanti-465-2565,Buckeye Dry Cleaning Pads & Covers 2026,/catalogs/dry-cleaning-catalog.pdf,12,Barbanti tensioning equipment,Barbanti,465,Cover,2565,,,Cover,false,,
dc-barbanti-465-fb-2563,Buckeye Dry Cleaning Pads & Covers 2026,/catalogs/dry-cleaning-catalog.pdf,12,Barbanti tensioning equipment,Barbanti,465,Pad,FB-2563,,,30 oz. Flannel Pad,false,,
dc-barbanti-465-pkfb-1102,Buckeye Dry Cleaning Pads & Covers 2026,/catalogs/dry-cleaning-catalog.pdf,12,Barbanti tensioning equipment,Barbanti,465,Cover/Pad,PKFB-1102,,,Rear Clamp Cover/Pad,false,,
dc-barbanti-510-wa-1104,Buckeye Dry Cleaning Pads & Covers 2026,/catalogs/dry-cleaning-catalog.pdf,12,Barbanti tensioning equipment,Barbanti,510,Clamp Cover,WA-1104,,,Side Clamp Cover,false,Requires 2,
dc-barbanti-510-wafb-1101,Buckeye Dry Cleaning Pads & Covers 2026,/catalogs/dry-cleaning-catalog.pdf,12,Barbanti tensioning equipment,Barbanti,510,Clamp Cover/Pad,WAFB-1101,,,Clamp Cover/Pad,false,Requires 2,
dc-barbanti-510-waju-2622,Buckeye Dry Cleaning Pads & Covers 2026,/catalogs/dry-cleaning-catalog.pdf,12,Barbanti tensioning equipment,Barbanti,510,Clamp Cover/Pad,WAJU-2622,,,Front Clamp Cover/Pad,false,,
dc-barbanti-510-2624,Buckeye Dry Cleaning Pads & Covers 2026,/catalogs/dry-cleaning-catalog.pdf,12,Barbanti tensioning equipment,Barbanti,510,Silicone Pad,2624,,,Long Sleeve Silicone Pad Cuff Clamp Stopper,false,Requires 2,
dc-barbanti-510-wk-2626,Buckeye Dry Cleaning Pads & Covers 2026,/catalogs/dry-cleaning-catalog.pdf,12,Barbanti tensioning equipment,Barbanti,510,Cuff Cover,WK-2626,,,Short Sleeve Cuff Cover,false,Requires 4,
dc-barbanti-510-wk-2628,Buckeye Dry Cleaning Pads & Covers 2026,/catalogs/dry-cleaning-catalog.pdf,12,Barbanti tensioning equipment,Barbanti,510,Clamp Cover,WK-2628,,,Top Holder Clamp Cover,false,Requires 2,
dc-barbanti-510-wk-2564,Buckeye Dry Cleaning Pads & Covers 2026,/catalogs/dry-cleaning-catalog.pdf,12,Barbanti tensioning equipment,Barbanti,510,Clamp Cover,WK-2564,,,Rear Clamp Cover w/Sensor,false,,
dc-bruske-multi-finisher-cover-short-2158,Buckeye Dry Cleaning Pads & Covers 2026,/catalogs/dry-cleaning-catalog.pdf,12,Bruske multi-form finishers,Bruske,Multi-Finisher,Cover,2158,,41 in,Multi-Finisher Cover - Short,false,,
dc-bruske-multi-finisher-cover-long-2164,Buckeye Dry Cleaning Pads & Covers 2026,/catalogs/dry-cleaning-catalog.pdf,12,Bruske multi-form finishers,Bruske,Multi-Finisher,Cover,2164,,54 in,Multi-Finisher Cover - Long,false,,
dc-cissell-ffag-945-universal-fast-fit-cover-52-in-no-cables,Buckeye Dry Cleaning Pads & Covers 2026,/catalogs/dry-cleaning-catalog.pdf,20,Cissell covers and pads for steam air finishers,Cissell,FFAG,Steam Air Finisher Cover,945,,,Universal Fast Fit Cover - 52 in no cables,false,,Cissell steam air finisher section.
dc-cissell-ffag-957-front-clamp-cover-pad,Buckeye Dry Cleaning Pads & Covers 2026,/catalogs/dry-cleaning-catalog.pdf,20,Cissell covers and pads for steam air finishers,Cissell,FFAG,Clamp Cover/Pad,957,,4 x 42,Front Clamp Cover/Pad,false,,Cissell steam air finisher section.
dc-cissell-ffag-922-rear-clamp-cover-pad,Buckeye Dry Cleaning Pads & Covers 2026,/catalogs/dry-cleaning-catalog.pdf,20,Cissell covers and pads for steam air finishers,Cissell,FFAG,Clamp Cover/Pad,922,,4 x 31 1/2,Rear Clamp Cover/Pad,false,,Cissell steam air finisher section.
dc-cissell-ffag-949-steam-air-finisher-cover-with-cables-fg10,Buckeye Dry Cleaning Pads & Covers 2026,/catalogs/dry-cleaning-catalog.pdf,20,Cissell covers and pads for steam air finishers,Cissell,FFAG,Steam Air Finisher Cover,949,,,Steam Air Finisher Cover with cables - FG10,false,,Cissell steam air finisher section.
dc-cissell-ffcg-949-steam-air-finisher-cover-with-cables-fg10,Buckeye Dry Cleaning Pads & Covers 2026,/catalogs/dry-cleaning-catalog.pdf,20,Cissell covers and pads for steam air finishers,Cissell,FFCG,Steam Air Finisher Cover,949,,,Steam Air Finisher Cover with cables - FG10,false,,Cissell steam air finisher section.
dc-cissell-ffcg-957-front-clamp-cover-pad,Buckeye Dry Cleaning Pads & Covers 2026,/catalogs/dry-cleaning-catalog.pdf,20,Cissell covers and pads for steam air finishers,Cissell,FFCG,Clamp Cover/Pad,957,,4 x 42,Front Clamp Cover/Pad,false,,Cissell steam air finisher section.
dc-cissell-ffcg-922-rear-clamp-cover-pad,Buckeye Dry Cleaning Pads & Covers 2026,/catalogs/dry-cleaning-catalog.pdf,20,Cissell covers and pads for steam air finishers,Cissell,FFCG,Clamp Cover/Pad,922,,4 x 31 1/2,Rear Clamp Cover/Pad,false,,Cissell steam air finisher section.
dc-cissell-ffl-945-universal-fast-fit-cover-52-in-no-cables,Buckeye Dry Cleaning Pads & Covers 2026,/catalogs/dry-cleaning-catalog.pdf,20,Cissell covers and pads for steam air finishers,Cissell,FFL,Steam Air Finisher Cover,945,,,Universal Fast Fit Cover - 52 in no cables,false,,Cissell steam air finisher section.
dc-cissell-ffl-957-front-clamp-cover-pad,Buckeye Dry Cleaning Pads & Covers 2026,/catalogs/dry-cleaning-catalog.pdf,20,Cissell covers and pads for steam air finishers,Cissell,FFL,Clamp Cover/Pad,957,,4 x 42,Front Clamp Cover/Pad,false,,Cissell steam air finisher section.
dc-cissell-ffl-922-rear-clamp-cover-pad,Buckeye Dry Cleaning Pads & Covers 2026,/catalogs/dry-cleaning-catalog.pdf,20,Cissell covers and pads for steam air finishers,Cissell,FFL,Clamp Cover/Pad,922,,4 x 31 1/2,Rear Clamp Cover/Pad,false,,Cissell steam air finisher section.
dc-cissell-ffl-944-steam-air-finisher-cover-with-cables-f10l,Buckeye Dry Cleaning Pads & Covers 2026,/catalogs/dry-cleaning-catalog.pdf,20,Cissell covers and pads for steam air finishers,Cissell,FFL,Steam Air Finisher Cover,944,,,Steam Air Finisher Cover with cables - F10L,false,,Cissell steam air finisher section.
dc-cissell-fg-1-943-genie-steam-air-finisher-cover-with-cables-56-in,Buckeye Dry Cleaning Pads & Covers 2026,/catalogs/dry-cleaning-catalog.pdf,20,Cissell covers and pads for steam air finishers,Cissell,FG-1,Steam Air Finisher Cover,943,,,Genie Steam Air Finisher Cover with cables 56 in,false,,"Also references FG-2, F817, F833, and F806 in catalog text."
dc-cissell-fg-2-943-genie-steam-air-finisher-cover-with-cables-56-in,Buckeye Dry Cleaning Pads & Covers 2026,/catalogs/dry-cleaning-catalog.pdf,20,Cissell covers and pads for steam air finishers,Cissell,FG-2,Steam Air Finisher Cover,943,,,Genie Steam Air Finisher Cover with cables 56 in,false,,Related models grouped with FG-1 in catalog text.
dc-cissell-f817-943-genie-steam-air-finisher-cover-with-cables-56-in,Buckeye Dry Cleaning Pads & Covers 2026,/catalogs/dry-cleaning-catalog.pdf,20,Cissell covers and pads for steam air finishers,Cissell,F817,Steam Air Finisher Cover,943,,,Genie Steam Air Finisher Cover with cables 56 in,false,,Related models grouped with FG-1 in catalog text.
dc-cissell-f833-943-genie-steam-air-finisher-cover-with-cables-56-in,Buckeye Dry Cleaning Pads & Covers 2026,/catalogs/dry-cleaning-catalog.pdf,20,Cissell covers and pads for steam air finishers,Cissell,F833,Steam Air Finisher Cover,943,,,Genie Steam Air Finisher Cover with cables 56 in,false,,Related models grouped with FG-1 in catalog text.
dc-cissell-f806-943-genie-steam-air-finisher-cover-with-cables-56-in,Buckeye Dry Cleaning Pads & Covers 2026,/catalogs/dry-cleaning-catalog.pdf,20,Cissell covers and pads for steam air finishers,Cissell,F806,Steam Air Finisher Cover,943,,,Genie Steam Air Finisher Cover with cables 56 in,false,,Related models grouped with FG-1 in catalog text.
dc-cissell-fmfc-956-front-clamp-cover-pad,Buckeye Dry Cleaning Pads & Covers 2026,/catalogs/dry-cleaning-catalog.pdf,20,Cissell covers and pads for steam air finishers,Cissell,FMFC,Clamp Cover/Pad,956,,4 x 36,Front Clamp Cover/Pad,false,,Cissell steam air finisher section.
dc-cissell-fmfc-927-rear-clamp-cover-pad,Buckeye Dry Cleaning Pads & Covers 2026,/catalogs/dry-cleaning-catalog.pdf,20,Cissell covers and pads for steam air finishers,Cissell,FMFC,Clamp Cover/Pad,927,,4 x 25 1/2,Rear Clamp Cover/Pad,false,,Cissell steam air finisher section.
dc-cissell-mr-cissell-945-universal-fast-fit-cover-52-in-no-cables,Buckeye Dry Cleaning Pads & Covers 2026,/catalogs/dry-cleaning-catalog.pdf,20,Cissell covers and pads for steam air finishers,Cissell,Mr. Cissell,Steam Air Finisher Cover,945,,,Universal Fast Fit Cover - 52 in no cables,false,,"Catalog notes CF-100 and use for blazers, jackets, and coats."
dc-cissell-mr-cissell-946-steam-air-finisher-cover-with-cables-fd10-52-in,Buckeye Dry Cleaning Pads & Covers 2026,/catalogs/dry-cleaning-catalog.pdf,20,Cissell covers and pads for steam air finishers,Cissell,Mr. Cissell,Steam Air Finisher Cover,946,,,Steam Air Finisher Cover with cables - FD10 52 in,false,,"Catalog notes CF-100 and use for blazers, jackets, and coats."
dc-cissell-mr-cissell-949-steam-air-finisher-cover-with-cables-fg10-58-in,Buckeye Dry Cleaning Pads & Covers 2026,/catalogs/dry-cleaning-catalog.pdf,20,Cissell covers and pads for steam air finishers,Cissell,Mr. Cissell,Steam Air Finisher Cover,949,,,Steam Air Finisher Cover with cables - FG10 58 in,false,,"Catalog notes CF-100 and use for blazers, jackets, and coats."
dc-cissell-mr-cissell-956-front-clamp-cover-pad,Buckeye Dry Cleaning Pads & Covers 2026,/catalogs/dry-cleaning-catalog.pdf,20,Cissell covers and pads for steam air finishers,Cissell,Mr. Cissell,Clamp Cover/Pad,956,,4 x 36,Front Clamp Cover/Pad,false,,"Catalog notes CF-100 and use for blazers, jackets, and coats."
dc-cissell-mr-cissell-927-rear-clamp-cover-pad,Buckeye Dry Cleaning Pads & Covers 2026,/catalogs/dry-cleaning-catalog.pdf,20,Cissell covers and pads for steam air finishers,Cissell,Mr. Cissell,Clamp Cover/Pad,927,,4 x 25 1/2,Rear Clamp Cover/Pad,false,,"Catalog notes CF-100 and use for blazers, jackets, and coats."
dc-cissell-ms-cissell-1449-steam-air-finisher-cover-no-cables-solid-top,Buckeye Dry Cleaning Pads & Covers 2026,/catalogs/dry-cleaning-catalog.pdf,20,Cissell covers and pads for steam air finishers,Cissell,MS. Cissell,Steam Air Finisher Cover,1449,,,Steam Air Finisher Cover - no cables solid top,false,,Catalog notes CF-600 and says also fits Ajax SAF-4.
dc-cissell-ms-cissell-1457-steam-air-finisher-cover-net-top,Buckeye Dry Cleaning Pads & Covers 2026,/catalogs/dry-cleaning-catalog.pdf,20,Cissell covers and pads for steam air finishers,Cissell,MS. Cissell,Steam Air Finisher Cover,1457,,,Steam Air Finisher Cover - net top,false,,Catalog notes CF-600 and says also fits Ajax SAF-4.
dc-cissell-ms-cissell-956-front-clamp-cover-pad,Buckeye Dry Cleaning Pads & Covers 2026,/catalogs/dry-cleaning-catalog.pdf,20,Cissell covers and pads for steam air finishers,Cissell,MS. Cissell,Clamp Cover/Pad,956,,4 x 36,Front Clamp Cover/Pad,false,,Catalog notes CF-600 and says also fits Ajax SAF-4.
dc-cissell-ms-cissell-927-rear-clamp-cover-pad,Buckeye Dry Cleaning Pads & Covers 2026,/catalogs/dry-cleaning-catalog.pdf,20,Cissell covers and pads for steam air finishers,Cissell,MS. Cissell,Clamp Cover/Pad,927,,4 x 25 1/2,Rear Clamp Cover/Pad,false,,Catalog notes CF-600 and says also fits Ajax SAF-4.
dc-cissell-sensi-form-945-universal-fast-fit-cover-52-in-no-cables,Buckeye Dry Cleaning Pads & Covers 2026,/catalogs/dry-cleaning-catalog.pdf,20,Cissell covers and pads for steam air finishers,Cissell,Sensi-Form,Steam Air Finisher Cover,945,,,Universal Fast Fit Cover - 52 in no cables,false,,Catalog notes CF-600 and use for full length garments.
dc-cissell-sensi-form-1437-steam-air-finisher-cover-with-cables,Buckeye Dry Cleaning Pads & Covers 2026,/catalogs/dry-cleaning-catalog.pdf,20,Cissell covers and pads for steam air finishers,Cissell,Sensi-Form,Steam Air Finisher Cover,1437,,,Steam Air Finisher Cover with cables,false,,Catalog notes CF-600 and use for full length garments.
dc-cissell-sensi-form-956-front-clamp-cover-pad,Buckeye Dry Cleaning Pads & Covers 2026,/catalogs/dry-cleaning-catalog.pdf,20,Cissell covers and pads for steam air finishers,Cissell,Sensi-Form,Clamp Cover/Pad,956,,4 x 36,Front Clamp Cover/Pad,false,,Catalog notes CF-600 and use for full length garments.
dc-cissell-suzie-ii-945-universal-fast-fit-cover-52-in-no-cables,Buckeye Dry Cleaning Pads & Covers 2026,/catalogs/dry-cleaning-catalog.pdf,20,Cissell covers and pads for steam air finishers,Cissell,Suzie II,Steam Air Finisher Cover,945,,,Universal Fast Fit Cover - 52 in no cables,false,,"Catalog references F817, F833, and F806."
dc-cissell-suzie-ii-943-genie-steam-air-finisher-cover-with-cables-56-in,Buckeye Dry Cleaning Pads & Covers 2026,/catalogs/dry-cleaning-catalog.pdf,20,Cissell covers and pads for steam air finishers,Cissell,Suzie II,Steam Air Finisher Cover,943,,,Genie Steam Air Finisher Cover with cables 56 in,false,,"Catalog references F817, F833, and F806."
dc-cissell-suzie-ii-956-front-clamp-cover-pad,Buckeye Dry Cleaning Pads & Covers 2026,/catalogs/dry-cleaning-catalog.pdf,20,Cissell covers and pads for steam air finishers,Cissell,Suzie II,Clamp Cover/Pad,956,,4 x 36,Front Clamp Cover/Pad,false,,"Catalog references F817, F833, and F806."
dc-cissell-suzie-ii-927-rear-clamp-cover-pad,Buckeye Dry Cleaning Pads & Covers 2026,/catalogs/dry-cleaning-catalog.pdf,20,Cissell covers and pads for steam air finishers,Cissell,Suzie II,Clamp Cover/Pad,927,,4 x 25 1/2,Rear Clamp Cover/Pad,false,,"Catalog references F817, F833, and F806."
dc-cissell-most-cissell-saf-models-947-net-overbag,Buckeye Dry Cleaning Pads & Covers 2026,/catalogs/dry-cleaning-catalog.pdf,20,Cissell covers and pads for steam air finishers,Cissell,Most Cissell SAF Models,Steam Air Finisher Cover,947,,,Net Overbag,false,,General Cissell SAF models.
dc-cissell-most-cissell-saf-models-906-steam-air-finisher-cover-with-net-top-no-cables-52-in,Buckeye Dry Cleaning Pads & Covers 2026,/catalogs/dry-cleaning-catalog.pdf,20,Cissell covers and pads for steam air finishers,Cissell,Most Cissell SAF Models,Steam Air Finisher Cover,906,,,Steam Air Finisher Cover with net top no cables 52 in,false,,General Cissell SAF models.
dc-cissell-most-cissell-saf-models-908-steam-air-finisher-cover-with-net-top-no-cables-56-in,Buckeye Dry Cleaning Pads & Covers 2026,/catalogs/dry-cleaning-catalog.pdf,20,Cissell covers and pads for steam air finishers,Cissell,Most Cissell SAF Models,Steam Air Finisher Cover,908,,,Steam Air Finisher Cover with net top no cables 56 in,false,,General Cissell SAF models.
dc-colmac-topcat-1843-cover-pad-set,Buckeye Dry Cleaning Pads & Covers 2026,/catalogs/dry-cleaning-catalog.pdf,21,Colmac covers and pads for pant toppers,Colmac,TOPCAT,Cover/Pad Set,1843,,,Cover and Pad Set for Pants Topper,false,,
dc-dynamic-dl-280-b-pro-899,Buckeye Dry Cleaning Pads & Covers 2026,/catalogs/dry-cleaning-catalog.pdf,22,Dynamic buck pads and head plates,Dynamic,DL-280-B,Pad/Cover,PRO-899,Tan Pro-Finish 861,47 x 18 x 13,Legger w/cut-out square end,true,,
dc-dynamic-dl-280-b-rpro-899,Buckeye Dry Cleaning Pads & Covers 2026,/catalogs/dry-cleaning-catalog.pdf,22,Dynamic buck pads and head plates,Dynamic,DL-280-B,Pad/Cover,RPRO-899,Red Pro-Finish 861,47 x 18 x 13,Legger w/cut-out square end,true,,
dc-dynamic-dl-280-b-mfhp-163,Buckeye Dry Cleaning Pads & Covers 2026,/catalogs/dry-cleaning-catalog.pdf,22,Dynamic buck pads and head plates,Dynamic,DL-280-B,Head Plate,MFHP-163,White Master Finish,47 x 18 x 13,Legger w/cut-out square end,true,,
dc-dynamic-dl-280-b-bmfhp-163,Buckeye Dry Cleaning Pads & Covers 2026,/catalogs/dry-cleaning-catalog.pdf,22,Dynamic buck pads and head plates,Dynamic,DL-280-B,Head Plate,BMFHP-163,Black Master Finish,47 x 18 x 13,Legger w/cut-out square end,true,,
dc-dynamic-dl-280-b-tgp-163,Buckeye Dry Cleaning Pads & Covers 2026,/catalogs/dry-cleaning-catalog.pdf,22,Dynamic buck pads and head plates,Dynamic,DL-280-B,Teflon Grid Plate,TGP-163,Teflon Grid Plate,47 x 18 x 13,Legger w/cut-out square end,true,,
dc-dynamic-du-280-b-pro-883,Buckeye Dry Cleaning Pads & Covers 2026,/catalogs/dry-cleaning-catalog.pdf,22,Dynamic buck pads and head plates,Dynamic,DU-280-B,Pad/Cover,PRO-883,Tan Pro-Finish 861,47 x 15 x 11 1/2,Utility,true,,
dc-dynamic-du-280-b-rpro-883,Buckeye Dry Cleaning Pads & Covers 2026,/catalogs/dry-cleaning-catalog.pdf,22,Dynamic buck pads and head plates,Dynamic,DU-280-B,Pad/Cover,RPRO-883,Red Pro-Finish 861,47 x 15 x 11 1/2,Utility,true,,
dc-dynamic-du-280-b-mfhp-129,Buckeye Dry Cleaning Pads & Covers 2026,/catalogs/dry-cleaning-catalog.pdf,22,Dynamic buck pads and head plates,Dynamic,DU-280-B,Head Plate,MFHP-129,White Master Finish,47 x 15 x 11 1/2,Utility,true,,
dc-dynamic-du-280-b-bmfhp-129,Buckeye Dry Cleaning Pads & Covers 2026,/catalogs/dry-cleaning-catalog.pdf,22,Dynamic buck pads and head plates,Dynamic,DU-280-B,Head Plate,BMFHP-129,Black Master Finish,47 x 15 x 11 1/2,Utility,true,,
dc-dynamic-du-280-b-tgp-129,Buckeye Dry Cleaning Pads & Covers 2026,/catalogs/dry-cleaning-catalog.pdf,22,Dynamic buck pads and head plates,Dynamic,DU-280-B,Teflon Grid Plate,TGP-129,Teflon Grid Plate,47 x 15 x 11 1/2,Utility,true,,
dc-eastern-sw-42-pro-1770,Buckeye Dry Cleaning Pads & Covers 2026,/catalogs/dry-cleaning-catalog.pdf,22,Eastern Machinery buck pads and head plates,Eastern Machinery,SW-42,Pad/Cover,PRO-1770,Tan Pro-Finish 861,42 x 12 x 9,Utility,true,,
dc-eastern-sw-42-rpro-1770,Buckeye Dry Cleaning Pads & Covers 2026,/catalogs/dry-cleaning-catalog.pdf,22,Eastern Machinery buck pads and head plates,Eastern Machinery,SW-42,Pad/Cover,RPRO-1770,Red Pro-Finish 861,42 x 12 x 9,Utility,true,,
dc-eastern-sw-42-mfhp-237,Buckeye Dry Cleaning Pads & Covers 2026,/catalogs/dry-cleaning-catalog.pdf,22,Eastern Machinery buck pads and head plates,Eastern Machinery,SW-42,Head Plate,MFHP-237,White Master Finish,42 x 12 x 9,Utility,true,,
dc-eastern-sw-42-bmfhp-237,Buckeye Dry Cleaning Pads & Covers 2026,/catalogs/dry-cleaning-catalog.pdf,22,Eastern Machinery buck pads and head plates,Eastern Machinery,SW-42,Head Plate,BMFHP-237,Black Master Finish,42 x 12 x 9,Utility,true,,
dc-eastern-sw-42-tgp-237,Buckeye Dry Cleaning Pads & Covers 2026,/catalogs/dry-cleaning-catalog.pdf,22,Eastern Machinery buck pads and head plates,Eastern Machinery,SW-42,Teflon Grid Plate,TGP-237,Teflon Grid Plate,42 x 12 x 9,Utility,true,,
dc-eastern-sw-45-pro-1768,Buckeye Dry Cleaning Pads & Covers 2026,/catalogs/dry-cleaning-catalog.pdf,22,Eastern Machinery buck pads and head plates,Eastern Machinery,SW-45,Pad/Cover,PRO-1768,Tan Pro-Finish 861,43 3/4 x 18 x 9,Legger w/cut-out,true,,
dc-eastern-sw-45-rpro-1768,Buckeye Dry Cleaning Pads & Covers 2026,/catalogs/dry-cleaning-catalog.pdf,22,Eastern Machinery buck pads and head plates,Eastern Machinery,SW-45,Pad/Cover,RPRO-1768,Red Pro-Finish 861,43 3/4 x 18 x 9,Legger w/cut-out,true,,
dc-eastern-sw-45-mfhp-225,Buckeye Dry Cleaning Pads & Covers 2026,/catalogs/dry-cleaning-catalog.pdf,22,Eastern Machinery buck pads and head plates,Eastern Machinery,SW-45,Head Plate,MFHP-225,White Master Finish,43 3/4 x 18 x 9,Legger w/cut-out,true,,
dc-eastern-sw-45-bmfhp-225,Buckeye Dry Cleaning Pads & Covers 2026,/catalogs/dry-cleaning-catalog.pdf,22,Eastern Machinery buck pads and head plates,Eastern Machinery,SW-45,Head Plate,BMFHP-225,Black Master Finish,43 3/4 x 18 x 9,Legger w/cut-out,true,,
dc-eastern-sw-45-tgp-225,Buckeye Dry Cleaning Pads & Covers 2026,/catalogs/dry-cleaning-catalog.pdf,22,Eastern Machinery buck pads and head plates,Eastern Machinery,SW-45,Teflon Grid Plate,TGP-225,Teflon Grid Plate,43 3/4 x 18 x 9,Legger w/cut-out,true,,
dc-fimas-310-1872-cover-sleeveless,Buckeye Dry Cleaning Pads & Covers 2026,/catalogs/dry-cleaning-catalog.pdf,23,"Fimas covers, pads, and tensioning equipment",Fimas,310,Cover,1872,,,Cover sleeveless,false,,
dc-fimas-311-1852-cover-with-sleeves,Buckeye Dry Cleaning Pads & Covers 2026,/catalogs/dry-cleaning-catalog.pdf,23,"Fimas covers, pads, and tensioning equipment",Fimas,311,Cover,1852,,,Cover with sleeves,false,,
dc-fimas-370-1987-cover-rotating-buck,Buckeye Dry Cleaning Pads & Covers 2026,/catalogs/dry-cleaning-catalog.pdf,23,"Fimas covers, pads, and tensioning equipment",Fimas,370,Cover,1987,,,Cover rotating buck,false,,May include model 370 pants topper listed in catalog.
dc-fimas-370-1950-pants-topper-cover,Buckeye Dry Cleaning Pads & Covers 2026,/catalogs/dry-cleaning-catalog.pdf,23,"Fimas covers, pads, and tensioning equipment",Fimas,370,Pants Topper Cover,1950,,,Pants topper cover,false,,
dc-fimas-375-wk-2043-expander-cover,Buckeye Dry Cleaning Pads & Covers 2026,/catalogs/dry-cleaning-catalog.pdf,23,"Fimas covers, pads, and tensioning equipment",Fimas,375,Expander Cover,WK-2043,,4 x 8,Expander cover,false,2 required,
dc-fimas-380-wkdb-2046-expander-cover-pad,Buckeye Dry Cleaning Pads & Covers 2026,/catalogs/dry-cleaning-catalog.pdf,23,"Fimas covers, pads, and tensioning equipment",Fimas,380,Expander Cover/Pad,WKDB-2046,,7 1/2 x 9,Expander cover/pad,false,2 required,
dc-fimas-386-1099-cover,Buckeye Dry Cleaning Pads & Covers 2026,/catalogs/dry-cleaning-catalog.pdf,23,"Fimas covers, pads, and tensioning equipment",Fimas,386,Cover,1099,,,Cover,false,,
dc-fimas-386-pk-2080-shoulder-buck-cover,Buckeye Dry Cleaning Pads & Covers 2026,/catalogs/dry-cleaning-catalog.pdf,23,"Fimas covers, pads, and tensioning equipment",Fimas,386,Buck Cover,PK-2080,,,Shoulder Buck Cover,false,,
dc-fimas-386-2640-extension-bag-for-lower-body,Buckeye Dry Cleaning Pads & Covers 2026,/catalogs/dry-cleaning-catalog.pdf,23,"Fimas covers, pads, and tensioning equipment",Fimas,386,Extension Bag,2640,,,Extension Bag for Lower Body,false,,
dc-fimas-386-2086-front-and-rear-clamp-cover,Buckeye Dry Cleaning Pads & Covers 2026,/catalogs/dry-cleaning-catalog.pdf,23,"Fimas covers, pads, and tensioning equipment",Fimas,386,Clamp Cover,2086,,,Front and Rear Clamp Cover,false,Requires 2,
dc-fimas-386-fb-1096-30-oz-bonn-e-blue-flannel-pad,Buckeye Dry Cleaning Pads & Covers 2026,/catalogs/dry-cleaning-catalog.pdf,23,"Fimas covers, pads, and tensioning equipment",Fimas,386,Pad,FB-1096,,,30 oz. Bonn-E-Blue Flannel Pad,false,,
dc-fimas-386-wa-1104-side-clamp-cover,Buckeye Dry Cleaning Pads & Covers 2026,/catalogs/dry-cleaning-catalog.pdf,23,"Fimas covers, pads, and tensioning equipment",Fimas,386,Clamp Cover,WA-1104,,,Side Clamp Cover,false,2 required,
dc-fimas-386-wafb-1101-front-clamp-cover-pad,Buckeye Dry Cleaning Pads & Covers 2026,/catalogs/dry-cleaning-catalog.pdf,23,"Fimas covers, pads, and tensioning equipment",Fimas,386,Clamp Cover/Pad,WAFB-1101,,,Front Clamp Cover/Pad,false,2 required,
dc-fimas-386-waju-1103-front-blade-cover,Buckeye Dry Cleaning Pads & Covers 2026,/catalogs/dry-cleaning-catalog.pdf,23,"Fimas covers, pads, and tensioning equipment",Fimas,386,Blade Cover,WAJU-1103,,4 x 32,Front Blade Cover,false,,
dc-fimas-376-379-pk-2080-shoulder-buck-cover,Buckeye Dry Cleaning Pads & Covers 2026,/catalogs/dry-cleaning-catalog.pdf,23,"Fimas covers, pads, and tensioning equipment",Fimas,376/379,Buck Cover,PK-2080,,,Shoulder Buck Cover,false,,
dc-fimas-376-379-2082-front-lapel-clamp-cover,Buckeye Dry Cleaning Pads & Covers 2026,/catalogs/dry-cleaning-catalog.pdf,23,"Fimas covers, pads, and tensioning equipment",Fimas,376/379,Clamp Cover,2082,,,Front Lapel Clamp Cover,false,,
dc-fimas-376-379-2084-extension-bag-for-lower-body,Buckeye Dry Cleaning Pads & Covers 2026,/catalogs/dry-cleaning-catalog.pdf,23,"Fimas covers, pads, and tensioning equipment",Fimas,376/379,Extension Bag,2084,,,Extension Bag for Lower Body,false,,
dc-fimas-376-379-2086-front-and-rear-clamp-cover,Buckeye Dry Cleaning Pads & Covers 2026,/catalogs/dry-cleaning-catalog.pdf,23,"Fimas covers, pads, and tensioning equipment",Fimas,376/379,Clamp Cover,2086,,,Front and Rear Clamp Cover,false,2 required,
dc-fimas-376-379-pkfb-1102-rear-clamp-cover-pad,Buckeye Dry Cleaning Pads & Covers 2026,/catalogs/dry-cleaning-catalog.pdf,23,"Fimas covers, pads, and tensioning equipment",Fimas,376/379,Cover/Pad,PKFB-1102,,,Rear Clamp Cover/Pad,false,,
dc-fimas-376-379-fm-1108-cuff-clamp-cover-with-silicone-foam-pads,Buckeye Dry Cleaning Pads & Covers 2026,/catalogs/dry-cleaning-catalog.pdf,23,"Fimas covers, pads, and tensioning equipment",Fimas,376/379,Clamp Cover,FM-1108,,,Cuff Clamp Cover with Silicone Foam Pads,false,4 required,
dc-ironing-board-barbanti-pnd5000b-hs-1436,Buckeye Dry Cleaning Pads & Covers 2026,/catalogs/dry-cleaning-catalog.pdf,24,Finishing - Ironing Boards covers and pads,Barbanti,PND5000B,Aramid Cover,HS-1436,Hi-Spun Aramid,50 x 20 x 7,Finishing/Ironing Board,false,,
dc-ironing-board-barbanti-pnd5000b-pk-1436,Buckeye Dry Cleaning Pads & Covers 2026,/catalogs/dry-cleaning-catalog.pdf,24,Finishing - Ironing Boards covers and pads,Barbanti,PND5000B,Pro-Knit Cover,PK-1436,Pro-Knit,50 x 20 x 7,Finishing/Ironing Board,false,,
dc-ironing-board-barbanti-pnd5000b-hb-1436,Buckeye Dry Cleaning Pads & Covers 2026,/catalogs/dry-cleaning-catalog.pdf,24,Finishing - Ironing Boards covers and pads,Barbanti,PND5000B,Pad,HB-1436,50 oz. Bonn-E-Blue,50 x 20 x 7,Finishing/Ironing Board,false,,
dc-ironing-board-bishop-puff-n-iron-hs-724,Buckeye Dry Cleaning Pads & Covers 2026,/catalogs/dry-cleaning-catalog.pdf,24,Finishing - Ironing Boards covers and pads,Bishop,Puff-N-Iron,Aramid Cover,HS-724,Hi-Spun Aramid,39 x 13 1/2 x 7 1/4,Finishing/Ironing Board,false,,
dc-ironing-board-bishop-puff-n-iron-hb-724,Buckeye Dry Cleaning Pads & Covers 2026,/catalogs/dry-cleaning-catalog.pdf,24,Finishing - Ironing Boards covers and pads,Bishop,Puff-N-Iron,Pad,HB-724,50 oz. Bonn-E-Blue,39 x 13 1/2 x 7 1/4,Finishing/Ironing Board,false,,
dc-ironing-board-bishop-swing-arm-hs-1381,Buckeye Dry Cleaning Pads & Covers 2026,/catalogs/dry-cleaning-catalog.pdf,24,Finishing - Ironing Boards covers and pads,Bishop,Swing Arm,Aramid Cover,HS-1381,Hi-Spun Aramid,20 x 12 x 10,Finishing/Ironing Board,false,,
dc-ironing-board-bishop-swing-arm-hb-1381,Buckeye Dry Cleaning Pads & Covers 2026,/catalogs/dry-cleaning-catalog.pdf,24,Finishing - Ironing Boards covers and pads,Bishop,Swing Arm,Pad,HB-1381,50 oz. Bonn-E-Blue,20 x 12 x 10,Finishing/Ironing Board,false,,
dc-ironing-board-bmstiro-1501-pbfm-2019,Buckeye Dry Cleaning Pads & Covers 2026,/catalogs/dry-cleaning-catalog.pdf,24,Finishing - Ironing Boards covers and pads,BMStiro,1501,Combo Pad/Cover,PBFM-2019,Combo Pad/Cover,51 x 21 1/2 x 14,Finishing/Ironing Board,false,,
dc-ironing-board-bmstiro-1502-pbfm-2020,Buckeye Dry Cleaning Pads & Covers 2026,/catalogs/dry-cleaning-catalog.pdf,24,Finishing - Ironing Boards covers and pads,BMStiro,1502,Combo Pad/Cover,PBFM-2020,Combo Pad/Cover,54 x 21 1/2 x 14,Finishing/Ironing Board,false,,
dc-ironing-board-bruske-fm-2e-hs-1956,Buckeye Dry Cleaning Pads & Covers 2026,/catalogs/dry-cleaning-catalog.pdf,24,Finishing - Ironing Boards covers and pads,Bruske,FM-2E,Aramid Cover,HS-1956,Hi-Spun Aramid,60 x 23 x 14,Finishing/Ironing Board,false,,
dc-ironing-board-bruske-fm-2e-pk-1956,Buckeye Dry Cleaning Pads & Covers 2026,/catalogs/dry-cleaning-catalog.pdf,24,Finishing - Ironing Boards covers and pads,Bruske,FM-2E,Pro-Knit Cover,PK-1956,Pro-Knit,60 x 23 x 14,Finishing/Ironing Board,false,,
dc-ironing-board-bruske-fm-2e-hb-1956,Buckeye Dry Cleaning Pads & Covers 2026,/catalogs/dry-cleaning-catalog.pdf,24,Finishing - Ironing Boards covers and pads,Bruske,FM-2E,Pad,HB-1956,50 oz. Bonn-E-Blue,60 x 23 x 14,Finishing/Ironing Board,false,,
dc-ironing-board-cissell-a-c-hs-717,Buckeye Dry Cleaning Pads & Covers 2026,/catalogs/dry-cleaning-catalog.pdf,24,Finishing - Ironing Boards covers and pads,Cissell,A & C,Aramid Cover,HS-717,Hi-Spun Aramid,46 x 13 x 8 1/2,Finishing/Ironing Board,false,,Catalog row includes pleat setter FBC41 small and FB152 large options.
dc-ironing-board-cissell-a-c-pk-717,Buckeye Dry Cleaning Pads & Covers 2026,/catalogs/dry-cleaning-catalog.pdf,24,Finishing - Ironing Boards covers and pads,Cissell,A & C,Pro-Knit Cover,PK-717,Pro-Knit,46 x 13 x 8 1/2,Finishing/Ironing Board,false,,Catalog row includes pleat setter FBC41 small and FB152 large options.
dc-ironing-board-cissell-a-c-hb-717,Buckeye Dry Cleaning Pads & Covers 2026,/catalogs/dry-cleaning-catalog.pdf,24,Finishing - Ironing Boards covers and pads,Cissell,A & C,Pad,HB-717,50 oz. Bonn-E-Blue,46 x 13 x 8 1/2,Finishing/Ironing Board,false,,Catalog row includes pleat setter FBC41 small and FB152 large options.
dc-ironing-board-cissell-pleat-setter-fbc41-small-cpdb-984,Buckeye Dry Cleaning Pads & Covers 2026,/catalogs/dry-cleaning-catalog.pdf,24,Finishing - Ironing Boards covers and pads,Cissell,Pleat Setter FBC41 Small,Combo Pad/Cover,CPDB-984,Combo Pad/Cover,46 x 13 x 8 1/2,Finishing/Ironing Board,false,,
dc-ironing-board-cissell-pleat-setter-fb152-large-cpdb-991,Buckeye Dry Cleaning Pads & Covers 2026,/catalogs/dry-cleaning-catalog.pdf,24,Finishing - Ironing Boards covers and pads,Cissell,Pleat Setter FB152 Large,Combo Pad/Cover,CPDB-991,Combo Pad/Cover,46 x 13 x 8 1/2,Finishing/Ironing Board,false,,
dc-ironing-board-cissell-gma-5-hs-1616,Buckeye Dry Cleaning Pads & Covers 2026,/catalogs/dry-cleaning-catalog.pdf,24,Finishing - Ironing Boards covers and pads,Cissell,GMA-5,Aramid Cover,HS-1616,Hi-Spun Aramid,54 x 14 x 6,Finishing/Ironing Board,false,,
dc-ironing-board-cissell-gma-5-hb-1616,Buckeye Dry Cleaning Pads & Covers 2026,/catalogs/dry-cleaning-catalog.pdf,24,Finishing - Ironing Boards covers and pads,Cissell,GMA-5,Pad,HB-1616,50 oz. Bonn-E-Blue,54 x 14 x 6,Finishing/Ironing Board,false,,
dc-ironing-board-cissell-gma-6-hs-1608,Buckeye Dry Cleaning Pads & Covers 2026,/catalogs/dry-cleaning-catalog.pdf,24,Finishing - Ironing Boards covers and pads,Cissell,GMA-6,Aramid Cover,HS-1608,Hi-Spun Aramid,54 x 22 1/2 x 8 1/2,Finishing/Ironing Board,false,,
dc-ironing-board-cissell-gma-6-hb-1608,Buckeye Dry Cleaning Pads & Covers 2026,/catalogs/dry-cleaning-catalog.pdf,24,Finishing - Ironing Boards covers and pads,Cissell,GMA-6,Pad,HB-1608,50 oz. Bonn-E-Blue,54 x 22 1/2 x 8 1/2,Finishing/Ironing Board,false,,
dc-ironing-board-cissell-38-in-metal-hs-693,Buckeye Dry Cleaning Pads & Covers 2026,/catalogs/dry-cleaning-catalog.pdf,24,Finishing - Ironing Boards covers and pads,Cissell,38 in Metal,Aramid Cover,HS-693,Hi-Spun Aramid,39 x 12 x 8,Finishing/Ironing Board,false,,
dc-ironing-board-cissell-38-in-metal-hb-693,Buckeye Dry Cleaning Pads & Covers 2026,/catalogs/dry-cleaning-catalog.pdf,24,Finishing - Ironing Boards covers and pads,Cissell,38 in Metal,Pad,HB-693,50 oz. Bonn-E-Blue,39 x 12 x 8,Finishing/Ironing Board,false,,
dc-ironing-board-cissell-52-in-metal-with-46-in-ironing-surface-hs-504,Buckeye Dry Cleaning Pads & Covers 2026,/catalogs/dry-cleaning-catalog.pdf,24,Finishing - Ironing Boards covers and pads,Cissell,52 in Metal with 46 in Ironing Surface,Aramid Cover,HS-504,Hi-Spun Aramid,45 x 15 x 10,Finishing/Ironing Board,false,,
dc-ironing-board-cissell-52-in-metal-with-46-in-ironing-surface-hb-504,Buckeye Dry Cleaning Pads & Covers 2026,/catalogs/dry-cleaning-catalog.pdf,24,Finishing - Ironing Boards covers and pads,Cissell,52 in Metal with 46 in Ironing Surface,Pad,HB-504,50 oz. Bonn-E-Blue,45 x 15 x 10,Finishing/Ironing Board,false,,
dc-ironing-board-cissell-s-h-52-in-hs-1032,Buckeye Dry Cleaning Pads & Covers 2026,/catalogs/dry-cleaning-catalog.pdf,24,Finishing - Ironing Boards covers and pads,Cissell,S-H 52 in,Aramid Cover,HS-1032,Hi-Spun Aramid,46 x 18 x 6 1/2,Finishing/Ironing Board,false,,
dc-ironing-board-cissell-s-h-52-in-hb-1032,Buckeye Dry Cleaning Pads & Covers 2026,/catalogs/dry-cleaning-catalog.pdf,24,Finishing - Ironing Boards covers and pads,Cissell,S-H 52 in,Pad,HB-1032,50 oz. Bonn-E-Blue,46 x 18 x 6 1/2,Finishing/Ironing Board,false,,
dc-ironing-board-cissell-wood-top-with-46-in-ironing-surface-hs-504,Buckeye Dry Cleaning Pads & Covers 2026,/catalogs/dry-cleaning-catalog.pdf,24,Finishing - Ironing Boards covers and pads,Cissell,Wood Top with 46 in Ironing Surface,Aramid Cover,HS-504,Hi-Spun Aramid,46 x 13 x 8 1/2,Finishing/Ironing Board,false,,
dc-ironing-board-cissell-wood-top-with-46-in-ironing-surface-hb-504,Buckeye Dry Cleaning Pads & Covers 2026,/catalogs/dry-cleaning-catalog.pdf,24,Finishing - Ironing Boards covers and pads,Cissell,Wood Top with 46 in Ironing Surface,Pad,HB-504,50 oz. Bonn-E-Blue,46 x 13 x 8 1/2,Finishing/Ironing Board,false,,
dc-ironing-board-elco-ironing-board-hs-650,Buckeye Dry Cleaning Pads & Covers 2026,/catalogs/dry-cleaning-catalog.pdf,24,Finishing - Ironing Boards covers and pads,Elco,Ironing Board,Aramid Cover,HS-650,Hi-Spun Aramid,42 1/2 x 14 1/2 x 8,Finishing/Ironing Board,false,,
dc-ironing-board-elco-ironing-board-hb-650,Buckeye Dry Cleaning Pads & Covers 2026,/catalogs/dry-cleaning-catalog.pdf,24,Finishing - Ironing Boards covers and pads,Elco,Ironing Board,Pad,HB-650,50 oz. Bonn-E-Blue,42 1/2 x 14 1/2 x 8,Finishing/Ironing Board,false,,
dc-ironing-board-fimas-102-103-hs-1956,Buckeye Dry Cleaning Pads & Covers 2026,/catalogs/dry-cleaning-catalog.pdf,24,Finishing - Ironing Boards covers and pads,Fimas,102/103,Aramid Cover,HS-1956,Hi-Spun Aramid,60 x 23 x 14,Finishing/Ironing Board,false,,
dc-ironing-board-fimas-102-103-pk-1956,Buckeye Dry Cleaning Pads & Covers 2026,/catalogs/dry-cleaning-catalog.pdf,24,Finishing - Ironing Boards covers and pads,Fimas,102/103,Pro-Knit Cover,PK-1956,Pro-Knit,60 x 23 x 14,Finishing/Ironing Board,false,,
dc-ironing-board-fimas-102-103-fm-1956,Buckeye Dry Cleaning Pads & Covers 2026,/catalogs/dry-cleaning-catalog.pdf,24,Finishing - Ironing Boards covers and pads,Fimas,102/103,Pad,FM-1956,50 oz. Bonn-E-Blue,60 x 23 x 14,Finishing/Ironing Board,false,,
dc-ironing-board-fimas-150-hs-2332,Buckeye Dry Cleaning Pads & Covers 2026,/catalogs/dry-cleaning-catalog.pdf,24,Finishing - Ironing Boards covers and pads,Fimas,150,Aramid Cover,HS-2332,Hi-Spun Aramid,43 x 14 x 11,Finishing/Ironing Board,false,,
dc-ironing-board-fimas-150-hb-2332,Buckeye Dry Cleaning Pads & Covers 2026,/catalogs/dry-cleaning-catalog.pdf,24,Finishing - Ironing Boards covers and pads,Fimas,150,Pad,HB-2332,50 oz. Bonn-E-Blue,43 x 14 x 11,Finishing/Ironing Board,false,,
dc-ironing-board-fimas-159-hs-1552,Buckeye Dry Cleaning Pads & Covers 2026,/catalogs/dry-cleaning-catalog.pdf,24,Finishing - Ironing Boards covers and pads,Fimas,159,Aramid Cover,HS-1552,Hi-Spun Aramid,45 x 16 x 9 1/2,Finishing/Ironing Board,false,,
dc-ironing-board-fimas-159-hb-1552,Buckeye Dry Cleaning Pads & Covers 2026,/catalogs/dry-cleaning-catalog.pdf,24,Finishing - Ironing Boards covers and pads,Fimas,159,Pad,HB-1552,50 oz. Bonn-E-Blue,45 x 16 x 9 1/2,Finishing/Ironing Board,false,,
dc-ironing-board-fimas-168-pk-2221,Buckeye Dry Cleaning Pads & Covers 2026,/catalogs/dry-cleaning-catalog.pdf,24,Finishing - Ironing Boards covers and pads,Fimas,168,Pro-Knit Cover,PK-2221,Pro-Knit,47 x 19 x 14,Finishing/Ironing Board,false,,
dc-ironing-board-fimas-168-hb-2221,Buckeye Dry Cleaning Pads & Covers 2026,/catalogs/dry-cleaning-catalog.pdf,24,Finishing - Ironing Boards covers and pads,Fimas,168,Pad,HB-2221,50 oz. Bonn-E-Blue,47 x 19 x 14,Finishing/Ironing Board,false,,
dc-ironing-board-fimas-174-22-hs-1643,Buckeye Dry Cleaning Pads & Covers 2026,/catalogs/dry-cleaning-catalog.pdf,24,Finishing - Ironing Boards covers and pads,Fimas,174.22,Aramid Cover,HS-1643,Hi-Spun Aramid,37 1/4 x 71,Finishing/Ironing Board,false,,
dc-ironing-board-fimas-174-22-pk-1643,Buckeye Dry Cleaning Pads & Covers 2026,/catalogs/dry-cleaning-catalog.pdf,24,Finishing - Ironing Boards covers and pads,Fimas,174.22,Pro-Knit Cover,PK-1643,Pro-Knit,37 1/4 x 71,Finishing/Ironing Board,false,,
dc-ironing-board-fimas-174-22-hb-1643,Buckeye Dry Cleaning Pads & Covers 2026,/catalogs/dry-cleaning-catalog.pdf,24,Finishing - Ironing Boards covers and pads,Fimas,174.22,Pad,HB-1643,50 oz. Bonn-E-Blue,37 1/4 x 71,Finishing/Ironing Board,false,,
dc-ironing-board-fimas-307-pk-2058,Buckeye Dry Cleaning Pads & Covers 2026,/catalogs/dry-cleaning-catalog.pdf,24,Finishing - Ironing Boards covers and pads,Fimas,307,Pro-Knit Cover,PK-2058,Pro-Knit,50 1/2 x 19 1/2 x 9,Finishing/Ironing Board,false,,
dc-ironing-board-fimas-307-fb-2058,Buckeye Dry Cleaning Pads & Covers 2026,/catalogs/dry-cleaning-catalog.pdf,24,Finishing - Ironing Boards covers and pads,Fimas,307,Pad,FB-2058,50 oz. Bonn-E-Blue,50 1/2 x 19 1/2 x 9,Finishing/Ironing Board,false,,
dc-ironing-board-forenta-8tbe-8tbs-hs-1459,Buckeye Dry Cleaning Pads & Covers 2026,/catalogs/dry-cleaning-catalog.pdf,24,Finishing - Ironing Boards covers and pads,Forenta,8TBE/8TBS,Aramid Cover,HS-1459,Hi-Spun Aramid,38 x 12 1/2 x 8 1/2,Finishing/Ironing Board,false,,
dc-ironing-board-forenta-8tbe-8tbs-hb-1459,Buckeye Dry Cleaning Pads & Covers 2026,/catalogs/dry-cleaning-catalog.pdf,24,Finishing - Ironing Boards covers and pads,Forenta,8TBE/8TBS,Pad,HB-1459,50 oz. Bonn-E-Blue,38 x 12 1/2 x 8 1/2,Finishing/Ironing Board,false,,
dc-ironing-board-forenta-46-svb-pleat-setter-small-bafb-2060,Buckeye Dry Cleaning Pads & Covers 2026,/catalogs/dry-cleaning-catalog.pdf,24,Finishing - Ironing Boards covers and pads,Forenta,46 SVB Pleat Setter Small,Combo Pad/Cover,BAFB-2060,Combo Pad/Cover,44 1/2 x 12 3/4 x 8 3/4,Finishing/Ironing Board,false,,
dc-ironing-board-forenta-46-svb-pleat-setter-large-bndb-2063,Buckeye Dry Cleaning Pads & Covers 2026,/catalogs/dry-cleaning-catalog.pdf,24,Finishing - Ironing Boards covers and pads,Forenta,46 SVB Pleat Setter Large,Combo Pad/Cover,BNDB-2063,Combo Pad/Cover,44 1/2 x 12 3/4 x 8 3/4,Finishing/Ironing Board,false,,
dc-ironing-board-forenta-46-svb-pleat-setter-large-alt-bndb-2065,Buckeye Dry Cleaning Pads & Covers 2026,/catalogs/dry-cleaning-catalog.pdf,24,Finishing - Ironing Boards covers and pads,Forenta,46 SVB Pleat Setter Large Alt,Combo Pad/Cover,BNDB-2065,Combo Pad/Cover,44 1/2 x 12 3/4 x 8 3/4,Finishing/Ironing Board,false,,
dc-ironing-board-forenta-46svba-pro-836,Buckeye Dry Cleaning Pads & Covers 2026,/catalogs/dry-cleaning-catalog.pdf,24,Finishing - Ironing Boards covers and pads,Forenta,46SVBA,Combo Pad/Cover,PRO-836,Combo Pad/Cover,44 1/2 x 12 3/4 x 8 3/4,Finishing/Ironing Board,false,,
dc-ironing-board-glover-vf-hs-1308,Buckeye Dry Cleaning Pads & Covers 2026,/catalogs/dry-cleaning-catalog.pdf,24,Finishing - Ironing Boards covers and pads,Glover,VF,Aramid Cover,HS-1308,Hi-Spun Aramid,43 1/4 x 15 1/2 x 8 1/2,Finishing/Ironing Board,false,,
dc-ironing-board-glover-vf-hb-1308,Buckeye Dry Cleaning Pads & Covers 2026,/catalogs/dry-cleaning-catalog.pdf,24,Finishing - Ironing Boards covers and pads,Glover,VF,Pad,HB-1308,50 oz. Bonn-E-Blue,43 1/4 x 15 1/2 x 8 1/2,Finishing/Ironing Board,false,,
dc-ironing-board-hi-steam-naomato-fb-8-hs-1308,Buckeye Dry Cleaning Pads & Covers 2026,/catalogs/dry-cleaning-catalog.pdf,24,Finishing - Ironing Boards covers and pads,Hi-Steam/Naomato,FB-8,Aramid Cover,HS-1308,Hi-Spun Aramid,43 x 15 x 9,Finishing/Ironing Board,false,,
dc-ironing-board-hi-steam-naomato-fb-8-hb-1308,Buckeye Dry Cleaning Pads & Covers 2026,/catalogs/dry-cleaning-catalog.pdf,24,Finishing - Ironing Boards covers and pads,Hi-Steam/Naomato,FB-8,Pad,HB-1308,50 oz. Bonn-E-Blue,43 x 15 x 9,Finishing/Ironing Board,false,,
dc-ironing-board-hi-steam-naomato-fb-10-hs-1270,Buckeye Dry Cleaning Pads & Covers 2026,/catalogs/dry-cleaning-catalog.pdf,24,Finishing - Ironing Boards covers and pads,Hi-Steam/Naomato,FB-10,Aramid Cover,HS-1270,Hi-Spun Aramid,45 x 12 x 7,Finishing/Ironing Board,false,,
dc-ironing-board-hi-steam-naomato-fb-10-hb-1270,Buckeye Dry Cleaning Pads & Covers 2026,/catalogs/dry-cleaning-catalog.pdf,24,Finishing - Ironing Boards covers and pads,Hi-Steam/Naomato,FB-10,Pad,HB-1270,50 oz. Bonn-E-Blue,45 x 12 x 7,Finishing/Ironing Board,false,,
dc-ironing-board-hi-steam-naomato-fb-10-s-hs-1615,Buckeye Dry Cleaning Pads & Covers 2026,/catalogs/dry-cleaning-catalog.pdf,24,Finishing - Ironing Boards covers and pads,Hi-Steam/Naomato,FB-10-S,Aramid Cover,HS-1615,Hi-Spun Aramid,40 x 12 x 7,Finishing/Ironing Board,false,,
dc-ironing-board-hi-steam-naomato-fb-10-s-hb-1615,Buckeye Dry Cleaning Pads & Covers 2026,/catalogs/dry-cleaning-catalog.pdf,24,Finishing - Ironing Boards covers and pads,Hi-Steam/Naomato,FB-10-S,Pad,HB-1615,50 oz. Bonn-E-Blue,40 x 12 x 7,Finishing/Ironing Board,false,,
dc-ironing-board-hi-steam-naomato-fb-10-w-hs-1614,Buckeye Dry Cleaning Pads & Covers 2026,/catalogs/dry-cleaning-catalog.pdf,24,Finishing - Ironing Boards covers and pads,Hi-Steam/Naomato,FB-10-W,Aramid Cover,HS-1614,Hi-Spun Aramid,32 x 16,Finishing/Ironing Board,false,,
dc-ironing-board-hi-steam-naomato-fb-10-w-hb-1614,Buckeye Dry Cleaning Pads & Covers 2026,/catalogs/dry-cleaning-catalog.pdf,24,Finishing - Ironing Boards covers and pads,Hi-Steam/Naomato,FB-10-W,Pad,HB-1614,50 oz. Bonn-E-Blue,32 x 16,Finishing/Ironing Board,false,,
dc-ironing-board-hi-steam-naomato-fb-85-w-hs-1618,Buckeye Dry Cleaning Pads & Covers 2026,/catalogs/dry-cleaning-catalog.pdf,25,Finishing - Ironing Boards covers and pads,Hi-Steam/Naomato,FB-85-W,Aramid Cover,HS-1618,Hi-Spun Aramid,35 1/2 x 18,Finishing/Ironing Board,false,,
dc-ironing-board-hi-steam-naomato-fb-85-w-hb-1618,Buckeye Dry Cleaning Pads & Covers 2026,/catalogs/dry-cleaning-catalog.pdf,25,Finishing - Ironing Boards covers and pads,Hi-Steam/Naomato,FB-85-W,Pad,HB-1618,50 oz. Bonn-E-Blue,35 1/2 x 18,Finishing/Ironing Board,false,,
dc-ironing-board-hi-steam-naomato-fb-115-fb-115-ph-hs-1612,Buckeye Dry Cleaning Pads & Covers 2026,/catalogs/dry-cleaning-catalog.pdf,25,Finishing - Ironing Boards covers and pads,Hi-Steam/Naomato,FB-115 / FB-115 PH,Aramid Cover,HS-1612,Hi-Spun Aramid,47 x 14 x 7,Finishing/Ironing Board,false,,
dc-ironing-board-hi-steam-naomato-fb-115-fb-115-ph-hb-1612,Buckeye Dry Cleaning Pads & Covers 2026,/catalogs/dry-cleaning-catalog.pdf,25,Finishing - Ironing Boards covers and pads,Hi-Steam/Naomato,FB-115 / FB-115 PH,Pad,HB-1612,50 oz. Bonn-E-Blue,47 x 14 x 7,Finishing/Ironing Board,false,,
dc-ironing-board-hi-steam-naomato-fb-180s-sv-hs-1619,Buckeye Dry Cleaning Pads & Covers 2026,/catalogs/dry-cleaning-catalog.pdf,25,Finishing - Ironing Boards covers and pads,Hi-Steam/Naomato,FB-180S/SV,Aramid Cover,HS-1619,Hi-Spun Aramid,72 x 36,Finishing/Ironing Board,false,,
dc-ironing-board-hi-steam-naomato-fb-180s-sv-hb-1619,Buckeye Dry Cleaning Pads & Covers 2026,/catalogs/dry-cleaning-catalog.pdf,25,Finishing - Ironing Boards covers and pads,Hi-Steam/Naomato,FB-180S/SV,Pad,HB-1619,50 oz. Bonn-E-Blue,72 x 36,Finishing/Ironing Board,false,,
dc-ironing-board-hi-steam-naomato-fb-700-hs-1613,Buckeye Dry Cleaning Pads & Covers 2026,/catalogs/dry-cleaning-catalog.pdf,25,Finishing - Ironing Boards covers and pads,Hi-Steam/Naomato,FB-700,Aramid Cover,HS-1613,Hi-Spun Aramid,48 x 26,Finishing/Ironing Board,false,,
dc-ironing-board-hi-steam-naomato-fb-700-hb-1613,Buckeye Dry Cleaning Pads & Covers 2026,/catalogs/dry-cleaning-catalog.pdf,25,Finishing - Ironing Boards covers and pads,Hi-Steam/Naomato,FB-700,Pad,HB-1613,50 oz. Bonn-E-Blue,48 x 26,Finishing/Ironing Board,false,,
dc-ironing-board-hi-steam-naomato-fb-870-x-hs-1438,Buckeye Dry Cleaning Pads & Covers 2026,/catalogs/dry-cleaning-catalog.pdf,25,Finishing - Ironing Boards covers and pads,Hi-Steam/Naomato,FB-870-X,Aramid Cover,HS-1438,Hi-Spun Aramid,40 1/2 x 15 1/2 x 9,Finishing/Ironing Board,false,,
dc-ironing-board-hi-steam-naomato-fb-870-x-hb-1438,Buckeye Dry Cleaning Pads & Covers 2026,/catalogs/dry-cleaning-catalog.pdf,25,Finishing - Ironing Boards covers and pads,Hi-Steam/Naomato,FB-870-X,Pad,HB-1438,50 oz. Bonn-E-Blue,40 1/2 x 15 1/2 x 9,Finishing/Ironing Board,false,,
dc-ironing-board-hi-steam-naomato-fbz-120-and-pnd-120-hs-1645,Buckeye Dry Cleaning Pads & Covers 2026,/catalogs/dry-cleaning-catalog.pdf,25,Finishing - Ironing Boards covers and pads,Hi-Steam/Naomato,FBZ-120 and PND-120,Aramid Cover,HS-1645,Hi-Spun Aramid,48 x 26,Finishing/Ironing Board,false,,
dc-ironing-board-hi-steam-naomato-fbz-120-and-pnd-120-hb-1645,Buckeye Dry Cleaning Pads & Covers 2026,/catalogs/dry-cleaning-catalog.pdf,25,Finishing - Ironing Boards covers and pads,Hi-Steam/Naomato,FBZ-120 and PND-120,Pad,HB-1645,50 oz. Bonn-E-Blue,48 x 26,Finishing/Ironing Board,false,,
dc-ironing-board-hi-steam-naomato-pnd-25r-hs-1347,Buckeye Dry Cleaning Pads & Covers 2026,/catalogs/dry-cleaning-catalog.pdf,25,Finishing - Ironing Boards covers and pads,Hi-Steam/Naomato,PND-25R,Aramid Cover,HS-1347,Hi-Spun Aramid,48 x 20,Finishing/Ironing Board,false,,
dc-ironing-board-hi-steam-naomato-pnd-25r-hb-1347,Buckeye Dry Cleaning Pads & Covers 2026,/catalogs/dry-cleaning-catalog.pdf,25,Finishing - Ironing Boards covers and pads,Hi-Steam/Naomato,PND-25R,Pad,HB-1347,50 oz. Bonn-E-Blue,48 x 20,Finishing/Ironing Board,false,,
dc-ironing-board-hi-steam-naomato-pnd-150u-pnd-150uv-pnd-150uz-pnd-1000-pnd-2000-hs-1277,Buckeye Dry Cleaning Pads & Covers 2026,/catalogs/dry-cleaning-catalog.pdf,25,Finishing - Ironing Boards covers and pads,Hi-Steam/Naomato,PND-150U / PND-150UV / PND-150UZ / PND-1000 / PND-2000,Aramid Cover,HS-1277,Hi-Spun Aramid,44 x 15 x 9,Finishing/Ironing Board,false,,
dc-ironing-board-hi-steam-naomato-pnd-150u-pnd-150uv-pnd-150uz-pnd-1000-pnd-2000-pk-1277,Buckeye Dry Cleaning Pads & Covers 2026,/catalogs/dry-cleaning-catalog.pdf,25,Finishing - Ironing Boards covers and pads,Hi-Steam/Naomato,PND-150U / PND-150UV / PND-150UZ / PND-1000 / PND-2000,Pro-Knit Cover,PK-1277,Pro-Knit,44 x 15 x 9,Finishing/Ironing Board,false,,
dc-ironing-board-hi-steam-naomato-pnd-150u-pnd-150uv-pnd-150uz-pnd-1000-pnd-2000-hb-1277,Buckeye Dry Cleaning Pads & Covers 2026,/catalogs/dry-cleaning-catalog.pdf,25,Finishing - Ironing Boards covers and pads,Hi-Steam/Naomato,PND-150U / PND-150UV / PND-150UZ / PND-1000 / PND-2000,Pad,HB-1277,50 oz. Bonn-E-Blue,44 x 15 x 9,Finishing/Ironing Board,false,,
dc-ironing-board-hi-steam-pnd-3000-hs-2537,Buckeye Dry Cleaning Pads & Covers 2026,/catalogs/dry-cleaning-catalog.pdf,25,Finishing - Ironing Boards covers and pads,Hi-Steam,PND-3000,Aramid Cover,HS-2537,Hi-Spun Aramid,48 x 17 x 10,Finishing/Ironing Board,false,,
dc-ironing-board-hi-steam-pnd-3000-pk-2537,Buckeye Dry Cleaning Pads & Covers 2026,/catalogs/dry-cleaning-catalog.pdf,25,Finishing - Ironing Boards covers and pads,Hi-Steam,PND-3000,Pro-Knit Cover,PK-2537,Pro-Knit,48 x 17 x 10,Finishing/Ironing Board,false,,
dc-ironing-board-hi-steam-pnd-3000-fm-2537,Buckeye Dry Cleaning Pads & Covers 2026,/catalogs/dry-cleaning-catalog.pdf,25,Finishing - Ironing Boards covers and pads,Hi-Steam,PND-3000,Pad,FM-2537,50 oz. Bonn-E-Blue,48 x 17 x 10,Finishing/Ironing Board,false,,
dc-ironing-board-hi-steam-pnd-5000-hs-1436,Buckeye Dry Cleaning Pads & Covers 2026,/catalogs/dry-cleaning-catalog.pdf,25,Finishing - Ironing Boards covers and pads,Hi-Steam,PND-5000,Aramid Cover,HS-1436,Hi-Spun Aramid,50 x 20 x 7,Finishing/Ironing Board,false,,
dc-ironing-board-hi-steam-pnd-5000-pk-1436,Buckeye Dry Cleaning Pads & Covers 2026,/catalogs/dry-cleaning-catalog.pdf,25,Finishing - Ironing Boards covers and pads,Hi-Steam,PND-5000,Pro-Knit Cover,PK-1436,Pro-Knit,50 x 20 x 7,Finishing/Ironing Board,false,,
dc-ironing-board-hi-steam-pnd-5000-hb-1436,Buckeye Dry Cleaning Pads & Covers 2026,/catalogs/dry-cleaning-catalog.pdf,25,Finishing - Ironing Boards covers and pads,Hi-Steam,PND-5000,Pad,HB-1436,50 oz. Bonn-E-Blue,50 x 20 x 7,Finishing/Ironing Board,false,,
dc-ironing-board-hi-steam-pnd-5000b-pkfm-2019,Buckeye Dry Cleaning Pads & Covers 2026,/catalogs/dry-cleaning-catalog.pdf,25,Finishing - Ironing Boards covers and pads,Hi-Steam,PND-5000B,Combo Pad/Cover,PKFM-2019,Combo Pad/Cover,,Finishing/Ironing Board,false,,
dc-ironing-board-hi-steam-efb-500-xl-pk-1436,Buckeye Dry Cleaning Pads & Covers 2026,/catalogs/dry-cleaning-catalog.pdf,25,Finishing - Ironing Boards covers and pads,Hi-Steam,EFB 500 XL,Pro-Knit Cover,PK-1436,Pro-Knit,49 x 19 1/2 x 9,Finishing/Ironing Board,false,,
dc-ironing-board-hi-steam-efb-500-xl-fb-1436,Buckeye Dry Cleaning Pads & Covers 2026,/catalogs/dry-cleaning-catalog.pdf,25,Finishing - Ironing Boards covers and pads,Hi-Steam,EFB 500 XL,Pad,FB-1436,50 oz. Bonn-E-Blue,49 x 19 1/2 x 9,Finishing/Ironing Board,false,,
dc-ironing-board-hi-steam-2500-pk-2163,Buckeye Dry Cleaning Pads & Covers 2026,/catalogs/dry-cleaning-catalog.pdf,25,Finishing - Ironing Boards covers and pads,Hi-Steam,2500,Pro-Knit Cover,PK-2163,Pro-Knit,44 x 15 x 9 1/2,Finishing/Ironing Board,false,,
dc-ironing-board-hi-steam-2500-fb-2163,Buckeye Dry Cleaning Pads & Covers 2026,/catalogs/dry-cleaning-catalog.pdf,25,Finishing - Ironing Boards covers and pads,Hi-Steam,2500,Pad,FB-2163,50 oz. Bonn-E-Blue,44 x 15 x 9 1/2,Finishing/Ironing Board,false,,
dc-ironing-board-hoffman-1300-hs-2032,Buckeye Dry Cleaning Pads & Covers 2026,/catalogs/dry-cleaning-catalog.pdf,25,Finishing - Ironing Boards covers and pads,Hoffman,1300,Aramid Cover,HS-2032,Hi-Spun Aramid,51 x 20 x 11,Finishing/Ironing Board,false,,
dc-ironing-board-hoffman-1300-pk-2032,Buckeye Dry Cleaning Pads & Covers 2026,/catalogs/dry-cleaning-catalog.pdf,25,Finishing - Ironing Boards covers and pads,Hoffman,1300,Pro-Knit Cover,PK-2032,Pro-Knit,51 x 20 x 11,Finishing/Ironing Board,false,,
dc-ironing-board-hoffman-1300-hb-2032,Buckeye Dry Cleaning Pads & Covers 2026,/catalogs/dry-cleaning-catalog.pdf,25,Finishing - Ironing Boards covers and pads,Hoffman,1300,Pad,HB-2032,50 oz. Bonn-E-Blue,51 x 20 x 11,Finishing/Ironing Board,false,,
dc-ironing-board-home-ironing-board-home-ironing-board-hs-741,Buckeye Dry Cleaning Pads & Covers 2026,/catalogs/dry-cleaning-catalog.pdf,25,Finishing - Ironing Boards covers and pads,Home Ironing Board,Home Ironing Board,Aramid Cover,HS-741,Hi-Spun Aramid,52 1/2 x 13 1/2 x 6,Finishing/Ironing Board,false,,
dc-ironing-board-home-ironing-board-home-ironing-board-hb-741,Buckeye Dry Cleaning Pads & Covers 2026,/catalogs/dry-cleaning-catalog.pdf,25,Finishing - Ironing Boards covers and pads,Home Ironing Board,Home Ironing Board,Pad,HB-741,50 oz. Bonn-E-Blue,52 1/2 x 13 1/2 x 6,Finishing/Ironing Board,false,,
dc-ironing-board-iowa-techniques-tus-bkfb-2340,Buckeye Dry Cleaning Pads & Covers 2026,/catalogs/dry-cleaning-catalog.pdf,25,Finishing - Ironing Boards covers and pads,Iowa Techniques,TUS,Combo Pad/Cover,BKFB-2340,Combo Pad/Cover,9 1/2 x 20,Finishing/Ironing Board,false,,
dc-ironing-board-magic-vapor-board-1551-hs-1617,Buckeye Dry Cleaning Pads & Covers 2026,/catalogs/dry-cleaning-catalog.pdf,25,Finishing - Ironing Boards covers and pads,Magic Vapor Board,1551,Aramid Cover,HS-1617,Hi-Spun Aramid,39 x 15 x 10,Finishing/Ironing Board,false,,
dc-ironing-board-magic-vapor-board-1551-hb-1617,Buckeye Dry Cleaning Pads & Covers 2026,/catalogs/dry-cleaning-catalog.pdf,25,Finishing - Ironing Boards covers and pads,Magic Vapor Board,1551,Pad,HB-1617,50 oz. Bonn-E-Blue,39 x 15 x 10,Finishing/Ironing Board,false,,
dc-ironing-board-mcallister-mrs514-hs-1505,Buckeye Dry Cleaning Pads & Covers 2026,/catalogs/dry-cleaning-catalog.pdf,25,Finishing - Ironing Boards covers and pads,McAllister,MRS514,Aramid Cover,HS-1505,Hi-Spun Aramid,42 x 12 x 9,Finishing/Ironing Board,false,,
dc-ironing-board-mcallister-mrs514-pk-1505,Buckeye Dry Cleaning Pads & Covers 2026,/catalogs/dry-cleaning-catalog.pdf,25,Finishing - Ironing Boards covers and pads,McAllister,MRS514,Pro-Knit Cover,PK-1505,Pro-Knit,42 x 12 x 9,Finishing/Ironing Board,false,,
dc-ironing-board-mcallister-mrs514-fm-1506,Buckeye Dry Cleaning Pads & Covers 2026,/catalogs/dry-cleaning-catalog.pdf,25,Finishing - Ironing Boards covers and pads,McAllister,MRS514,Pad,FM-1506,50 oz. Bonn-E-Blue,42 x 12 x 9,Finishing/Ironing Board,false,,
dc-ironing-board-mccleary-ironing-board-hs-504,Buckeye Dry Cleaning Pads & Covers 2026,/catalogs/dry-cleaning-catalog.pdf,25,Finishing - Ironing Boards covers and pads,McCleary,Ironing Board,Aramid Cover,HS-504,Hi-Spun Aramid,46 x 13 x 9,Finishing/Ironing Board,false,,
dc-ironing-board-mccleary-ironing-board-hb-504,Buckeye Dry Cleaning Pads & Covers 2026,/catalogs/dry-cleaning-catalog.pdf,25,Finishing - Ironing Boards covers and pads,McCleary,Ironing Board,Pad,HB-504,50 oz. Bonn-E-Blue,46 x 13 x 9,Finishing/Ironing Board,false,,
dc-ironing-board-norris-dryco-2501-hs-1617,Buckeye Dry Cleaning Pads & Covers 2026,/catalogs/dry-cleaning-catalog.pdf,25,Finishing - Ironing Boards covers and pads,Norris/Dryco,#2501,Aramid Cover,HS-1617,Hi-Spun Aramid,39 x 15 x 10,Finishing/Ironing Board,false,,
dc-ironing-board-norris-dryco-2501-hb-1617,Buckeye Dry Cleaning Pads & Covers 2026,/catalogs/dry-cleaning-catalog.pdf,25,Finishing - Ironing Boards covers and pads,Norris/Dryco,#2501,Pad,HB-1617,50 oz. Bonn-E-Blue,39 x 15 x 10,Finishing/Ironing Board,false,,
dc-ironing-board-omega-2000-pkdb-2519,Buckeye Dry Cleaning Pads & Covers 2026,/catalogs/dry-cleaning-catalog.pdf,25,Finishing - Ironing Boards covers and pads,Omega,2000,Combo Pad/Cover,PKDB-2519,Combo Pad/Cover,,Finishing/Ironing Board,false,,
dc-ironing-board-pacific-steam-psv-150-pkdb-2501,Buckeye Dry Cleaning Pads & Covers 2026,/catalogs/dry-cleaning-catalog.pdf,25,Finishing - Ironing Boards covers and pads,Pacific Steam,PSV-150,Combo Pad/Cover,PKDB-2501,Combo Pad/Cover,43 x 15 1/2 x 9,Finishing/Ironing Board,false,,
dc-ironing-board-pacific-steam-psv-152sl-hs-1277,Buckeye Dry Cleaning Pads & Covers 2026,/catalogs/dry-cleaning-catalog.pdf,25,Finishing - Ironing Boards covers and pads,Pacific Steam,PSV-152SL,Aramid Cover,HS-1277,Hi-Spun Aramid,44 x 15 x 9,Finishing/Ironing Board,false,,
dc-ironing-board-pacific-steam-psv-152sl-pk-1277,Buckeye Dry Cleaning Pads & Covers 2026,/catalogs/dry-cleaning-catalog.pdf,25,Finishing - Ironing Boards covers and pads,Pacific Steam,PSV-152SL,Pro-Knit Cover,PK-1277,Pro-Knit,44 x 15 x 9,Finishing/Ironing Board,false,,
dc-ironing-board-pacific-steam-psv-152sl-hb-1277,Buckeye Dry Cleaning Pads & Covers 2026,/catalogs/dry-cleaning-catalog.pdf,25,Finishing - Ironing Boards covers and pads,Pacific Steam,PSV-152SL,Pad,HB-1277,50 oz. Bonn-E-Blue,44 x 15 x 9,Finishing/Ironing Board,false,,
dc-ironing-board-pacific-steam-psv-153-hs-504,Buckeye Dry Cleaning Pads & Covers 2026,/catalogs/dry-cleaning-catalog.pdf,25,Finishing - Ironing Boards covers and pads,Pacific Steam,PSV-153,Aramid Cover,HS-504,Hi-Spun Aramid,45 x 15 x 10,Finishing/Ironing Board,false,,
dc-ironing-board-pacific-steam-psv-153-hb-504,Buckeye Dry Cleaning Pads & Covers 2026,/catalogs/dry-cleaning-catalog.pdf,25,Finishing - Ironing Boards covers and pads,Pacific Steam,PSV-153,Pad,HB-504,50 oz. Bonn-E-Blue,45 x 15 x 10,Finishing/Ironing Board,false,,
dc-ironing-board-pacific-steam-pn200-bkfb-2179,Buckeye Dry Cleaning Pads & Covers 2026,/catalogs/dry-cleaning-catalog.pdf,25,Finishing - Ironing Boards covers and pads,Pacific Steam,PN200,Combo Pad/Cover,BKFB-2179,Combo Pad/Cover,44 x 18 x 11,Finishing/Ironing Board,false,,
dc-ironing-board-pacific-steam-psv300-hs-2422,Buckeye Dry Cleaning Pads & Covers 2026,/catalogs/dry-cleaning-catalog.pdf,25,Finishing - Ironing Boards covers and pads,Pacific Steam,PSV300,Aramid Cover,HS-2422,Hi-Spun Aramid,,Finishing/Ironing Board,false,,
dc-ironing-board-pacific-steam-psv300-hb-2422,Buckeye Dry Cleaning Pads & Covers 2026,/catalogs/dry-cleaning-catalog.pdf,25,Finishing - Ironing Boards covers and pads,Pacific Steam,PSV300,Pad,HB-2422,50 oz. Bonn-E-Blue,,Finishing/Ironing Board,false,,
dc-ironing-board-pantex-vb-1-steam-vacuum-hs-1132,Buckeye Dry Cleaning Pads & Covers 2026,/catalogs/dry-cleaning-catalog.pdf,25,Finishing - Ironing Boards covers and pads,Pantex,VB-1 Steam Vacuum,Aramid Cover,HS-1132,Hi-Spun Aramid,47 x 15 x 9,Finishing/Ironing Board,false,,
dc-ironing-board-pantex-vb-1-steam-vacuum-hb-1132,Buckeye Dry Cleaning Pads & Covers 2026,/catalogs/dry-cleaning-catalog.pdf,25,Finishing - Ironing Boards covers and pads,Pantex,VB-1 Steam Vacuum,Pad,HB-1132,50 oz. Bonn-E-Blue,47 x 15 x 9,Finishing/Ironing Board,false,,
dc-ironing-board-pony-idea-5-spotting-board-hs-1347,Buckeye Dry Cleaning Pads & Covers 2026,/catalogs/dry-cleaning-catalog.pdf,25,Finishing - Ironing Boards covers and pads,Pony,Idea 5 Spotting Board,Aramid Cover,HS-1347,Hi-Spun Aramid,47 1/2 x 20,Finishing/Ironing Board,false,,
dc-ironing-board-pony-idea-5-spotting-board-hb-1347,Buckeye Dry Cleaning Pads & Covers 2026,/catalogs/dry-cleaning-catalog.pdf,25,Finishing - Ironing Boards covers and pads,Pony,Idea 5 Spotting Board,Pad,HB-1347,50 oz. Bonn-E-Blue,47 1/2 x 20,Finishing/Ironing Board,false,,
dc-ironing-board-pony-idea-5-utility-board-hs-1346,Buckeye Dry Cleaning Pads & Covers 2026,/catalogs/dry-cleaning-catalog.pdf,25,Finishing - Ironing Boards covers and pads,Pony,Idea 5 Utility Board,Aramid Cover,HS-1346,Hi-Spun Aramid,33 1/2 x 12 1/2 x 9 1/2,Finishing/Ironing Board,false,,
dc-ironing-board-pony-idea-5-utility-board-hb-1346,Buckeye Dry Cleaning Pads & Covers 2026,/catalogs/dry-cleaning-catalog.pdf,25,Finishing - Ironing Boards covers and pads,Pony,Idea 5 Utility Board,Pad,HB-1346,50 oz. Bonn-E-Blue,33 1/2 x 12 1/2 x 9 1/2,Finishing/Ironing Board,false,,
dc-ironing-board-pony-vc-20p-hs-2037,Buckeye Dry Cleaning Pads & Covers 2026,/catalogs/dry-cleaning-catalog.pdf,25,Finishing - Ironing Boards covers and pads,Pony,VC/20P,Aramid Cover,HS-2037,Hi-Spun Aramid,48 x 16 x 11,Finishing/Ironing Board,false,,
dc-ironing-board-pony-vc-20p-hb-2037,Buckeye Dry Cleaning Pads & Covers 2026,/catalogs/dry-cleaning-catalog.pdf,25,Finishing - Ironing Boards covers and pads,Pony,VC/20P,Pad,HB-2037,50 oz. Bonn-E-Blue,48 x 16 x 11,Finishing/Ironing Board,false,,
dc-ironing-board-pony-silver-pk-2165,Buckeye Dry Cleaning Pads & Covers 2026,/catalogs/dry-cleaning-catalog.pdf,26,Finishing - Ironing Boards covers and pads,Pony,Silver,Pro-Knit Cover,PK-2165,Pro-Knit,54 x 21 x 11,Finishing/Ironing Board,false,,
dc-ironing-board-pony-silver-hb-2165,Buckeye Dry Cleaning Pads & Covers 2026,/catalogs/dry-cleaning-catalog.pdf,26,Finishing - Ironing Boards covers and pads,Pony,Silver,Pad,HB-2165,50 oz. Bonn-E-Blue,54 x 21 x 11,Finishing/Ironing Board,false,,
dc-ironing-board-rimar-ironing-board-hfbn-1448,Buckeye Dry Cleaning Pads & Covers 2026,/catalogs/dry-cleaning-catalog.pdf,26,Finishing - Ironing Boards covers and pads,Rimar,Ironing Board,Combo Pad/Cover,HFBN-1448,Combo Pad/Cover,43 x 13 3/4 x 8 1/2,Finishing/Ironing Board,false,,
dc-ironing-board-rotondi-2000-pkfm-2019,Buckeye Dry Cleaning Pads & Covers 2026,/catalogs/dry-cleaning-catalog.pdf,26,Finishing - Ironing Boards covers and pads,Rotondi,2000,Combo Pad/Cover,PKFM-2019,Combo Pad/Cover,51 x 21 1/2 x 14,Finishing/Ironing Board,false,,
dc-ironing-board-rotondi-2002-pkfm-2020,Buckeye Dry Cleaning Pads & Covers 2026,/catalogs/dry-cleaning-catalog.pdf,26,Finishing - Ironing Boards covers and pads,Rotondi,2002,Combo Pad/Cover,PKFM-2020,Combo Pad/Cover,54 x 21 1/2 x 14,Finishing/Ironing Board,false,,
dc-ironing-board-sapporo-sa70-pkdb-2501,Buckeye Dry Cleaning Pads & Covers 2026,/catalogs/dry-cleaning-catalog.pdf,26,Finishing - Ironing Boards covers and pads,Sapporo,SA70,Combo Pad/Cover,PKDB-2501,Combo Pad/Cover,,Finishing/Ironing Board,false,,
dc-ironing-board-sidi-mondial-vc904-ac-pk-2242,Buckeye Dry Cleaning Pads & Covers 2026,/catalogs/dry-cleaning-catalog.pdf,26,Finishing - Ironing Boards covers and pads,Sidi,Mondial VC904/AC,Pro-Knit Cover,PK-2242,Pro-Knit,46 x 15 x 9,Finishing/Ironing Board,false,,
dc-ironing-board-sidi-mondial-vc904-ac-hb-2242,Buckeye Dry Cleaning Pads & Covers 2026,/catalogs/dry-cleaning-catalog.pdf,26,Finishing - Ironing Boards covers and pads,Sidi,Mondial VC904/AC,Pad,HB-2242,50 oz. Bonn-E-Blue,46 x 15 x 9,Finishing/Ironing Board,false,,
dc-ironing-board-sussman-prs-40a-hs-1226,Buckeye Dry Cleaning Pads & Covers 2026,/catalogs/dry-cleaning-catalog.pdf,26,Finishing - Ironing Boards covers and pads,Sussman,PRS-40A,Aramid Cover,HS-1226,Hi-Spun Aramid,48 x 19 x 12 1/2,Finishing/Ironing Board,false,,
dc-ironing-board-sussman-prs-40a-hb-1226,Buckeye Dry Cleaning Pads & Covers 2026,/catalogs/dry-cleaning-catalog.pdf,26,Finishing - Ironing Boards covers and pads,Sussman,PRS-40A,Pad,HB-1226,50 oz. Bonn-E-Blue,48 x 19 x 12 1/2,Finishing/Ironing Board,false,,
dc-ironing-board-sussman-mp80-hs-1927,Buckeye Dry Cleaning Pads & Covers 2026,/catalogs/dry-cleaning-catalog.pdf,26,Finishing - Ironing Boards covers and pads,Sussman,MP80,Aramid Cover,HS-1927,Hi-Spun Aramid,50 x 21 x 16,Finishing/Ironing Board,false,,
dc-ironing-board-sussman-mp80-hb-1927,Buckeye Dry Cleaning Pads & Covers 2026,/catalogs/dry-cleaning-catalog.pdf,26,Finishing - Ironing Boards covers and pads,Sussman,MP80,Pad,HB-1927,50 oz. Bonn-E-Blue,50 x 21 x 16,Finishing/Ironing Board,false,,
dc-ironing-board-sussman-sv-244-pk-2452,Buckeye Dry Cleaning Pads & Covers 2026,/catalogs/dry-cleaning-catalog.pdf,26,Finishing - Ironing Boards covers and pads,Sussman,SV-244,Pro-Knit Cover,PK-2452,Pro-Knit,,Finishing/Ironing Board,false,,
dc-ironing-board-sussman-sv-244-fm-2452,Buckeye Dry Cleaning Pads & Covers 2026,/catalogs/dry-cleaning-catalog.pdf,26,Finishing - Ironing Boards covers and pads,Sussman,SV-244,Pad,FM-2452,50 oz. Bonn-E-Blue,,Finishing/Ironing Board,false,,
dc-ironing-board-sussman-pb-323-pb323-a-hs-1561,Buckeye Dry Cleaning Pads & Covers 2026,/catalogs/dry-cleaning-catalog.pdf,26,Finishing - Ironing Boards covers and pads,Sussman,PB-323 / PB323-A,Aramid Cover,HS-1561,Hi-Spun Aramid,50 1/2 x 24,Finishing/Ironing Board,false,,
dc-ironing-board-sussman-pb-323-pb323-a-hb-1561,Buckeye Dry Cleaning Pads & Covers 2026,/catalogs/dry-cleaning-catalog.pdf,26,Finishing - Ironing Boards covers and pads,Sussman,PB-323 / PB323-A,Pad,HB-1561,50 oz. Bonn-E-Blue,50 1/2 x 24,Finishing/Ironing Board,false,,
dc-ironing-board-sussman-424-hab-hs-1289,Buckeye Dry Cleaning Pads & Covers 2026,/catalogs/dry-cleaning-catalog.pdf,26,Finishing - Ironing Boards covers and pads,Sussman,424-HAB,Aramid Cover,HS-1289,Hi-Spun Aramid,45 x 15 x 10,Finishing/Ironing Board,false,,
dc-ironing-board-sussman-424-hab-pk-1289,Buckeye Dry Cleaning Pads & Covers 2026,/catalogs/dry-cleaning-catalog.pdf,26,Finishing - Ironing Boards covers and pads,Sussman,424-HAB,Pro-Knit Cover,PK-1289,Pro-Knit,45 x 15 x 10,Finishing/Ironing Board,false,,
dc-ironing-board-sussman-424-hab-hb-1289,Buckeye Dry Cleaning Pads & Covers 2026,/catalogs/dry-cleaning-catalog.pdf,26,Finishing - Ironing Boards covers and pads,Sussman,424-HAB,Pad,HB-1289,50 oz. Bonn-E-Blue,45 x 15 x 10,Finishing/Ironing Board,false,,
dc-ironing-board-sussman-424-hab-c-hs-1441,Buckeye Dry Cleaning Pads & Covers 2026,/catalogs/dry-cleaning-catalog.pdf,26,Finishing - Ironing Boards covers and pads,Sussman,424-HAB-C,Aramid Cover,HS-1441,Hi-Spun Aramid,56 x 15 x 9,Finishing/Ironing Board,false,,
dc-ironing-board-sussman-424-hab-c-hb-1441,Buckeye Dry Cleaning Pads & Covers 2026,/catalogs/dry-cleaning-catalog.pdf,26,Finishing - Ironing Boards covers and pads,Sussman,424-HAB-C,Pad,HB-1441,50 oz. Bonn-E-Blue,56 x 15 x 9,Finishing/Ironing Board,false,,
dc-ironing-board-sussman-sv-424-hs-1562,Buckeye Dry Cleaning Pads & Covers 2026,/catalogs/dry-cleaning-catalog.pdf,26,Finishing - Ironing Boards covers and pads,Sussman,SV-424,Aramid Cover,HS-1562,Hi-Spun Aramid,67 x 14,Finishing/Ironing Board,false,,
dc-ironing-board-sussman-sv-424-hb-1562,Buckeye Dry Cleaning Pads & Covers 2026,/catalogs/dry-cleaning-catalog.pdf,26,Finishing - Ironing Boards covers and pads,Sussman,SV-424,Pad,HB-1562,50 oz. Bonn-E-Blue,67 x 14,Finishing/Ironing Board,false,,
dc-ironing-board-sussman-514-hab-hs-1289,Buckeye Dry Cleaning Pads & Covers 2026,/catalogs/dry-cleaning-catalog.pdf,26,Finishing - Ironing Boards covers and pads,Sussman,514-HAB,Aramid Cover,HS-1289,Hi-Spun Aramid,45 x 15 x 10,Finishing/Ironing Board,false,,
dc-ironing-board-sussman-514-hab-pk-1289,Buckeye Dry Cleaning Pads & Covers 2026,/catalogs/dry-cleaning-catalog.pdf,26,Finishing - Ironing Boards covers and pads,Sussman,514-HAB,Pro-Knit Cover,PK-1289,Pro-Knit,45 x 15 x 10,Finishing/Ironing Board,false,,
dc-ironing-board-sussman-514-hab-hb-1289,Buckeye Dry Cleaning Pads & Covers 2026,/catalogs/dry-cleaning-catalog.pdf,26,Finishing - Ironing Boards covers and pads,Sussman,514-HAB,Pad,HB-1289,50 oz. Bonn-E-Blue,45 x 15 x 10,Finishing/Ironing Board,false,,
dc-ironing-board-sussman-524-ha-hs-504,Buckeye Dry Cleaning Pads & Covers 2026,/catalogs/dry-cleaning-catalog.pdf,26,Finishing - Ironing Boards covers and pads,Sussman,524-HA,Aramid Cover,HS-504,Hi-Spun Aramid,45 x 15 x 10,Finishing/Ironing Board,false,,
dc-ironing-board-sussman-524-ha-hb-504,Buckeye Dry Cleaning Pads & Covers 2026,/catalogs/dry-cleaning-catalog.pdf,26,Finishing - Ironing Boards covers and pads,Sussman,524-HA,Pad,HB-504,50 oz. Bonn-E-Blue,45 x 15 x 10,Finishing/Ironing Board,false,,
dc-ironing-board-sussman-524hs-pk-2150,Buckeye Dry Cleaning Pads & Covers 2026,/catalogs/dry-cleaning-catalog.pdf,26,Finishing - Ironing Boards covers and pads,Sussman,524HS,Pro-Knit Cover,PK-2150,Pro-Knit,44 x 18 x 10,Finishing/Ironing Board,false,,
dc-ironing-board-sussman-524hs-fb-2150,Buckeye Dry Cleaning Pads & Covers 2026,/catalogs/dry-cleaning-catalog.pdf,26,Finishing - Ironing Boards covers and pads,Sussman,524HS,Pad,FB-2150,50 oz. Bonn-E-Blue,44 x 18 x 10,Finishing/Ironing Board,false,,
dc-ironing-board-sussman-stlk-hs-1415,Buckeye Dry Cleaning Pads & Covers 2026,/catalogs/dry-cleaning-catalog.pdf,26,Finishing - Ironing Boards covers and pads,Sussman,STLK,Aramid Cover,HS-1415,Hi-Spun Aramid,43 x 13 1/2 x 6,Finishing/Ironing Board,false,,
dc-ironing-board-sussman-stlk-hb-1415,Buckeye Dry Cleaning Pads & Covers 2026,/catalogs/dry-cleaning-catalog.pdf,26,Finishing - Ironing Boards covers and pads,Sussman,STLK,Pad,HB-1415,50 oz. Bonn-E-Blue,43 x 13 1/2 x 6,Finishing/Ironing Board,false,,
dc-ironing-board-trevil-2010-hs-1277,Buckeye Dry Cleaning Pads & Covers 2026,/catalogs/dry-cleaning-catalog.pdf,26,Finishing - Ironing Boards covers and pads,Trevil,2010,Aramid Cover,HS-1277,Hi-Spun Aramid,45 x 15 x 9,Finishing/Ironing Board,false,,
dc-ironing-board-trevil-2010-pk-1277,Buckeye Dry Cleaning Pads & Covers 2026,/catalogs/dry-cleaning-catalog.pdf,26,Finishing - Ironing Boards covers and pads,Trevil,2010,Pro-Knit Cover,PK-1277,Pro-Knit,45 x 15 x 9,Finishing/Ironing Board,false,,
dc-ironing-board-trevil-2010-hb-1277,Buckeye Dry Cleaning Pads & Covers 2026,/catalogs/dry-cleaning-catalog.pdf,26,Finishing - Ironing Boards covers and pads,Trevil,2010,Pad,HB-1277,50 oz. Bonn-E-Blue,45 x 15 x 9,Finishing/Ironing Board,false,,
dc-ironing-board-trevil-2120-2130-hs-1470,Buckeye Dry Cleaning Pads & Covers 2026,/catalogs/dry-cleaning-catalog.pdf,26,Finishing - Ironing Boards covers and pads,Trevil,2120/2130,Aramid Cover,HS-1470,Hi-Spun Aramid,45 3/4 x 17 1/2 x 10,Finishing/Ironing Board,false,,
dc-ironing-board-trevil-2120-2130-hb-1470,Buckeye Dry Cleaning Pads & Covers 2026,/catalogs/dry-cleaning-catalog.pdf,26,Finishing - Ironing Boards covers and pads,Trevil,2120/2130,Pad,HB-1470,50 oz. Bonn-E-Blue,45 3/4 x 17 1/2 x 10,Finishing/Ironing Board,false,,
dc-ironing-board-trevil-2434-vulkana-xl-pk-2161,Buckeye Dry Cleaning Pads & Covers 2026,/catalogs/dry-cleaning-catalog.pdf,26,Finishing - Ironing Boards covers and pads,Trevil,2434 Vulkana XL,Pro-Knit Cover,PK-2161,Pro-Knit,55 x 19 x 10,Finishing/Ironing Board,false,,
dc-ironing-board-trevil-2434-vulkana-xl-fb-2161,Buckeye Dry Cleaning Pads & Covers 2026,/catalogs/dry-cleaning-catalog.pdf,26,Finishing - Ironing Boards covers and pads,Trevil,2434 Vulkana XL,Pad,FB-2161,50 oz. Bonn-E-Blue,55 x 19 x 10,Finishing/Ironing Board,false,,
dc-ironing-board-trevil-3155-pk-2090,Buckeye Dry Cleaning Pads & Covers 2026,/catalogs/dry-cleaning-catalog.pdf,26,Finishing - Ironing Boards covers and pads,Trevil,3155,Pro-Knit Cover,PK-2090,Pro-Knit,72 x 36,Finishing/Ironing Board,false,,
dc-ironing-board-trevil-3155-db-2090,Buckeye Dry Cleaning Pads & Covers 2026,/catalogs/dry-cleaning-catalog.pdf,26,Finishing - Ironing Boards covers and pads,Trevil,3155,Pad,DB-2090,50 oz. Bonn-E-Blue,72 x 36,Finishing/Ironing Board,false,,
dc-ironing-board-trevil-3454-pk-2025,Buckeye Dry Cleaning Pads & Covers 2026,/catalogs/dry-cleaning-catalog.pdf,26,Finishing - Ironing Boards covers and pads,Trevil,3454,Pro-Knit Cover,PK-2025,Pro-Knit,50 x 20 x 9,Finishing/Ironing Board,false,,
dc-ironing-board-trevil-3454-db-2025,Buckeye Dry Cleaning Pads & Covers 2026,/catalogs/dry-cleaning-catalog.pdf,26,Finishing - Ironing Boards covers and pads,Trevil,3454,Pad,DB-2025,50 oz. Bonn-E-Blue,50 x 20 x 9,Finishing/Ironing Board,false,,
dc-ironing-board-unipress-afb-ta-1708,Buckeye Dry Cleaning Pads & Covers 2026,/catalogs/dry-cleaning-catalog.pdf,26,Finishing - Ironing Boards covers and pads,Unipress,AFB,Aramid Cover,TA-1708,Hi-Spun Aramid,55 x 18 1/2 x 8,Finishing/Ironing Board,false,,Requires BF5-1792 5mm and BF10-1786 10mm pads.
dc-ironing-board-unipress-afb-bf5-1792,Buckeye Dry Cleaning Pads & Covers 2026,/catalogs/dry-cleaning-catalog.pdf,26,Finishing - Ironing Boards covers and pads,Unipress,AFB,Pad,BF5-1792,50 oz. Bonn-E-Blue,55 x 18 1/2 x 8,Finishing/Ironing Board,false,,Requires BF5-1792 5mm and BF10-1786 10mm pads.
dc-ironing-board-unipress-afb-bf10-1786,Buckeye Dry Cleaning Pads & Covers 2026,/catalogs/dry-cleaning-catalog.pdf,26,Finishing - Ironing Boards covers and pads,Unipress,AFB,Pad,BF10-1786,50 oz. Bonn-E-Blue,55 x 18 1/2 x 8,Finishing/Ironing Board,false,,Requires BF5-1792 5mm and BF10-1786 10mm pads.
dc-ironing-board-unipress-vb1-hsfb-5121-hsfb-5121,Buckeye Dry Cleaning Pads & Covers 2026,/catalogs/dry-cleaning-catalog.pdf,26,Finishing - Ironing Boards covers and pads,Unipress,VB1 HSFB-5121,Combo Pad/Cover,HSFB-5121,Combo Pad/Cover,,Finishing/Ironing Board,false,,
dc-ironing-board-vaporpress-ls30624-pk-2549,Buckeye Dry Cleaning Pads & Covers 2026,/catalogs/dry-cleaning-catalog.pdf,26,Finishing - Ironing Boards covers and pads,Vaporpress,LS30624,Pro-Knit Cover,PK-2549,Pro-Knit,44 x 14 x 7,Finishing/Ironing Board,false,,
dc-ironing-board-vaporpress-ls30624-fm-2549,Buckeye Dry Cleaning Pads & Covers 2026,/catalogs/dry-cleaning-catalog.pdf,26,Finishing - Ironing Boards covers and pads,Vaporpress,LS30624,Pad,FM-2549,50 oz. Bonn-E-Blue,44 x 14 x 7,Finishing/Ironing Board,false,,
dc-ironing-board-veit-cr2-pk-1234,Buckeye Dry Cleaning Pads & Covers 2026,/catalogs/dry-cleaning-catalog.pdf,26,Finishing - Ironing Boards covers and pads,Veit,CR2,Pro-Knit Cover,PK-1234,Pro-Knit,56 x 23 x 15,Finishing/Ironing Board,false,,
dc-ironing-board-veit-cr2-fm-1234,Buckeye Dry Cleaning Pads & Covers 2026,/catalogs/dry-cleaning-catalog.pdf,26,Finishing - Ironing Boards covers and pads,Veit,CR2,Pad,FM-1234,50 oz. Bonn-E-Blue,56 x 23 x 15,Finishing/Ironing Board,false,,
dc-ironing-board-veit-standard-veltronic-2000-veit-4216-pk-1250,Buckeye Dry Cleaning Pads & Covers 2026,/catalogs/dry-cleaning-catalog.pdf,26,Finishing - Ironing Boards covers and pads,Veit,Standard / Veltronic 2000 / Veit 4216,Pro-Knit Cover,PK-1250,Pro-Knit,45 x 15,Finishing/Ironing Board,false,,
dc-ironing-board-veit-standard-veltronic-2000-veit-4216-hb-1250,Buckeye Dry Cleaning Pads & Covers 2026,/catalogs/dry-cleaning-catalog.pdf,26,Finishing - Ironing Boards covers and pads,Veit,Standard / Veltronic 2000 / Veit 4216,Pad,HB-1250,50 oz. Bonn-E-Blue,45 x 15,Finishing/Ironing Board,false,,
dc-ironing-board-veit-2210-pk-2642,Buckeye Dry Cleaning Pads & Covers 2026,/catalogs/dry-cleaning-catalog.pdf,26,Finishing - Ironing Boards covers and pads,Veit,2210,Pro-Knit Cover,PK-2642,Pro-Knit,,Finishing/Ironing Board,false,,
dc-ironing-board-veit-2210-fm-2642,Buckeye Dry Cleaning Pads & Covers 2026,/catalogs/dry-cleaning-catalog.pdf,26,Finishing - Ironing Boards covers and pads,Veit,2210,Pad,FM-2642,50 oz. Bonn-E-Blue,,Finishing/Ironing Board,false,,
dc-ironing-board-veit-4419-hs-1294,Buckeye Dry Cleaning Pads & Covers 2026,/catalogs/dry-cleaning-catalog.pdf,26,Finishing - Ironing Boards covers and pads,Veit,4419,Aramid Cover,HS-1294,Hi-Spun Aramid,51 x 26,Finishing/Ironing Board,false,,
dc-ironing-board-veit-4419-hb-1294,Buckeye Dry Cleaning Pads & Covers 2026,/catalogs/dry-cleaning-catalog.pdf,26,Finishing - Ironing Boards covers and pads,Veit,4419,Pad,HB-1294,50 oz. Bonn-E-Blue,51 x 26,Finishing/Ironing Board,false,,
dc-ironing-board-veit-4440-s-b-varoset-pk-2167,Buckeye Dry Cleaning Pads & Covers 2026,/catalogs/dry-cleaning-catalog.pdf,26,Finishing - Ironing Boards covers and pads,Veit,4440 S & B Varoset,Pro-Knit Cover,PK-2167,Pro-Knit,56 x 21 x 11,Finishing/Ironing Board,false,,
dc-ironing-board-veit-4440-s-b-varoset-fm-2167,Buckeye Dry Cleaning Pads & Covers 2026,/catalogs/dry-cleaning-catalog.pdf,26,Finishing - Ironing Boards covers and pads,Veit,4440 S & B Varoset,Pad,FM-2167,50 oz. Bonn-E-Blue,56 x 21 x 11,Finishing/Ironing Board,false,,
dc-ironing-board-veit-14440300-10-hs-2097,Buckeye Dry Cleaning Pads & Covers 2026,/catalogs/dry-cleaning-catalog.pdf,26,Finishing - Ironing Boards covers and pads,Veit,14440300 10,Aramid Cover,HS-2097,Hi-Spun Aramid,49 x 20 x 12,Finishing/Ironing Board,false,,
dc-ironing-board-veit-14440300-10-fb-2097,Buckeye Dry Cleaning Pads & Covers 2026,/catalogs/dry-cleaning-catalog.pdf,26,Finishing - Ironing Boards covers and pads,Veit,14440300 10,Pad,FB-2097,50 oz. Bonn-E-Blue,49 x 20 x 12,Finishing/Ironing Board,false,,
dc-forenta-forse-18-vspc-pro-1078,Buckeye Dry Cleaning Pads & Covers 2026,/catalogs/dry-cleaning-catalog.pdf,28,Forenta/Forse buck pads and head plates,Forenta/Forse,18-VSPC,Pad/Cover,PRO-1078,Tan Pro-Finish 861,18 x 9,Mushroom,true,,Grouped Forenta/Forse catalog table row.
dc-forenta-forse-18-vspc-rpro-1078,Buckeye Dry Cleaning Pads & Covers 2026,/catalogs/dry-cleaning-catalog.pdf,28,Forenta/Forse buck pads and head plates,Forenta/Forse,18-VSPC,Pad/Cover,RPRO-1078,Red Pro-Finish 861,18 x 9,Mushroom,true,,Grouped Forenta/Forse catalog table row.
dc-forenta-forse-18-vspc-tgp-123,Buckeye Dry Cleaning Pads & Covers 2026,/catalogs/dry-cleaning-catalog.pdf,28,Forenta/Forse buck pads and head plates,Forenta/Forse,18-VSPC,Teflon Grid Plate,TGP-123,Teflon Grid Plate,18 x 9,Mushroom,true,,Grouped Forenta/Forse catalog table row.
dc-forenta-forse-19-st-pro-690,Buckeye Dry Cleaning Pads & Covers 2026,/catalogs/dry-cleaning-catalog.pdf,28,Forenta/Forse buck pads and head plates,Forenta/Forse,19-ST,Pad/Cover,PRO-690,Tan Pro-Finish 861,21 x 13 x 10,Mushroom topper,true,,Grouped Forenta/Forse catalog table row.
dc-forenta-forse-19-st-rpro-690,Buckeye Dry Cleaning Pads & Covers 2026,/catalogs/dry-cleaning-catalog.pdf,28,Forenta/Forse buck pads and head plates,Forenta/Forse,19-ST,Pad/Cover,RPRO-690,Red Pro-Finish 861,21 x 13 x 10,Mushroom topper,true,,Grouped Forenta/Forse catalog table row.
dc-forenta-forse-19-st-mfhp-116,Buckeye Dry Cleaning Pads & Covers 2026,/catalogs/dry-cleaning-catalog.pdf,28,Forenta/Forse buck pads and head plates,Forenta/Forse,19-ST,Head Plate,MFHP-116,White Master Finish,21 x 13 x 10,Mushroom topper,true,,Grouped Forenta/Forse catalog table row.
dc-forenta-forse-19-st-bmfhp-116,Buckeye Dry Cleaning Pads & Covers 2026,/catalogs/dry-cleaning-catalog.pdf,28,Forenta/Forse buck pads and head plates,Forenta/Forse,19-ST,Head Plate,BMFHP-116,Black Master Finish,21 x 13 x 10,Mushroom topper,true,,Grouped Forenta/Forse catalog table row.
dc-forenta-forse-19-st-tgp-116,Buckeye Dry Cleaning Pads & Covers 2026,/catalogs/dry-cleaning-catalog.pdf,28,Forenta/Forse buck pads and head plates,Forenta/Forse,19-ST,Teflon Grid Plate,TGP-116,Teflon Grid Plate,21 x 13 x 10,Mushroom topper,true,,Grouped Forenta/Forse catalog table row.
dc-forenta-forse-19-sth-pro-690,Buckeye Dry Cleaning Pads & Covers 2026,/catalogs/dry-cleaning-catalog.pdf,28,Forenta/Forse buck pads and head plates,Forenta/Forse,19-STH,Pad/Cover,PRO-690,Tan Pro-Finish 861,21 x 13 x 10,Mushroom topper,true,,Grouped Forenta/Forse catalog table row.
dc-forenta-forse-19-sth-rpro-690,Buckeye Dry Cleaning Pads & Covers 2026,/catalogs/dry-cleaning-catalog.pdf,28,Forenta/Forse buck pads and head plates,Forenta/Forse,19-STH,Pad/Cover,RPRO-690,Red Pro-Finish 861,21 x 13 x 10,Mushroom topper,true,,Grouped Forenta/Forse catalog table row.
dc-forenta-forse-19-sth-mfhp-116,Buckeye Dry Cleaning Pads & Covers 2026,/catalogs/dry-cleaning-catalog.pdf,28,Forenta/Forse buck pads and head plates,Forenta/Forse,19-STH,Head Plate,MFHP-116,White Master Finish,21 x 13 x 10,Mushroom topper,true,,Grouped Forenta/Forse catalog table row.
dc-forenta-forse-19-sth-bmfhp-116,Buckeye Dry Cleaning Pads & Covers 2026,/catalogs/dry-cleaning-catalog.pdf,28,Forenta/Forse buck pads and head plates,Forenta/Forse,19-STH,Head Plate,BMFHP-116,Black Master Finish,21 x 13 x 10,Mushroom topper,true,,Grouped Forenta/Forse catalog table row.
dc-forenta-forse-19-sth-tgp-116,Buckeye Dry Cleaning Pads & Covers 2026,/catalogs/dry-cleaning-catalog.pdf,28,Forenta/Forse buck pads and head plates,Forenta/Forse,19-STH,Teflon Grid Plate,TGP-116,Teflon Grid Plate,21 x 13 x 10,Mushroom topper,true,,Grouped Forenta/Forse catalog table row.
dc-forenta-forse-19-suh-pro-690,Buckeye Dry Cleaning Pads & Covers 2026,/catalogs/dry-cleaning-catalog.pdf,28,Forenta/Forse buck pads and head plates,Forenta/Forse,19-SUH,Pad/Cover,PRO-690,Tan Pro-Finish 861,21 x 13 x 10,Mushroom topper,true,,Grouped Forenta/Forse catalog table row.
dc-forenta-forse-19-suh-rpro-690,Buckeye Dry Cleaning Pads & Covers 2026,/catalogs/dry-cleaning-catalog.pdf,28,Forenta/Forse buck pads and head plates,Forenta/Forse,19-SUH,Pad/Cover,RPRO-690,Red Pro-Finish 861,21 x 13 x 10,Mushroom topper,true,,Grouped Forenta/Forse catalog table row.
dc-forenta-forse-19-suh-mfhp-116,Buckeye Dry Cleaning Pads & Covers 2026,/catalogs/dry-cleaning-catalog.pdf,28,Forenta/Forse buck pads and head plates,Forenta/Forse,19-SUH,Head Plate,MFHP-116,White Master Finish,21 x 13 x 10,Mushroom topper,true,,Grouped Forenta/Forse catalog table row.
dc-forenta-forse-19-suh-bmfhp-116,Buckeye Dry Cleaning Pads & Covers 2026,/catalogs/dry-cleaning-catalog.pdf,28,Forenta/Forse buck pads and head plates,Forenta/Forse,19-SUH,Head Plate,BMFHP-116,Black Master Finish,21 x 13 x 10,Mushroom topper,true,,Grouped Forenta/Forse catalog table row.
dc-forenta-forse-19-suh-tgp-116,Buckeye Dry Cleaning Pads & Covers 2026,/catalogs/dry-cleaning-catalog.pdf,28,Forenta/Forse buck pads and head plates,Forenta/Forse,19-SUH,Teflon Grid Plate,TGP-116,Teflon Grid Plate,21 x 13 x 10,Mushroom topper,true,,Grouped Forenta/Forse catalog table row.
dc-forenta-forse-19-vspc-pro-690,Buckeye Dry Cleaning Pads & Covers 2026,/catalogs/dry-cleaning-catalog.pdf,28,Forenta/Forse buck pads and head plates,Forenta/Forse,19-VSPC,Pad/Cover,PRO-690,Tan Pro-Finish 861,21 x 13 x 10,Mushroom topper,true,,Grouped Forenta/Forse catalog table row.
dc-forenta-forse-19-vspc-rpro-690,Buckeye Dry Cleaning Pads & Covers 2026,/catalogs/dry-cleaning-catalog.pdf,28,Forenta/Forse buck pads and head plates,Forenta/Forse,19-VSPC,Pad/Cover,RPRO-690,Red Pro-Finish 861,21 x 13 x 10,Mushroom topper,true,,Grouped Forenta/Forse catalog table row.
dc-forenta-forse-19-vspc-mfhp-116,Buckeye Dry Cleaning Pads & Covers 2026,/catalogs/dry-cleaning-catalog.pdf,28,Forenta/Forse buck pads and head plates,Forenta/Forse,19-VSPC,Head Plate,MFHP-116,White Master Finish,21 x 13 x 10,Mushroom topper,true,,Grouped Forenta/Forse catalog table row.
dc-forenta-forse-19-vspc-bmfhp-116,Buckeye Dry Cleaning Pads & Covers 2026,/catalogs/dry-cleaning-catalog.pdf,28,Forenta/Forse buck pads and head plates,Forenta/Forse,19-VSPC,Head Plate,BMFHP-116,Black Master Finish,21 x 13 x 10,Mushroom topper,true,,Grouped Forenta/Forse catalog table row.
dc-forenta-forse-19-vspc-tgp-116,Buckeye Dry Cleaning Pads & Covers 2026,/catalogs/dry-cleaning-catalog.pdf,28,Forenta/Forse buck pads and head plates,Forenta/Forse,19-VSPC,Teflon Grid Plate,TGP-116,Teflon Grid Plate,21 x 13 x 10,Mushroom topper,true,,Grouped Forenta/Forse catalog table row.
dc-forenta-forse-19-vst-pro-690,Buckeye Dry Cleaning Pads & Covers 2026,/catalogs/dry-cleaning-catalog.pdf,28,Forenta/Forse buck pads and head plates,Forenta/Forse,19-VST,Pad/Cover,PRO-690,Tan Pro-Finish 861,21 x 13 x 10,Mushroom topper,true,,Grouped Forenta/Forse catalog table row.
dc-forenta-forse-19-vst-rpro-690,Buckeye Dry Cleaning Pads & Covers 2026,/catalogs/dry-cleaning-catalog.pdf,28,Forenta/Forse buck pads and head plates,Forenta/Forse,19-VST,Pad/Cover,RPRO-690,Red Pro-Finish 861,21 x 13 x 10,Mushroom topper,true,,Grouped Forenta/Forse catalog table row.
dc-forenta-forse-19-vst-mfhp-116,Buckeye Dry Cleaning Pads & Covers 2026,/catalogs/dry-cleaning-catalog.pdf,28,Forenta/Forse buck pads and head plates,Forenta/Forse,19-VST,Head Plate,MFHP-116,White Master Finish,21 x 13 x 10,Mushroom topper,true,,Grouped Forenta/Forse catalog table row.
dc-forenta-forse-19-vst-bmfhp-116,Buckeye Dry Cleaning Pads & Covers 2026,/catalogs/dry-cleaning-catalog.pdf,28,Forenta/Forse buck pads and head plates,Forenta/Forse,19-VST,Head Plate,BMFHP-116,Black Master Finish,21 x 13 x 10,Mushroom topper,true,,Grouped Forenta/Forse catalog table row.
dc-forenta-forse-19-vst-tgp-116,Buckeye Dry Cleaning Pads & Covers 2026,/catalogs/dry-cleaning-catalog.pdf,28,Forenta/Forse buck pads and head plates,Forenta/Forse,19-VST,Teflon Grid Plate,TGP-116,Teflon Grid Plate,21 x 13 x 10,Mushroom topper,true,,Grouped Forenta/Forse catalog table row.
dc-forenta-forse-21-vs-pro-1187,Buckeye Dry Cleaning Pads & Covers 2026,/catalogs/dry-cleaning-catalog.pdf,28,Forenta/Forse buck pads and head plates,Forenta/Forse,21-VS,Pad/Cover,PRO-1187,Tan Pro-Finish 861,40 x 13 x 9,Utility - offset,true,,Grouped Forenta/Forse catalog table row.
dc-forenta-forse-21-vs-rpro-1187,Buckeye Dry Cleaning Pads & Covers 2026,/catalogs/dry-cleaning-catalog.pdf,28,Forenta/Forse buck pads and head plates,Forenta/Forse,21-VS,Pad/Cover,RPRO-1187,Red Pro-Finish 861,40 x 13 x 9,Utility - offset,true,,Grouped Forenta/Forse catalog table row.
dc-forenta-forse-21-vs-mfhp-110,Buckeye Dry Cleaning Pads & Covers 2026,/catalogs/dry-cleaning-catalog.pdf,28,Forenta/Forse buck pads and head plates,Forenta/Forse,21-VS,Head Plate,MFHP-110,White Master Finish,40 x 13 x 9,Utility - offset,true,,Grouped Forenta/Forse catalog table row.
dc-forenta-forse-21-vs-bmfhp-110,Buckeye Dry Cleaning Pads & Covers 2026,/catalogs/dry-cleaning-catalog.pdf,28,Forenta/Forse buck pads and head plates,Forenta/Forse,21-VS,Head Plate,BMFHP-110,Black Master Finish,40 x 13 x 9,Utility - offset,true,,Grouped Forenta/Forse catalog table row.
dc-forenta-forse-21-vs-tgp-110,Buckeye Dry Cleaning Pads & Covers 2026,/catalogs/dry-cleaning-catalog.pdf,28,Forenta/Forse buck pads and head plates,Forenta/Forse,21-VS,Teflon Grid Plate,TGP-110,Teflon Grid Plate,40 x 13 x 9,Utility - offset,true,,Grouped Forenta/Forse catalog table row.
dc-forenta-forse-42-cos-cou-pro-832,Buckeye Dry Cleaning Pads & Covers 2026,/catalogs/dry-cleaning-catalog.pdf,28,Forenta/Forse buck pads and head plates,Forenta/Forse,42-COS/COU,Pad/Cover,PRO-832,Tan Pro-Finish 861,40 x 13 x 9,Utility,true,,Grouped Forenta/Forse catalog table row.
dc-forenta-forse-42-cos-cou-rpro-832,Buckeye Dry Cleaning Pads & Covers 2026,/catalogs/dry-cleaning-catalog.pdf,28,Forenta/Forse buck pads and head plates,Forenta/Forse,42-COS/COU,Pad/Cover,RPRO-832,Red Pro-Finish 861,40 x 13 x 9,Utility,true,,Grouped Forenta/Forse catalog table row.
dc-forenta-forse-42-cos-cou-mfhp-18,Buckeye Dry Cleaning Pads & Covers 2026,/catalogs/dry-cleaning-catalog.pdf,28,Forenta/Forse buck pads and head plates,Forenta/Forse,42-COS/COU,Head Plate,MFHP-18,White Master Finish,40 x 13 x 9,Utility,true,,Grouped Forenta/Forse catalog table row.
dc-forenta-forse-42-cos-cou-bmfhp-18,Buckeye Dry Cleaning Pads & Covers 2026,/catalogs/dry-cleaning-catalog.pdf,28,Forenta/Forse buck pads and head plates,Forenta/Forse,42-COS/COU,Head Plate,BMFHP-18,Black Master Finish,40 x 13 x 9,Utility,true,,Grouped Forenta/Forse catalog table row.
dc-forenta-forse-42-cos-cou-tgp-18,Buckeye Dry Cleaning Pads & Covers 2026,/catalogs/dry-cleaning-catalog.pdf,28,Forenta/Forse buck pads and head plates,Forenta/Forse,42-COS/COU,Teflon Grid Plate,TGP-18,Teflon Grid Plate,40 x 13 x 9,Utility,true,,Grouped Forenta/Forse catalog table row.
dc-forenta-forse-42-fgr-pro-832,Buckeye Dry Cleaning Pads & Covers 2026,/catalogs/dry-cleaning-catalog.pdf,28,Forenta/Forse buck pads and head plates,Forenta/Forse,42-FGR,Pad/Cover,PRO-832,Tan Pro-Finish 861,40 x 13 x 9,Utility,true,,Grouped Forenta/Forse catalog table row.
dc-forenta-forse-42-fgr-rpro-832,Buckeye Dry Cleaning Pads & Covers 2026,/catalogs/dry-cleaning-catalog.pdf,28,Forenta/Forse buck pads and head plates,Forenta/Forse,42-FGR,Pad/Cover,RPRO-832,Red Pro-Finish 861,40 x 13 x 9,Utility,true,,Grouped Forenta/Forse catalog table row.
dc-forenta-forse-42-fgr-mfhp-18,Buckeye Dry Cleaning Pads & Covers 2026,/catalogs/dry-cleaning-catalog.pdf,28,Forenta/Forse buck pads and head plates,Forenta/Forse,42-FGR,Head Plate,MFHP-18,White Master Finish,40 x 13 x 9,Utility,true,,Grouped Forenta/Forse catalog table row.
dc-forenta-forse-42-fgr-bmfhp-18,Buckeye Dry Cleaning Pads & Covers 2026,/catalogs/dry-cleaning-catalog.pdf,28,Forenta/Forse buck pads and head plates,Forenta/Forse,42-FGR,Head Plate,BMFHP-18,Black Master Finish,40 x 13 x 9,Utility,true,,Grouped Forenta/Forse catalog table row.
dc-forenta-forse-42-fgr-tgp-18,Buckeye Dry Cleaning Pads & Covers 2026,/catalogs/dry-cleaning-catalog.pdf,28,Forenta/Forse buck pads and head plates,Forenta/Forse,42-FGR,Teflon Grid Plate,TGP-18,Teflon Grid Plate,40 x 13 x 9,Utility,true,,Grouped Forenta/Forse catalog table row.
dc-forenta-forse-42-fl-pro-832,Buckeye Dry Cleaning Pads & Covers 2026,/catalogs/dry-cleaning-catalog.pdf,28,Forenta/Forse buck pads and head plates,Forenta/Forse,42-FL,Pad/Cover,PRO-832,Tan Pro-Finish 861,40 x 13 x 9,Utility,true,,Grouped Forenta/Forse catalog table row.
dc-forenta-forse-42-fl-rpro-832,Buckeye Dry Cleaning Pads & Covers 2026,/catalogs/dry-cleaning-catalog.pdf,28,Forenta/Forse buck pads and head plates,Forenta/Forse,42-FL,Pad/Cover,RPRO-832,Red Pro-Finish 861,40 x 13 x 9,Utility,true,,Grouped Forenta/Forse catalog table row.
dc-forenta-forse-42-fl-mfhp-18,Buckeye Dry Cleaning Pads & Covers 2026,/catalogs/dry-cleaning-catalog.pdf,28,Forenta/Forse buck pads and head plates,Forenta/Forse,42-FL,Head Plate,MFHP-18,White Master Finish,40 x 13 x 9,Utility,true,,Grouped Forenta/Forse catalog table row.
dc-forenta-forse-42-fl-bmfhp-18,Buckeye Dry Cleaning Pads & Covers 2026,/catalogs/dry-cleaning-catalog.pdf,28,Forenta/Forse buck pads and head plates,Forenta/Forse,42-FL,Head Plate,BMFHP-18,Black Master Finish,40 x 13 x 9,Utility,true,,Grouped Forenta/Forse catalog table row.
dc-forenta-forse-42-fl-tgp-18,Buckeye Dry Cleaning Pads & Covers 2026,/catalogs/dry-cleaning-catalog.pdf,28,Forenta/Forse buck pads and head plates,Forenta/Forse,42-FL,Teflon Grid Plate,TGP-18,Teflon Grid Plate,40 x 13 x 9,Utility,true,,Grouped Forenta/Forse catalog table row.
dc-forenta-forse-42-fol-pro-832,Buckeye Dry Cleaning Pads & Covers 2026,/catalogs/dry-cleaning-catalog.pdf,28,Forenta/Forse buck pads and head plates,Forenta/Forse,42-FOL,Pad/Cover,PRO-832,Tan Pro-Finish 861,40 x 13 x 9,Utility,true,,Grouped Forenta/Forse catalog table row.
dc-forenta-forse-42-fol-rpro-832,Buckeye Dry Cleaning Pads & Covers 2026,/catalogs/dry-cleaning-catalog.pdf,28,Forenta/Forse buck pads and head plates,Forenta/Forse,42-FOL,Pad/Cover,RPRO-832,Red Pro-Finish 861,40 x 13 x 9,Utility,true,,Grouped Forenta/Forse catalog table row.
dc-forenta-forse-42-fol-mfhp-18,Buckeye Dry Cleaning Pads & Covers 2026,/catalogs/dry-cleaning-catalog.pdf,28,Forenta/Forse buck pads and head plates,Forenta/Forse,42-FOL,Head Plate,MFHP-18,White Master Finish,40 x 13 x 9,Utility,true,,Grouped Forenta/Forse catalog table row.
dc-forenta-forse-42-fol-bmfhp-18,Buckeye Dry Cleaning Pads & Covers 2026,/catalogs/dry-cleaning-catalog.pdf,28,Forenta/Forse buck pads and head plates,Forenta/Forse,42-FOL,Head Plate,BMFHP-18,Black Master Finish,40 x 13 x 9,Utility,true,,Grouped Forenta/Forse catalog table row.
dc-forenta-forse-42-fol-tgp-18,Buckeye Dry Cleaning Pads & Covers 2026,/catalogs/dry-cleaning-catalog.pdf,28,Forenta/Forse buck pads and head plates,Forenta/Forse,42-FOL,Teflon Grid Plate,TGP-18,Teflon Grid Plate,40 x 13 x 9,Utility,true,,Grouped Forenta/Forse catalog table row.
dc-forenta-forse-42-for-pro-832,Buckeye Dry Cleaning Pads & Covers 2026,/catalogs/dry-cleaning-catalog.pdf,28,Forenta/Forse buck pads and head plates,Forenta/Forse,42-FOR,Pad/Cover,PRO-832,Tan Pro-Finish 861,40 x 13 x 9,Utility,true,,Grouped Forenta/Forse catalog table row.
dc-forenta-forse-42-for-rpro-832,Buckeye Dry Cleaning Pads & Covers 2026,/catalogs/dry-cleaning-catalog.pdf,28,Forenta/Forse buck pads and head plates,Forenta/Forse,42-FOR,Pad/Cover,RPRO-832,Red Pro-Finish 861,40 x 13 x 9,Utility,true,,Grouped Forenta/Forse catalog table row.
dc-forenta-forse-42-for-mfhp-18,Buckeye Dry Cleaning Pads & Covers 2026,/catalogs/dry-cleaning-catalog.pdf,28,Forenta/Forse buck pads and head plates,Forenta/Forse,42-FOR,Head Plate,MFHP-18,White Master Finish,40 x 13 x 9,Utility,true,,Grouped Forenta/Forse catalog table row.
dc-forenta-forse-42-for-bmfhp-18,Buckeye Dry Cleaning Pads & Covers 2026,/catalogs/dry-cleaning-catalog.pdf,28,Forenta/Forse buck pads and head plates,Forenta/Forse,42-FOR,Head Plate,BMFHP-18,Black Master Finish,40 x 13 x 9,Utility,true,,Grouped Forenta/Forse catalog table row.
dc-forenta-forse-42-for-tgp-18,Buckeye Dry Cleaning Pads & Covers 2026,/catalogs/dry-cleaning-catalog.pdf,28,Forenta/Forse buck pads and head plates,Forenta/Forse,42-FOR,Teflon Grid Plate,TGP-18,Teflon Grid Plate,40 x 13 x 9,Utility,true,,Grouped Forenta/Forse catalog table row.
dc-forenta-forse-42-fr-pro-832,Buckeye Dry Cleaning Pads & Covers 2026,/catalogs/dry-cleaning-catalog.pdf,28,Forenta/Forse buck pads and head plates,Forenta/Forse,42-FR,Pad/Cover,PRO-832,Tan Pro-Finish 861,40 x 13 x 9,Utility,true,,Grouped Forenta/Forse catalog table row.
dc-forenta-forse-42-fr-rpro-832,Buckeye Dry Cleaning Pads & Covers 2026,/catalogs/dry-cleaning-catalog.pdf,28,Forenta/Forse buck pads and head plates,Forenta/Forse,42-FR,Pad/Cover,RPRO-832,Red Pro-Finish 861,40 x 13 x 9,Utility,true,,Grouped Forenta/Forse catalog table row.
dc-forenta-forse-42-fr-mfhp-18,Buckeye Dry Cleaning Pads & Covers 2026,/catalogs/dry-cleaning-catalog.pdf,28,Forenta/Forse buck pads and head plates,Forenta/Forse,42-FR,Head Plate,MFHP-18,White Master Finish,40 x 13 x 9,Utility,true,,Grouped Forenta/Forse catalog table row.
dc-forenta-forse-42-fr-bmfhp-18,Buckeye Dry Cleaning Pads & Covers 2026,/catalogs/dry-cleaning-catalog.pdf,28,Forenta/Forse buck pads and head plates,Forenta/Forse,42-FR,Head Plate,BMFHP-18,Black Master Finish,40 x 13 x 9,Utility,true,,Grouped Forenta/Forse catalog table row.
dc-forenta-forse-42-fr-tgp-18,Buckeye Dry Cleaning Pads & Covers 2026,/catalogs/dry-cleaning-catalog.pdf,28,Forenta/Forse buck pads and head plates,Forenta/Forse,42-FR,Teflon Grid Plate,TGP-18,Teflon Grid Plate,40 x 13 x 9,Utility,true,,Grouped Forenta/Forse catalog table row.
dc-forenta-forse-42-sulb-pro-832,Buckeye Dry Cleaning Pads & Covers 2026,/catalogs/dry-cleaning-catalog.pdf,28,Forenta/Forse buck pads and head plates,Forenta/Forse,42-SULB,Pad/Cover,PRO-832,Tan Pro-Finish 861,40 x 13 x 9,Utility,true,,Grouped Forenta/Forse catalog table row.
dc-forenta-forse-42-sulb-rpro-832,Buckeye Dry Cleaning Pads & Covers 2026,/catalogs/dry-cleaning-catalog.pdf,28,Forenta/Forse buck pads and head plates,Forenta/Forse,42-SULB,Pad/Cover,RPRO-832,Red Pro-Finish 861,40 x 13 x 9,Utility,true,,Grouped Forenta/Forse catalog table row.
dc-forenta-forse-42-sulb-mfhp-18,Buckeye Dry Cleaning Pads & Covers 2026,/catalogs/dry-cleaning-catalog.pdf,28,Forenta/Forse buck pads and head plates,Forenta/Forse,42-SULB,Head Plate,MFHP-18,White Master Finish,40 x 13 x 9,Utility,true,,Grouped Forenta/Forse catalog table row.
dc-forenta-forse-42-sulb-bmfhp-18,Buckeye Dry Cleaning Pads & Covers 2026,/catalogs/dry-cleaning-catalog.pdf,28,Forenta/Forse buck pads and head plates,Forenta/Forse,42-SULB,Head Plate,BMFHP-18,Black Master Finish,40 x 13 x 9,Utility,true,,Grouped Forenta/Forse catalog table row.
dc-forenta-forse-42-sulb-tgp-18,Buckeye Dry Cleaning Pads & Covers 2026,/catalogs/dry-cleaning-catalog.pdf,28,Forenta/Forse buck pads and head plates,Forenta/Forse,42-SULB,Teflon Grid Plate,TGP-18,Teflon Grid Plate,40 x 13 x 9,Utility,true,,Grouped Forenta/Forse catalog table row.
dc-forenta-forse-42-sur-pro-832,Buckeye Dry Cleaning Pads & Covers 2026,/catalogs/dry-cleaning-catalog.pdf,28,Forenta/Forse buck pads and head plates,Forenta/Forse,42-SUR,Pad/Cover,PRO-832,Tan Pro-Finish 861,40 x 13 x 9,Utility,true,,Grouped Forenta/Forse catalog table row.
dc-forenta-forse-42-sur-rpro-832,Buckeye Dry Cleaning Pads & Covers 2026,/catalogs/dry-cleaning-catalog.pdf,28,Forenta/Forse buck pads and head plates,Forenta/Forse,42-SUR,Pad/Cover,RPRO-832,Red Pro-Finish 861,40 x 13 x 9,Utility,true,,Grouped Forenta/Forse catalog table row.
dc-forenta-forse-42-sur-mfhp-18,Buckeye Dry Cleaning Pads & Covers 2026,/catalogs/dry-cleaning-catalog.pdf,28,Forenta/Forse buck pads and head plates,Forenta/Forse,42-SUR,Head Plate,MFHP-18,White Master Finish,40 x 13 x 9,Utility,true,,Grouped Forenta/Forse catalog table row.
dc-forenta-forse-42-sur-bmfhp-18,Buckeye Dry Cleaning Pads & Covers 2026,/catalogs/dry-cleaning-catalog.pdf,28,Forenta/Forse buck pads and head plates,Forenta/Forse,42-SUR,Head Plate,BMFHP-18,Black Master Finish,40 x 13 x 9,Utility,true,,Grouped Forenta/Forse catalog table row.
dc-forenta-forse-42-sur-tgp-18,Buckeye Dry Cleaning Pads & Covers 2026,/catalogs/dry-cleaning-catalog.pdf,28,Forenta/Forse buck pads and head plates,Forenta/Forse,42-SUR,Teflon Grid Plate,TGP-18,Teflon Grid Plate,40 x 13 x 9,Utility,true,,Grouped Forenta/Forse catalog table row.
dc-forenta-forse-42-surb-pro-832,Buckeye Dry Cleaning Pads & Covers 2026,/catalogs/dry-cleaning-catalog.pdf,28,Forenta/Forse buck pads and head plates,Forenta/Forse,42-SURB,Pad/Cover,PRO-832,Tan Pro-Finish 861,40 x 13 x 9,Utility,true,,Grouped Forenta/Forse catalog table row.
dc-forenta-forse-42-surb-rpro-832,Buckeye Dry Cleaning Pads & Covers 2026,/catalogs/dry-cleaning-catalog.pdf,28,Forenta/Forse buck pads and head plates,Forenta/Forse,42-SURB,Pad/Cover,RPRO-832,Red Pro-Finish 861,40 x 13 x 9,Utility,true,,Grouped Forenta/Forse catalog table row.
dc-forenta-forse-42-surb-mfhp-18,Buckeye Dry Cleaning Pads & Covers 2026,/catalogs/dry-cleaning-catalog.pdf,28,Forenta/Forse buck pads and head plates,Forenta/Forse,42-SURB,Head Plate,MFHP-18,White Master Finish,40 x 13 x 9,Utility,true,,Grouped Forenta/Forse catalog table row.
dc-forenta-forse-42-surb-bmfhp-18,Buckeye Dry Cleaning Pads & Covers 2026,/catalogs/dry-cleaning-catalog.pdf,28,Forenta/Forse buck pads and head plates,Forenta/Forse,42-SURB,Head Plate,BMFHP-18,Black Master Finish,40 x 13 x 9,Utility,true,,Grouped Forenta/Forse catalog table row.
dc-forenta-forse-42-surb-tgp-18,Buckeye Dry Cleaning Pads & Covers 2026,/catalogs/dry-cleaning-catalog.pdf,28,Forenta/Forse buck pads and head plates,Forenta/Forse,42-SURB,Teflon Grid Plate,TGP-18,Teflon Grid Plate,40 x 13 x 9,Utility,true,,Grouped Forenta/Forse catalog table row.
dc-forenta-forse-42-surm-pro-832,Buckeye Dry Cleaning Pads & Covers 2026,/catalogs/dry-cleaning-catalog.pdf,28,Forenta/Forse buck pads and head plates,Forenta/Forse,42-SURM,Pad/Cover,PRO-832,Tan Pro-Finish 861,40 x 13 x 9,Utility,true,,Grouped Forenta/Forse catalog table row.
dc-forenta-forse-42-surm-rpro-832,Buckeye Dry Cleaning Pads & Covers 2026,/catalogs/dry-cleaning-catalog.pdf,28,Forenta/Forse buck pads and head plates,Forenta/Forse,42-SURM,Pad/Cover,RPRO-832,Red Pro-Finish 861,40 x 13 x 9,Utility,true,,Grouped Forenta/Forse catalog table row.
dc-forenta-forse-42-surm-mfhp-18,Buckeye Dry Cleaning Pads & Covers 2026,/catalogs/dry-cleaning-catalog.pdf,28,Forenta/Forse buck pads and head plates,Forenta/Forse,42-SURM,Head Plate,MFHP-18,White Master Finish,40 x 13 x 9,Utility,true,,Grouped Forenta/Forse catalog table row.
dc-forenta-forse-42-surm-bmfhp-18,Buckeye Dry Cleaning Pads & Covers 2026,/catalogs/dry-cleaning-catalog.pdf,28,Forenta/Forse buck pads and head plates,Forenta/Forse,42-SURM,Head Plate,BMFHP-18,Black Master Finish,40 x 13 x 9,Utility,true,,Grouped Forenta/Forse catalog table row.
dc-forenta-forse-42-surm-tgp-18,Buckeye Dry Cleaning Pads & Covers 2026,/catalogs/dry-cleaning-catalog.pdf,28,Forenta/Forse buck pads and head plates,Forenta/Forse,42-SURM,Teflon Grid Plate,TGP-18,Teflon Grid Plate,40 x 13 x 9,Utility,true,,Grouped Forenta/Forse catalog table row.
dc-forenta-forse-42-vlr-pro-832,Buckeye Dry Cleaning Pads & Covers 2026,/catalogs/dry-cleaning-catalog.pdf,28,Forenta/Forse buck pads and head plates,Forenta/Forse,42-VLR,Pad/Cover,PRO-832,Tan Pro-Finish 861,40 x 13 x 9,Utility,true,,Grouped Forenta/Forse catalog table row.
dc-forenta-forse-42-vlr-rpro-832,Buckeye Dry Cleaning Pads & Covers 2026,/catalogs/dry-cleaning-catalog.pdf,28,Forenta/Forse buck pads and head plates,Forenta/Forse,42-VLR,Pad/Cover,RPRO-832,Red Pro-Finish 861,40 x 13 x 9,Utility,true,,Grouped Forenta/Forse catalog table row.
dc-forenta-forse-42-vlr-mfhp-18,Buckeye Dry Cleaning Pads & Covers 2026,/catalogs/dry-cleaning-catalog.pdf,28,Forenta/Forse buck pads and head plates,Forenta/Forse,42-VLR,Head Plate,MFHP-18,White Master Finish,40 x 13 x 9,Utility,true,,Grouped Forenta/Forse catalog table row.
dc-forenta-forse-42-vlr-bmfhp-18,Buckeye Dry Cleaning Pads & Covers 2026,/catalogs/dry-cleaning-catalog.pdf,28,Forenta/Forse buck pads and head plates,Forenta/Forse,42-VLR,Head Plate,BMFHP-18,Black Master Finish,40 x 13 x 9,Utility,true,,Grouped Forenta/Forse catalog table row.
dc-forenta-forse-42-vlr-tgp-18,Buckeye Dry Cleaning Pads & Covers 2026,/catalogs/dry-cleaning-catalog.pdf,28,Forenta/Forse buck pads and head plates,Forenta/Forse,42-VLR,Teflon Grid Plate,TGP-18,Teflon Grid Plate,40 x 13 x 9,Utility,true,,Grouped Forenta/Forse catalog table row.
dc-forenta-forse-42-yola-pro-832,Buckeye Dry Cleaning Pads & Covers 2026,/catalogs/dry-cleaning-catalog.pdf,28,Forenta/Forse buck pads and head plates,Forenta/Forse,42-YOLA,Pad/Cover,PRO-832,Tan Pro-Finish 861,40 x 13 x 9,Utility,true,,Grouped Forenta/Forse catalog table row.
dc-forenta-forse-42-yola-rpro-832,Buckeye Dry Cleaning Pads & Covers 2026,/catalogs/dry-cleaning-catalog.pdf,28,Forenta/Forse buck pads and head plates,Forenta/Forse,42-YOLA,Pad/Cover,RPRO-832,Red Pro-Finish 861,40 x 13 x 9,Utility,true,,Grouped Forenta/Forse catalog table row.
dc-forenta-forse-42-yola-mfhp-18,Buckeye Dry Cleaning Pads & Covers 2026,/catalogs/dry-cleaning-catalog.pdf,28,Forenta/Forse buck pads and head plates,Forenta/Forse,42-YOLA,Head Plate,MFHP-18,White Master Finish,40 x 13 x 9,Utility,true,,Grouped Forenta/Forse catalog table row.
dc-forenta-forse-42-yola-bmfhp-18,Buckeye Dry Cleaning Pads & Covers 2026,/catalogs/dry-cleaning-catalog.pdf,28,Forenta/Forse buck pads and head plates,Forenta/Forse,42-YOLA,Head Plate,BMFHP-18,Black Master Finish,40 x 13 x 9,Utility,true,,Grouped Forenta/Forse catalog table row.
dc-forenta-forse-42-yola-tgp-18,Buckeye Dry Cleaning Pads & Covers 2026,/catalogs/dry-cleaning-catalog.pdf,28,Forenta/Forse buck pads and head plates,Forenta/Forse,42-YOLA,Teflon Grid Plate,TGP-18,Teflon Grid Plate,40 x 13 x 9,Utility,true,,Grouped Forenta/Forse catalog table row.
dc-forenta-forse-42-yolb-pro-832,Buckeye Dry Cleaning Pads & Covers 2026,/catalogs/dry-cleaning-catalog.pdf,28,Forenta/Forse buck pads and head plates,Forenta/Forse,42-YOLB,Pad/Cover,PRO-832,Tan Pro-Finish 861,40 x 13 x 9,Utility,true,,Grouped Forenta/Forse catalog table row.
dc-forenta-forse-42-yolb-rpro-832,Buckeye Dry Cleaning Pads & Covers 2026,/catalogs/dry-cleaning-catalog.pdf,28,Forenta/Forse buck pads and head plates,Forenta/Forse,42-YOLB,Pad/Cover,RPRO-832,Red Pro-Finish 861,40 x 13 x 9,Utility,true,,Grouped Forenta/Forse catalog table row.
dc-forenta-forse-42-yolb-mfhp-18,Buckeye Dry Cleaning Pads & Covers 2026,/catalogs/dry-cleaning-catalog.pdf,28,Forenta/Forse buck pads and head plates,Forenta/Forse,42-YOLB,Head Plate,MFHP-18,White Master Finish,40 x 13 x 9,Utility,true,,Grouped Forenta/Forse catalog table row.
dc-forenta-forse-42-yolb-bmfhp-18,Buckeye Dry Cleaning Pads & Covers 2026,/catalogs/dry-cleaning-catalog.pdf,28,Forenta/Forse buck pads and head plates,Forenta/Forse,42-YOLB,Head Plate,BMFHP-18,Black Master Finish,40 x 13 x 9,Utility,true,,Grouped Forenta/Forse catalog table row.
dc-forenta-forse-42-yolb-tgp-18,Buckeye Dry Cleaning Pads & Covers 2026,/catalogs/dry-cleaning-catalog.pdf,28,Forenta/Forse buck pads and head plates,Forenta/Forse,42-YOLB,Teflon Grid Plate,TGP-18,Teflon Grid Plate,40 x 13 x 9,Utility,true,,Grouped Forenta/Forse catalog table row.
dc-forenta-forse-42-yorb-pro-832,Buckeye Dry Cleaning Pads & Covers 2026,/catalogs/dry-cleaning-catalog.pdf,28,Forenta/Forse buck pads and head plates,Forenta/Forse,42-YORB,Pad/Cover,PRO-832,Tan Pro-Finish 861,40 x 13 x 9,Utility,true,,Grouped Forenta/Forse catalog table row.
dc-forenta-forse-42-yorb-rpro-832,Buckeye Dry Cleaning Pads & Covers 2026,/catalogs/dry-cleaning-catalog.pdf,28,Forenta/Forse buck pads and head plates,Forenta/Forse,42-YORB,Pad/Cover,RPRO-832,Red Pro-Finish 861,40 x 13 x 9,Utility,true,,Grouped Forenta/Forse catalog table row.
dc-forenta-forse-42-yorb-mfhp-18,Buckeye Dry Cleaning Pads & Covers 2026,/catalogs/dry-cleaning-catalog.pdf,28,Forenta/Forse buck pads and head plates,Forenta/Forse,42-YORB,Head Plate,MFHP-18,White Master Finish,40 x 13 x 9,Utility,true,,Grouped Forenta/Forse catalog table row.
dc-forenta-forse-42-yorb-bmfhp-18,Buckeye Dry Cleaning Pads & Covers 2026,/catalogs/dry-cleaning-catalog.pdf,28,Forenta/Forse buck pads and head plates,Forenta/Forse,42-YORB,Head Plate,BMFHP-18,Black Master Finish,40 x 13 x 9,Utility,true,,Grouped Forenta/Forse catalog table row.
dc-forenta-forse-42-yorb-tgp-18,Buckeye Dry Cleaning Pads & Covers 2026,/catalogs/dry-cleaning-catalog.pdf,28,Forenta/Forse buck pads and head plates,Forenta/Forse,42-YORB,Teflon Grid Plate,TGP-18,Teflon Grid Plate,40 x 13 x 9,Utility,true,,Grouped Forenta/Forse catalog table row.
dc-forenta-forse-46-fgr-pro-836,Buckeye Dry Cleaning Pads & Covers 2026,/catalogs/dry-cleaning-catalog.pdf,28,Forenta/Forse buck pads and head plates,Forenta/Forse,46-FGR,Pad/Cover,PRO-836,Tan Pro-Finish 861,44 1/2 x 13 x 9,Utility,true,,Grouped Forenta/Forse catalog table row.
dc-forenta-forse-46-fgr-rpro-836,Buckeye Dry Cleaning Pads & Covers 2026,/catalogs/dry-cleaning-catalog.pdf,28,Forenta/Forse buck pads and head plates,Forenta/Forse,46-FGR,Pad/Cover,RPRO-836,Red Pro-Finish 861,44 1/2 x 13 x 9,Utility,true,,Grouped Forenta/Forse catalog table row.
dc-forenta-forse-46-fgr-mfhp-16,Buckeye Dry Cleaning Pads & Covers 2026,/catalogs/dry-cleaning-catalog.pdf,28,Forenta/Forse buck pads and head plates,Forenta/Forse,46-FGR,Head Plate,MFHP-16,White Master Finish,44 1/2 x 13 x 9,Utility,true,,Grouped Forenta/Forse catalog table row.
dc-forenta-forse-46-fgr-bmfhp-16,Buckeye Dry Cleaning Pads & Covers 2026,/catalogs/dry-cleaning-catalog.pdf,28,Forenta/Forse buck pads and head plates,Forenta/Forse,46-FGR,Head Plate,BMFHP-16,Black Master Finish,44 1/2 x 13 x 9,Utility,true,,Grouped Forenta/Forse catalog table row.
dc-forenta-forse-46-fgr-tgp-16,Buckeye Dry Cleaning Pads & Covers 2026,/catalogs/dry-cleaning-catalog.pdf,28,Forenta/Forse buck pads and head plates,Forenta/Forse,46-FGR,Teflon Grid Plate,TGP-16,Teflon Grid Plate,44 1/2 x 13 x 9,Utility,true,,Grouped Forenta/Forse catalog table row.
dc-forenta-forse-46-fl-pro-836,Buckeye Dry Cleaning Pads & Covers 2026,/catalogs/dry-cleaning-catalog.pdf,28,Forenta/Forse buck pads and head plates,Forenta/Forse,46-FL,Pad/Cover,PRO-836,Tan Pro-Finish 861,44 1/2 x 13 x 9,Utility,true,,Grouped Forenta/Forse catalog table row.
dc-forenta-forse-46-fl-rpro-836,Buckeye Dry Cleaning Pads & Covers 2026,/catalogs/dry-cleaning-catalog.pdf,28,Forenta/Forse buck pads and head plates,Forenta/Forse,46-FL,Pad/Cover,RPRO-836,Red Pro-Finish 861,44 1/2 x 13 x 9,Utility,true,,Grouped Forenta/Forse catalog table row.
dc-forenta-forse-46-fl-mfhp-16,Buckeye Dry Cleaning Pads & Covers 2026,/catalogs/dry-cleaning-catalog.pdf,28,Forenta/Forse buck pads and head plates,Forenta/Forse,46-FL,Head Plate,MFHP-16,White Master Finish,44 1/2 x 13 x 9,Utility,true,,Grouped Forenta/Forse catalog table row.
dc-forenta-forse-46-fl-bmfhp-16,Buckeye Dry Cleaning Pads & Covers 2026,/catalogs/dry-cleaning-catalog.pdf,28,Forenta/Forse buck pads and head plates,Forenta/Forse,46-FL,Head Plate,BMFHP-16,Black Master Finish,44 1/2 x 13 x 9,Utility,true,,Grouped Forenta/Forse catalog table row.
dc-forenta-forse-46-fl-tgp-16,Buckeye Dry Cleaning Pads & Covers 2026,/catalogs/dry-cleaning-catalog.pdf,28,Forenta/Forse buck pads and head plates,Forenta/Forse,46-FL,Teflon Grid Plate,TGP-16,Teflon Grid Plate,44 1/2 x 13 x 9,Utility,true,,Grouped Forenta/Forse catalog table row.
dc-forenta-forse-46-fol-pro-836,Buckeye Dry Cleaning Pads & Covers 2026,/catalogs/dry-cleaning-catalog.pdf,28,Forenta/Forse buck pads and head plates,Forenta/Forse,46-FOL,Pad/Cover,PRO-836,Tan Pro-Finish 861,44 1/2 x 13 x 9,Utility,true,,Grouped Forenta/Forse catalog table row.
dc-forenta-forse-46-fol-rpro-836,Buckeye Dry Cleaning Pads & Covers 2026,/catalogs/dry-cleaning-catalog.pdf,28,Forenta/Forse buck pads and head plates,Forenta/Forse,46-FOL,Pad/Cover,RPRO-836,Red Pro-Finish 861,44 1/2 x 13 x 9,Utility,true,,Grouped Forenta/Forse catalog table row.
dc-forenta-forse-46-fol-mfhp-16,Buckeye Dry Cleaning Pads & Covers 2026,/catalogs/dry-cleaning-catalog.pdf,28,Forenta/Forse buck pads and head plates,Forenta/Forse,46-FOL,Head Plate,MFHP-16,White Master Finish,44 1/2 x 13 x 9,Utility,true,,Grouped Forenta/Forse catalog table row.
dc-forenta-forse-46-fol-bmfhp-16,Buckeye Dry Cleaning Pads & Covers 2026,/catalogs/dry-cleaning-catalog.pdf,28,Forenta/Forse buck pads and head plates,Forenta/Forse,46-FOL,Head Plate,BMFHP-16,Black Master Finish,44 1/2 x 13 x 9,Utility,true,,Grouped Forenta/Forse catalog table row.
dc-forenta-forse-46-fol-tgp-16,Buckeye Dry Cleaning Pads & Covers 2026,/catalogs/dry-cleaning-catalog.pdf,28,Forenta/Forse buck pads and head plates,Forenta/Forse,46-FOL,Teflon Grid Plate,TGP-16,Teflon Grid Plate,44 1/2 x 13 x 9,Utility,true,,Grouped Forenta/Forse catalog table row.
dc-forenta-forse-46-for-pro-836,Buckeye Dry Cleaning Pads & Covers 2026,/catalogs/dry-cleaning-catalog.pdf,28,Forenta/Forse buck pads and head plates,Forenta/Forse,46-FOR,Pad/Cover,PRO-836,Tan Pro-Finish 861,44 1/2 x 13 x 9,Utility,true,,Grouped Forenta/Forse catalog table row.
dc-forenta-forse-46-for-rpro-836,Buckeye Dry Cleaning Pads & Covers 2026,/catalogs/dry-cleaning-catalog.pdf,28,Forenta/Forse buck pads and head plates,Forenta/Forse,46-FOR,Pad/Cover,RPRO-836,Red Pro-Finish 861,44 1/2 x 13 x 9,Utility,true,,Grouped Forenta/Forse catalog table row.
dc-forenta-forse-46-for-mfhp-16,Buckeye Dry Cleaning Pads & Covers 2026,/catalogs/dry-cleaning-catalog.pdf,28,Forenta/Forse buck pads and head plates,Forenta/Forse,46-FOR,Head Plate,MFHP-16,White Master Finish,44 1/2 x 13 x 9,Utility,true,,Grouped Forenta/Forse catalog table row.
dc-forenta-forse-46-for-bmfhp-16,Buckeye Dry Cleaning Pads & Covers 2026,/catalogs/dry-cleaning-catalog.pdf,28,Forenta/Forse buck pads and head plates,Forenta/Forse,46-FOR,Head Plate,BMFHP-16,Black Master Finish,44 1/2 x 13 x 9,Utility,true,,Grouped Forenta/Forse catalog table row.
dc-forenta-forse-46-for-tgp-16,Buckeye Dry Cleaning Pads & Covers 2026,/catalogs/dry-cleaning-catalog.pdf,28,Forenta/Forse buck pads and head plates,Forenta/Forse,46-FOR,Teflon Grid Plate,TGP-16,Teflon Grid Plate,44 1/2 x 13 x 9,Utility,true,,Grouped Forenta/Forse catalog table row.
dc-forenta-forse-46-fr-pro-836,Buckeye Dry Cleaning Pads & Covers 2026,/catalogs/dry-cleaning-catalog.pdf,28,Forenta/Forse buck pads and head plates,Forenta/Forse,46-FR,Pad/Cover,PRO-836,Tan Pro-Finish 861,44 1/2 x 13 x 9,Utility,true,,Grouped Forenta/Forse catalog table row.
dc-forenta-forse-46-fr-rpro-836,Buckeye Dry Cleaning Pads & Covers 2026,/catalogs/dry-cleaning-catalog.pdf,28,Forenta/Forse buck pads and head plates,Forenta/Forse,46-FR,Pad/Cover,RPRO-836,Red Pro-Finish 861,44 1/2 x 13 x 9,Utility,true,,Grouped Forenta/Forse catalog table row.
dc-forenta-forse-46-fr-mfhp-16,Buckeye Dry Cleaning Pads & Covers 2026,/catalogs/dry-cleaning-catalog.pdf,28,Forenta/Forse buck pads and head plates,Forenta/Forse,46-FR,Head Plate,MFHP-16,White Master Finish,44 1/2 x 13 x 9,Utility,true,,Grouped Forenta/Forse catalog table row.
dc-forenta-forse-46-fr-bmfhp-16,Buckeye Dry Cleaning Pads & Covers 2026,/catalogs/dry-cleaning-catalog.pdf,28,Forenta/Forse buck pads and head plates,Forenta/Forse,46-FR,Head Plate,BMFHP-16,Black Master Finish,44 1/2 x 13 x 9,Utility,true,,Grouped Forenta/Forse catalog table row.
dc-forenta-forse-46-fr-tgp-16,Buckeye Dry Cleaning Pads & Covers 2026,/catalogs/dry-cleaning-catalog.pdf,28,Forenta/Forse buck pads and head plates,Forenta/Forse,46-FR,Teflon Grid Plate,TGP-16,Teflon Grid Plate,44 1/2 x 13 x 9,Utility,true,,Grouped Forenta/Forse catalog table row.
dc-forenta-forse-46-sulb-pro-836,Buckeye Dry Cleaning Pads & Covers 2026,/catalogs/dry-cleaning-catalog.pdf,28,Forenta/Forse buck pads and head plates,Forenta/Forse,46-SULB,Pad/Cover,PRO-836,Tan Pro-Finish 861,44 1/2 x 13 x 9,Utility,true,,Grouped Forenta/Forse catalog table row.
dc-forenta-forse-46-sulb-rpro-836,Buckeye Dry Cleaning Pads & Covers 2026,/catalogs/dry-cleaning-catalog.pdf,28,Forenta/Forse buck pads and head plates,Forenta/Forse,46-SULB,Pad/Cover,RPRO-836,Red Pro-Finish 861,44 1/2 x 13 x 9,Utility,true,,Grouped Forenta/Forse catalog table row.
dc-forenta-forse-46-sulb-mfhp-16,Buckeye Dry Cleaning Pads & Covers 2026,/catalogs/dry-cleaning-catalog.pdf,28,Forenta/Forse buck pads and head plates,Forenta/Forse,46-SULB,Head Plate,MFHP-16,White Master Finish,44 1/2 x 13 x 9,Utility,true,,Grouped Forenta/Forse catalog table row.
dc-forenta-forse-46-sulb-bmfhp-16,Buckeye Dry Cleaning Pads & Covers 2026,/catalogs/dry-cleaning-catalog.pdf,28,Forenta/Forse buck pads and head plates,Forenta/Forse,46-SULB,Head Plate,BMFHP-16,Black Master Finish,44 1/2 x 13 x 9,Utility,true,,Grouped Forenta/Forse catalog table row.
dc-forenta-forse-46-sulb-tgp-16,Buckeye Dry Cleaning Pads & Covers 2026,/catalogs/dry-cleaning-catalog.pdf,28,Forenta/Forse buck pads and head plates,Forenta/Forse,46-SULB,Teflon Grid Plate,TGP-16,Teflon Grid Plate,44 1/2 x 13 x 9,Utility,true,,Grouped Forenta/Forse catalog table row.
dc-forenta-forse-46-surb-pro-836,Buckeye Dry Cleaning Pads & Covers 2026,/catalogs/dry-cleaning-catalog.pdf,28,Forenta/Forse buck pads and head plates,Forenta/Forse,46-SURB,Pad/Cover,PRO-836,Tan Pro-Finish 861,44 1/2 x 13 x 9,Utility,true,,Grouped Forenta/Forse catalog table row.
dc-forenta-forse-46-surb-rpro-836,Buckeye Dry Cleaning Pads & Covers 2026,/catalogs/dry-cleaning-catalog.pdf,28,Forenta/Forse buck pads and head plates,Forenta/Forse,46-SURB,Pad/Cover,RPRO-836,Red Pro-Finish 861,44 1/2 x 13 x 9,Utility,true,,Grouped Forenta/Forse catalog table row.
dc-forenta-forse-46-surb-mfhp-16,Buckeye Dry Cleaning Pads & Covers 2026,/catalogs/dry-cleaning-catalog.pdf,28,Forenta/Forse buck pads and head plates,Forenta/Forse,46-SURB,Head Plate,MFHP-16,White Master Finish,44 1/2 x 13 x 9,Utility,true,,Grouped Forenta/Forse catalog table row.
dc-forenta-forse-46-surb-bmfhp-16,Buckeye Dry Cleaning Pads & Covers 2026,/catalogs/dry-cleaning-catalog.pdf,28,Forenta/Forse buck pads and head plates,Forenta/Forse,46-SURB,Head Plate,BMFHP-16,Black Master Finish,44 1/2 x 13 x 9,Utility,true,,Grouped Forenta/Forse catalog table row.
dc-forenta-forse-46-surb-tgp-16,Buckeye Dry Cleaning Pads & Covers 2026,/catalogs/dry-cleaning-catalog.pdf,28,Forenta/Forse buck pads and head plates,Forenta/Forse,46-SURB,Teflon Grid Plate,TGP-16,Teflon Grid Plate,44 1/2 x 13 x 9,Utility,true,,Grouped Forenta/Forse catalog table row.
dc-forenta-forse-46-ul-pro-836,Buckeye Dry Cleaning Pads & Covers 2026,/catalogs/dry-cleaning-catalog.pdf,28,Forenta/Forse buck pads and head plates,Forenta/Forse,46-UL,Pad/Cover,PRO-836,Tan Pro-Finish 861,44 1/2 x 13 x 9,Utility,true,,Grouped Forenta/Forse catalog table row.
dc-forenta-forse-46-ul-rpro-836,Buckeye Dry Cleaning Pads & Covers 2026,/catalogs/dry-cleaning-catalog.pdf,28,Forenta/Forse buck pads and head plates,Forenta/Forse,46-UL,Pad/Cover,RPRO-836,Red Pro-Finish 861,44 1/2 x 13 x 9,Utility,true,,Grouped Forenta/Forse catalog table row.
dc-forenta-forse-46-ul-mfhp-16,Buckeye Dry Cleaning Pads & Covers 2026,/catalogs/dry-cleaning-catalog.pdf,28,Forenta/Forse buck pads and head plates,Forenta/Forse,46-UL,Head Plate,MFHP-16,White Master Finish,44 1/2 x 13 x 9,Utility,true,,Grouped Forenta/Forse catalog table row.
dc-forenta-forse-46-ul-bmfhp-16,Buckeye Dry Cleaning Pads & Covers 2026,/catalogs/dry-cleaning-catalog.pdf,28,Forenta/Forse buck pads and head plates,Forenta/Forse,46-UL,Head Plate,BMFHP-16,Black Master Finish,44 1/2 x 13 x 9,Utility,true,,Grouped Forenta/Forse catalog table row.
dc-forenta-forse-46-ul-tgp-16,Buckeye Dry Cleaning Pads & Covers 2026,/catalogs/dry-cleaning-catalog.pdf,28,Forenta/Forse buck pads and head plates,Forenta/Forse,46-UL,Teflon Grid Plate,TGP-16,Teflon Grid Plate,44 1/2 x 13 x 9,Utility,true,,Grouped Forenta/Forse catalog table row.
dc-forenta-forse-46-yolb-pro-836,Buckeye Dry Cleaning Pads & Covers 2026,/catalogs/dry-cleaning-catalog.pdf,28,Forenta/Forse buck pads and head plates,Forenta/Forse,46-YOLB,Pad/Cover,PRO-836,Tan Pro-Finish 861,44 1/2 x 13 x 9,Utility,true,,Grouped Forenta/Forse catalog table row.
dc-forenta-forse-46-yolb-rpro-836,Buckeye Dry Cleaning Pads & Covers 2026,/catalogs/dry-cleaning-catalog.pdf,28,Forenta/Forse buck pads and head plates,Forenta/Forse,46-YOLB,Pad/Cover,RPRO-836,Red Pro-Finish 861,44 1/2 x 13 x 9,Utility,true,,Grouped Forenta/Forse catalog table row.
dc-forenta-forse-46-yolb-mfhp-16,Buckeye Dry Cleaning Pads & Covers 2026,/catalogs/dry-cleaning-catalog.pdf,28,Forenta/Forse buck pads and head plates,Forenta/Forse,46-YOLB,Head Plate,MFHP-16,White Master Finish,44 1/2 x 13 x 9,Utility,true,,Grouped Forenta/Forse catalog table row.
dc-forenta-forse-46-yolb-bmfhp-16,Buckeye Dry Cleaning Pads & Covers 2026,/catalogs/dry-cleaning-catalog.pdf,28,Forenta/Forse buck pads and head plates,Forenta/Forse,46-YOLB,Head Plate,BMFHP-16,Black Master Finish,44 1/2 x 13 x 9,Utility,true,,Grouped Forenta/Forse catalog table row.
dc-forenta-forse-46-yolb-tgp-16,Buckeye Dry Cleaning Pads & Covers 2026,/catalogs/dry-cleaning-catalog.pdf,28,Forenta/Forse buck pads and head plates,Forenta/Forse,46-YOLB,Teflon Grid Plate,TGP-16,Teflon Grid Plate,44 1/2 x 13 x 9,Utility,true,,Grouped Forenta/Forse catalog table row.
dc-forenta-forse-46-yorb-pro-836,Buckeye Dry Cleaning Pads & Covers 2026,/catalogs/dry-cleaning-catalog.pdf,28,Forenta/Forse buck pads and head plates,Forenta/Forse,46-YORB,Pad/Cover,PRO-836,Tan Pro-Finish 861,44 1/2 x 13 x 9,Utility,true,,Grouped Forenta/Forse catalog table row.
dc-forenta-forse-46-yorb-rpro-836,Buckeye Dry Cleaning Pads & Covers 2026,/catalogs/dry-cleaning-catalog.pdf,28,Forenta/Forse buck pads and head plates,Forenta/Forse,46-YORB,Pad/Cover,RPRO-836,Red Pro-Finish 861,44 1/2 x 13 x 9,Utility,true,,Grouped Forenta/Forse catalog table row.
dc-forenta-forse-46-yorb-mfhp-16,Buckeye Dry Cleaning Pads & Covers 2026,/catalogs/dry-cleaning-catalog.pdf,28,Forenta/Forse buck pads and head plates,Forenta/Forse,46-YORB,Head Plate,MFHP-16,White Master Finish,44 1/2 x 13 x 9,Utility,true,,Grouped Forenta/Forse catalog table row.
dc-forenta-forse-46-yorb-bmfhp-16,Buckeye Dry Cleaning Pads & Covers 2026,/catalogs/dry-cleaning-catalog.pdf,28,Forenta/Forse buck pads and head plates,Forenta/Forse,46-YORB,Head Plate,BMFHP-16,Black Master Finish,44 1/2 x 13 x 9,Utility,true,,Grouped Forenta/Forse catalog table row.
dc-forenta-forse-46-yorb-tgp-16,Buckeye Dry Cleaning Pads & Covers 2026,/catalogs/dry-cleaning-catalog.pdf,28,Forenta/Forse buck pads and head plates,Forenta/Forse,46-YORB,Teflon Grid Plate,TGP-16,Teflon Grid Plate,44 1/2 x 13 x 9,Utility,true,,Grouped Forenta/Forse catalog table row.
dc-forenta-forse-47-fgl-pro-837,Buckeye Dry Cleaning Pads & Covers 2026,/catalogs/dry-cleaning-catalog.pdf,29,Forenta/Forse buck pads and head plates,Forenta/Forse,47-FGL,Pad/Cover,PRO-837,Tan Pro-Finish 861,43 x 17 1/2 x 11,Legger w/cut-out square end,true,,Grouped Forenta/Forse catalog table row.
dc-forenta-forse-47-fgl-rpro-837,Buckeye Dry Cleaning Pads & Covers 2026,/catalogs/dry-cleaning-catalog.pdf,29,Forenta/Forse buck pads and head plates,Forenta/Forse,47-FGL,Pad/Cover,RPRO-837,Red Pro-Finish 861,43 x 17 1/2 x 11,Legger w/cut-out square end,true,,Grouped Forenta/Forse catalog table row.
dc-forenta-forse-47-fgl-mfhp-31,Buckeye Dry Cleaning Pads & Covers 2026,/catalogs/dry-cleaning-catalog.pdf,29,Forenta/Forse buck pads and head plates,Forenta/Forse,47-FGL,Head Plate,MFHP-31,White Master Finish,43 x 17 1/2 x 11,Legger w/cut-out square end,true,,Grouped Forenta/Forse catalog table row.
dc-forenta-forse-47-fgl-bmfhp-31,Buckeye Dry Cleaning Pads & Covers 2026,/catalogs/dry-cleaning-catalog.pdf,29,Forenta/Forse buck pads and head plates,Forenta/Forse,47-FGL,Head Plate,BMFHP-31,Black Master Finish,43 x 17 1/2 x 11,Legger w/cut-out square end,true,,Grouped Forenta/Forse catalog table row.
dc-forenta-forse-47-fgl-tgp-31,Buckeye Dry Cleaning Pads & Covers 2026,/catalogs/dry-cleaning-catalog.pdf,29,Forenta/Forse buck pads and head plates,Forenta/Forse,47-FGL,Teflon Grid Plate,TGP-31,Teflon Grid Plate,43 x 17 1/2 x 11,Legger w/cut-out square end,true,,Grouped Forenta/Forse catalog table row.
dc-forenta-forse-47-fgr-pro-837,Buckeye Dry Cleaning Pads & Covers 2026,/catalogs/dry-cleaning-catalog.pdf,29,Forenta/Forse buck pads and head plates,Forenta/Forse,47-FGR,Pad/Cover,PRO-837,Tan Pro-Finish 861,43 x 17 1/2 x 11,Legger w/cut-out square end,true,,Grouped Forenta/Forse catalog table row.
dc-forenta-forse-47-fgr-rpro-837,Buckeye Dry Cleaning Pads & Covers 2026,/catalogs/dry-cleaning-catalog.pdf,29,Forenta/Forse buck pads and head plates,Forenta/Forse,47-FGR,Pad/Cover,RPRO-837,Red Pro-Finish 861,43 x 17 1/2 x 11,Legger w/cut-out square end,true,,Grouped Forenta/Forse catalog table row.
dc-forenta-forse-47-fgr-mfhp-31,Buckeye Dry Cleaning Pads & Covers 2026,/catalogs/dry-cleaning-catalog.pdf,29,Forenta/Forse buck pads and head plates,Forenta/Forse,47-FGR,Head Plate,MFHP-31,White Master Finish,43 x 17 1/2 x 11,Legger w/cut-out square end,true,,Grouped Forenta/Forse catalog table row.
dc-forenta-forse-47-fgr-bmfhp-31,Buckeye Dry Cleaning Pads & Covers 2026,/catalogs/dry-cleaning-catalog.pdf,29,Forenta/Forse buck pads and head plates,Forenta/Forse,47-FGR,Head Plate,BMFHP-31,Black Master Finish,43 x 17 1/2 x 11,Legger w/cut-out square end,true,,Grouped Forenta/Forse catalog table row.
dc-forenta-forse-47-fgr-tgp-31,Buckeye Dry Cleaning Pads & Covers 2026,/catalogs/dry-cleaning-catalog.pdf,29,Forenta/Forse buck pads and head plates,Forenta/Forse,47-FGR,Teflon Grid Plate,TGP-31,Teflon Grid Plate,43 x 17 1/2 x 11,Legger w/cut-out square end,true,,Grouped Forenta/Forse catalog table row.
dc-forenta-forse-47-frm-pro-837,Buckeye Dry Cleaning Pads & Covers 2026,/catalogs/dry-cleaning-catalog.pdf,29,Forenta/Forse buck pads and head plates,Forenta/Forse,47-FRM,Pad/Cover,PRO-837,Tan Pro-Finish 861,43 x 17 1/2 x 11,Legger w/cut-out square end,true,,Grouped Forenta/Forse catalog table row.
dc-forenta-forse-47-frm-rpro-837,Buckeye Dry Cleaning Pads & Covers 2026,/catalogs/dry-cleaning-catalog.pdf,29,Forenta/Forse buck pads and head plates,Forenta/Forse,47-FRM,Pad/Cover,RPRO-837,Red Pro-Finish 861,43 x 17 1/2 x 11,Legger w/cut-out square end,true,,Grouped Forenta/Forse catalog table row.
dc-forenta-forse-47-frm-mfhp-31,Buckeye Dry Cleaning Pads & Covers 2026,/catalogs/dry-cleaning-catalog.pdf,29,Forenta/Forse buck pads and head plates,Forenta/Forse,47-FRM,Head Plate,MFHP-31,White Master Finish,43 x 17 1/2 x 11,Legger w/cut-out square end,true,,Grouped Forenta/Forse catalog table row.
dc-forenta-forse-47-frm-bmfhp-31,Buckeye Dry Cleaning Pads & Covers 2026,/catalogs/dry-cleaning-catalog.pdf,29,Forenta/Forse buck pads and head plates,Forenta/Forse,47-FRM,Head Plate,BMFHP-31,Black Master Finish,43 x 17 1/2 x 11,Legger w/cut-out square end,true,,Grouped Forenta/Forse catalog table row.
dc-forenta-forse-47-frm-tgp-31,Buckeye Dry Cleaning Pads & Covers 2026,/catalogs/dry-cleaning-catalog.pdf,29,Forenta/Forse buck pads and head plates,Forenta/Forse,47-FRM,Teflon Grid Plate,TGP-31,Teflon Grid Plate,43 x 17 1/2 x 11,Legger w/cut-out square end,true,,Grouped Forenta/Forse catalog table row.
dc-forenta-forse-47-lu-pro-837,Buckeye Dry Cleaning Pads & Covers 2026,/catalogs/dry-cleaning-catalog.pdf,29,Forenta/Forse buck pads and head plates,Forenta/Forse,47-LU,Pad/Cover,PRO-837,Tan Pro-Finish 861,43 x 17 1/2 x 11,Legger w/cut-out square end,true,,Grouped Forenta/Forse catalog table row.
dc-forenta-forse-47-lu-rpro-837,Buckeye Dry Cleaning Pads & Covers 2026,/catalogs/dry-cleaning-catalog.pdf,29,Forenta/Forse buck pads and head plates,Forenta/Forse,47-LU,Pad/Cover,RPRO-837,Red Pro-Finish 861,43 x 17 1/2 x 11,Legger w/cut-out square end,true,,Grouped Forenta/Forse catalog table row.
dc-forenta-forse-47-lu-mfhp-31,Buckeye Dry Cleaning Pads & Covers 2026,/catalogs/dry-cleaning-catalog.pdf,29,Forenta/Forse buck pads and head plates,Forenta/Forse,47-LU,Head Plate,MFHP-31,White Master Finish,43 x 17 1/2 x 11,Legger w/cut-out square end,true,,Grouped Forenta/Forse catalog table row.
dc-forenta-forse-47-lu-bmfhp-31,Buckeye Dry Cleaning Pads & Covers 2026,/catalogs/dry-cleaning-catalog.pdf,29,Forenta/Forse buck pads and head plates,Forenta/Forse,47-LU,Head Plate,BMFHP-31,Black Master Finish,43 x 17 1/2 x 11,Legger w/cut-out square end,true,,Grouped Forenta/Forse catalog table row.
dc-forenta-forse-47-lu-tgp-31,Buckeye Dry Cleaning Pads & Covers 2026,/catalogs/dry-cleaning-catalog.pdf,29,Forenta/Forse buck pads and head plates,Forenta/Forse,47-LU,Teflon Grid Plate,TGP-31,Teflon Grid Plate,43 x 17 1/2 x 11,Legger w/cut-out square end,true,,Grouped Forenta/Forse catalog table row.
dc-forenta-forse-47-ml-pro-837,Buckeye Dry Cleaning Pads & Covers 2026,/catalogs/dry-cleaning-catalog.pdf,29,Forenta/Forse buck pads and head plates,Forenta/Forse,47-ML,Pad/Cover,PRO-837,Tan Pro-Finish 861,43 x 17 1/2 x 11,Legger w/cut-out square end,true,,Grouped Forenta/Forse catalog table row.
dc-forenta-forse-47-ml-rpro-837,Buckeye Dry Cleaning Pads & Covers 2026,/catalogs/dry-cleaning-catalog.pdf,29,Forenta/Forse buck pads and head plates,Forenta/Forse,47-ML,Pad/Cover,RPRO-837,Red Pro-Finish 861,43 x 17 1/2 x 11,Legger w/cut-out square end,true,,Grouped Forenta/Forse catalog table row.
dc-forenta-forse-47-ml-mfhp-31,Buckeye Dry Cleaning Pads & Covers 2026,/catalogs/dry-cleaning-catalog.pdf,29,Forenta/Forse buck pads and head plates,Forenta/Forse,47-ML,Head Plate,MFHP-31,White Master Finish,43 x 17 1/2 x 11,Legger w/cut-out square end,true,,Grouped Forenta/Forse catalog table row.
dc-forenta-forse-47-ml-bmfhp-31,Buckeye Dry Cleaning Pads & Covers 2026,/catalogs/dry-cleaning-catalog.pdf,29,Forenta/Forse buck pads and head plates,Forenta/Forse,47-ML,Head Plate,BMFHP-31,Black Master Finish,43 x 17 1/2 x 11,Legger w/cut-out square end,true,,Grouped Forenta/Forse catalog table row.
dc-forenta-forse-47-ml-tgp-31,Buckeye Dry Cleaning Pads & Covers 2026,/catalogs/dry-cleaning-catalog.pdf,29,Forenta/Forse buck pads and head plates,Forenta/Forse,47-ML,Teflon Grid Plate,TGP-31,Teflon Grid Plate,43 x 17 1/2 x 11,Legger w/cut-out square end,true,,Grouped Forenta/Forse catalog table row.
dc-forenta-forse-47-mlr-pro-837,Buckeye Dry Cleaning Pads & Covers 2026,/catalogs/dry-cleaning-catalog.pdf,29,Forenta/Forse buck pads and head plates,Forenta/Forse,47-MLR,Pad/Cover,PRO-837,Tan Pro-Finish 861,43 x 17 1/2 x 11,Legger w/cut-out square end,true,,Grouped Forenta/Forse catalog table row.
dc-forenta-forse-47-mlr-rpro-837,Buckeye Dry Cleaning Pads & Covers 2026,/catalogs/dry-cleaning-catalog.pdf,29,Forenta/Forse buck pads and head plates,Forenta/Forse,47-MLR,Pad/Cover,RPRO-837,Red Pro-Finish 861,43 x 17 1/2 x 11,Legger w/cut-out square end,true,,Grouped Forenta/Forse catalog table row.
dc-forenta-forse-47-mlr-mfhp-31,Buckeye Dry Cleaning Pads & Covers 2026,/catalogs/dry-cleaning-catalog.pdf,29,Forenta/Forse buck pads and head plates,Forenta/Forse,47-MLR,Head Plate,MFHP-31,White Master Finish,43 x 17 1/2 x 11,Legger w/cut-out square end,true,,Grouped Forenta/Forse catalog table row.
dc-forenta-forse-47-mlr-bmfhp-31,Buckeye Dry Cleaning Pads & Covers 2026,/catalogs/dry-cleaning-catalog.pdf,29,Forenta/Forse buck pads and head plates,Forenta/Forse,47-MLR,Head Plate,BMFHP-31,Black Master Finish,43 x 17 1/2 x 11,Legger w/cut-out square end,true,,Grouped Forenta/Forse catalog table row.
dc-forenta-forse-47-mlr-tgp-31,Buckeye Dry Cleaning Pads & Covers 2026,/catalogs/dry-cleaning-catalog.pdf,29,Forenta/Forse buck pads and head plates,Forenta/Forse,47-MLR,Teflon Grid Plate,TGP-31,Teflon Grid Plate,43 x 17 1/2 x 11,Legger w/cut-out square end,true,,Grouped Forenta/Forse catalog table row.
dc-forenta-forse-47-mls-pro-837,Buckeye Dry Cleaning Pads & Covers 2026,/catalogs/dry-cleaning-catalog.pdf,29,Forenta/Forse buck pads and head plates,Forenta/Forse,47-MLS,Pad/Cover,PRO-837,Tan Pro-Finish 861,43 x 17 1/2 x 11,Legger w/cut-out square end,true,,Grouped Forenta/Forse catalog table row.
dc-forenta-forse-47-mls-rpro-837,Buckeye Dry Cleaning Pads & Covers 2026,/catalogs/dry-cleaning-catalog.pdf,29,Forenta/Forse buck pads and head plates,Forenta/Forse,47-MLS,Pad/Cover,RPRO-837,Red Pro-Finish 861,43 x 17 1/2 x 11,Legger w/cut-out square end,true,,Grouped Forenta/Forse catalog table row.
dc-forenta-forse-47-mls-mfhp-31,Buckeye Dry Cleaning Pads & Covers 2026,/catalogs/dry-cleaning-catalog.pdf,29,Forenta/Forse buck pads and head plates,Forenta/Forse,47-MLS,Head Plate,MFHP-31,White Master Finish,43 x 17 1/2 x 11,Legger w/cut-out square end,true,,Grouped Forenta/Forse catalog table row.
dc-forenta-forse-47-mls-bmfhp-31,Buckeye Dry Cleaning Pads & Covers 2026,/catalogs/dry-cleaning-catalog.pdf,29,Forenta/Forse buck pads and head plates,Forenta/Forse,47-MLS,Head Plate,BMFHP-31,Black Master Finish,43 x 17 1/2 x 11,Legger w/cut-out square end,true,,Grouped Forenta/Forse catalog table row.
dc-forenta-forse-47-mls-tgp-31,Buckeye Dry Cleaning Pads & Covers 2026,/catalogs/dry-cleaning-catalog.pdf,29,Forenta/Forse buck pads and head plates,Forenta/Forse,47-MLS,Teflon Grid Plate,TGP-31,Teflon Grid Plate,43 x 17 1/2 x 11,Legger w/cut-out square end,true,,Grouped Forenta/Forse catalog table row.
dc-forenta-forse-47-slm-pro-837,Buckeye Dry Cleaning Pads & Covers 2026,/catalogs/dry-cleaning-catalog.pdf,29,Forenta/Forse buck pads and head plates,Forenta/Forse,47-SLM,Pad/Cover,PRO-837,Tan Pro-Finish 861,43 x 17 1/2 x 11,Legger w/cut-out square end,true,,Grouped Forenta/Forse catalog table row.
dc-forenta-forse-47-slm-rpro-837,Buckeye Dry Cleaning Pads & Covers 2026,/catalogs/dry-cleaning-catalog.pdf,29,Forenta/Forse buck pads and head plates,Forenta/Forse,47-SLM,Pad/Cover,RPRO-837,Red Pro-Finish 861,43 x 17 1/2 x 11,Legger w/cut-out square end,true,,Grouped Forenta/Forse catalog table row.
dc-forenta-forse-47-slm-mfhp-31,Buckeye Dry Cleaning Pads & Covers 2026,/catalogs/dry-cleaning-catalog.pdf,29,Forenta/Forse buck pads and head plates,Forenta/Forse,47-SLM,Head Plate,MFHP-31,White Master Finish,43 x 17 1/2 x 11,Legger w/cut-out square end,true,,Grouped Forenta/Forse catalog table row.
dc-forenta-forse-47-slm-bmfhp-31,Buckeye Dry Cleaning Pads & Covers 2026,/catalogs/dry-cleaning-catalog.pdf,29,Forenta/Forse buck pads and head plates,Forenta/Forse,47-SLM,Head Plate,BMFHP-31,Black Master Finish,43 x 17 1/2 x 11,Legger w/cut-out square end,true,,Grouped Forenta/Forse catalog table row.
dc-forenta-forse-47-slm-tgp-31,Buckeye Dry Cleaning Pads & Covers 2026,/catalogs/dry-cleaning-catalog.pdf,29,Forenta/Forse buck pads and head plates,Forenta/Forse,47-SLM,Teflon Grid Plate,TGP-31,Teflon Grid Plate,43 x 17 1/2 x 11,Legger w/cut-out square end,true,,Grouped Forenta/Forse catalog table row.
dc-forenta-forse-47-slr-pro-837,Buckeye Dry Cleaning Pads & Covers 2026,/catalogs/dry-cleaning-catalog.pdf,29,Forenta/Forse buck pads and head plates,Forenta/Forse,47-SLR,Pad/Cover,PRO-837,Tan Pro-Finish 861,43 x 17 1/2 x 11,Legger w/cut-out square end,true,,Grouped Forenta/Forse catalog table row.
dc-forenta-forse-47-slr-rpro-837,Buckeye Dry Cleaning Pads & Covers 2026,/catalogs/dry-cleaning-catalog.pdf,29,Forenta/Forse buck pads and head plates,Forenta/Forse,47-SLR,Pad/Cover,RPRO-837,Red Pro-Finish 861,43 x 17 1/2 x 11,Legger w/cut-out square end,true,,Grouped Forenta/Forse catalog table row.
dc-forenta-forse-47-slr-mfhp-31,Buckeye Dry Cleaning Pads & Covers 2026,/catalogs/dry-cleaning-catalog.pdf,29,Forenta/Forse buck pads and head plates,Forenta/Forse,47-SLR,Head Plate,MFHP-31,White Master Finish,43 x 17 1/2 x 11,Legger w/cut-out square end,true,,Grouped Forenta/Forse catalog table row.
dc-forenta-forse-47-slr-bmfhp-31,Buckeye Dry Cleaning Pads & Covers 2026,/catalogs/dry-cleaning-catalog.pdf,29,Forenta/Forse buck pads and head plates,Forenta/Forse,47-SLR,Head Plate,BMFHP-31,Black Master Finish,43 x 17 1/2 x 11,Legger w/cut-out square end,true,,Grouped Forenta/Forse catalog table row.
dc-forenta-forse-47-slr-tgp-31,Buckeye Dry Cleaning Pads & Covers 2026,/catalogs/dry-cleaning-catalog.pdf,29,Forenta/Forse buck pads and head plates,Forenta/Forse,47-SLR,Teflon Grid Plate,TGP-31,Teflon Grid Plate,43 x 17 1/2 x 11,Legger w/cut-out square end,true,,Grouped Forenta/Forse catalog table row.
dc-forenta-forse-47-lsfg-pro-1525,Buckeye Dry Cleaning Pads & Covers 2026,/catalogs/dry-cleaning-catalog.pdf,29,Forenta/Forse buck pads and head plates,Forenta/Forse,47-LSFG,Pad/Cover,PRO-1525,Tan Pro-Finish 861,43 x 17 1/2,Rectangular legger w/cut-out,true,,Grouped Forenta/Forse catalog table row.
dc-forenta-forse-47-lsfg-rpro-1525,Buckeye Dry Cleaning Pads & Covers 2026,/catalogs/dry-cleaning-catalog.pdf,29,Forenta/Forse buck pads and head plates,Forenta/Forse,47-LSFG,Pad/Cover,RPRO-1525,Red Pro-Finish 861,43 x 17 1/2,Rectangular legger w/cut-out,true,,Grouped Forenta/Forse catalog table row.
dc-forenta-forse-47-lsfg-mfhp-74,Buckeye Dry Cleaning Pads & Covers 2026,/catalogs/dry-cleaning-catalog.pdf,29,Forenta/Forse buck pads and head plates,Forenta/Forse,47-LSFG,Head Plate,MFHP-74,White Master Finish,43 x 17 1/2,Rectangular legger w/cut-out,true,,Grouped Forenta/Forse catalog table row.
dc-forenta-forse-47-lsfg-bmfhp-74,Buckeye Dry Cleaning Pads & Covers 2026,/catalogs/dry-cleaning-catalog.pdf,29,Forenta/Forse buck pads and head plates,Forenta/Forse,47-LSFG,Head Plate,BMFHP-74,Black Master Finish,43 x 17 1/2,Rectangular legger w/cut-out,true,,Grouped Forenta/Forse catalog table row.
dc-forenta-forse-47-lsfg-tgp-74,Buckeye Dry Cleaning Pads & Covers 2026,/catalogs/dry-cleaning-catalog.pdf,29,Forenta/Forse buck pads and head plates,Forenta/Forse,47-LSFG,Teflon Grid Plate,TGP-74,Teflon Grid Plate,43 x 17 1/2,Rectangular legger w/cut-out,true,,Grouped Forenta/Forse catalog table row.
dc-forenta-forse-47-lsfm-pro-1525,Buckeye Dry Cleaning Pads & Covers 2026,/catalogs/dry-cleaning-catalog.pdf,29,Forenta/Forse buck pads and head plates,Forenta/Forse,47-LSFM,Pad/Cover,PRO-1525,Tan Pro-Finish 861,43 x 17 1/2,Rectangular legger w/cut-out,true,,Grouped Forenta/Forse catalog table row.
dc-forenta-forse-47-lsfm-rpro-1525,Buckeye Dry Cleaning Pads & Covers 2026,/catalogs/dry-cleaning-catalog.pdf,29,Forenta/Forse buck pads and head plates,Forenta/Forse,47-LSFM,Pad/Cover,RPRO-1525,Red Pro-Finish 861,43 x 17 1/2,Rectangular legger w/cut-out,true,,Grouped Forenta/Forse catalog table row.
dc-forenta-forse-47-lsfm-mfhp-74,Buckeye Dry Cleaning Pads & Covers 2026,/catalogs/dry-cleaning-catalog.pdf,29,Forenta/Forse buck pads and head plates,Forenta/Forse,47-LSFM,Head Plate,MFHP-74,White Master Finish,43 x 17 1/2,Rectangular legger w/cut-out,true,,Grouped Forenta/Forse catalog table row.
dc-forenta-forse-47-lsfm-bmfhp-74,Buckeye Dry Cleaning Pads & Covers 2026,/catalogs/dry-cleaning-catalog.pdf,29,Forenta/Forse buck pads and head plates,Forenta/Forse,47-LSFM,Head Plate,BMFHP-74,Black Master Finish,43 x 17 1/2,Rectangular legger w/cut-out,true,,Grouped Forenta/Forse catalog table row.
dc-forenta-forse-47-lsfm-tgp-74,Buckeye Dry Cleaning Pads & Covers 2026,/catalogs/dry-cleaning-catalog.pdf,29,Forenta/Forse buck pads and head plates,Forenta/Forse,47-LSFM,Teflon Grid Plate,TGP-74,Teflon Grid Plate,43 x 17 1/2,Rectangular legger w/cut-out,true,,Grouped Forenta/Forse catalog table row.
dc-forenta-forse-47-lsl-pro-1525,Buckeye Dry Cleaning Pads & Covers 2026,/catalogs/dry-cleaning-catalog.pdf,29,Forenta/Forse buck pads and head plates,Forenta/Forse,47-LSL,Pad/Cover,PRO-1525,Tan Pro-Finish 861,43 x 17 1/2,Rectangular legger w/cut-out,true,,Grouped Forenta/Forse catalog table row.
dc-forenta-forse-47-lsl-rpro-1525,Buckeye Dry Cleaning Pads & Covers 2026,/catalogs/dry-cleaning-catalog.pdf,29,Forenta/Forse buck pads and head plates,Forenta/Forse,47-LSL,Pad/Cover,RPRO-1525,Red Pro-Finish 861,43 x 17 1/2,Rectangular legger w/cut-out,true,,Grouped Forenta/Forse catalog table row.
dc-forenta-forse-47-lsl-mfhp-74,Buckeye Dry Cleaning Pads & Covers 2026,/catalogs/dry-cleaning-catalog.pdf,29,Forenta/Forse buck pads and head plates,Forenta/Forse,47-LSL,Head Plate,MFHP-74,White Master Finish,43 x 17 1/2,Rectangular legger w/cut-out,true,,Grouped Forenta/Forse catalog table row.
dc-forenta-forse-47-lsl-bmfhp-74,Buckeye Dry Cleaning Pads & Covers 2026,/catalogs/dry-cleaning-catalog.pdf,29,Forenta/Forse buck pads and head plates,Forenta/Forse,47-LSL,Head Plate,BMFHP-74,Black Master Finish,43 x 17 1/2,Rectangular legger w/cut-out,true,,Grouped Forenta/Forse catalog table row.
dc-forenta-forse-47-lsl-tgp-74,Buckeye Dry Cleaning Pads & Covers 2026,/catalogs/dry-cleaning-catalog.pdf,29,Forenta/Forse buck pads and head plates,Forenta/Forse,47-LSL,Teflon Grid Plate,TGP-74,Teflon Grid Plate,43 x 17 1/2,Rectangular legger w/cut-out,true,,Grouped Forenta/Forse catalog table row.
dc-forenta-forse-48-asme-pro-828,Buckeye Dry Cleaning Pads & Covers 2026,/catalogs/dry-cleaning-catalog.pdf,29,Forenta/Forse buck pads and head plates,Forenta/Forse,48-ASME,Pad/Cover,PRO-828,Tan Pro-Finish 861,43 x 17 1/2 x 8,Legger w/cut-out,true,,Grouped Forenta/Forse catalog table row.
dc-forenta-forse-48-asme-rpro-828,Buckeye Dry Cleaning Pads & Covers 2026,/catalogs/dry-cleaning-catalog.pdf,29,Forenta/Forse buck pads and head plates,Forenta/Forse,48-ASME,Pad/Cover,RPRO-828,Red Pro-Finish 861,43 x 17 1/2 x 8,Legger w/cut-out,true,,Grouped Forenta/Forse catalog table row.
dc-forenta-forse-48-asme-mfhp-36,Buckeye Dry Cleaning Pads & Covers 2026,/catalogs/dry-cleaning-catalog.pdf,29,Forenta/Forse buck pads and head plates,Forenta/Forse,48-ASME,Head Plate,MFHP-36,White Master Finish,43 x 17 1/2 x 8,Legger w/cut-out,true,,Grouped Forenta/Forse catalog table row.
dc-forenta-forse-48-asme-bmfhp-36,Buckeye Dry Cleaning Pads & Covers 2026,/catalogs/dry-cleaning-catalog.pdf,29,Forenta/Forse buck pads and head plates,Forenta/Forse,48-ASME,Head Plate,BMFHP-36,Black Master Finish,43 x 17 1/2 x 8,Legger w/cut-out,true,,Grouped Forenta/Forse catalog table row.
dc-forenta-forse-48-asme-tgp-36,Buckeye Dry Cleaning Pads & Covers 2026,/catalogs/dry-cleaning-catalog.pdf,29,Forenta/Forse buck pads and head plates,Forenta/Forse,48-ASME,Teflon Grid Plate,TGP-36,Teflon Grid Plate,43 x 17 1/2 x 8,Legger w/cut-out,true,,Grouped Forenta/Forse catalog table row.
dc-forenta-forse-48-fgl-pro-828,Buckeye Dry Cleaning Pads & Covers 2026,/catalogs/dry-cleaning-catalog.pdf,29,Forenta/Forse buck pads and head plates,Forenta/Forse,48-FGL,Pad/Cover,PRO-828,Tan Pro-Finish 861,43 x 17 1/2 x 8,Legger w/cut-out,true,,Grouped Forenta/Forse catalog table row.
dc-forenta-forse-48-fgl-rpro-828,Buckeye Dry Cleaning Pads & Covers 2026,/catalogs/dry-cleaning-catalog.pdf,29,Forenta/Forse buck pads and head plates,Forenta/Forse,48-FGL,Pad/Cover,RPRO-828,Red Pro-Finish 861,43 x 17 1/2 x 8,Legger w/cut-out,true,,Grouped Forenta/Forse catalog table row.
dc-forenta-forse-48-fgl-mfhp-36,Buckeye Dry Cleaning Pads & Covers 2026,/catalogs/dry-cleaning-catalog.pdf,29,Forenta/Forse buck pads and head plates,Forenta/Forse,48-FGL,Head Plate,MFHP-36,White Master Finish,43 x 17 1/2 x 8,Legger w/cut-out,true,,Grouped Forenta/Forse catalog table row.
dc-forenta-forse-48-fgl-bmfhp-36,Buckeye Dry Cleaning Pads & Covers 2026,/catalogs/dry-cleaning-catalog.pdf,29,Forenta/Forse buck pads and head plates,Forenta/Forse,48-FGL,Head Plate,BMFHP-36,Black Master Finish,43 x 17 1/2 x 8,Legger w/cut-out,true,,Grouped Forenta/Forse catalog table row.
dc-forenta-forse-48-fgl-tgp-36,Buckeye Dry Cleaning Pads & Covers 2026,/catalogs/dry-cleaning-catalog.pdf,29,Forenta/Forse buck pads and head plates,Forenta/Forse,48-FGL,Teflon Grid Plate,TGP-36,Teflon Grid Plate,43 x 17 1/2 x 8,Legger w/cut-out,true,,Grouped Forenta/Forse catalog table row.
dc-forenta-forse-48-fgr-pro-828,Buckeye Dry Cleaning Pads & Covers 2026,/catalogs/dry-cleaning-catalog.pdf,29,Forenta/Forse buck pads and head plates,Forenta/Forse,48-FGR,Pad/Cover,PRO-828,Tan Pro-Finish 861,43 x 17 1/2 x 8,Legger w/cut-out,true,,Grouped Forenta/Forse catalog table row.
dc-forenta-forse-48-fgr-rpro-828,Buckeye Dry Cleaning Pads & Covers 2026,/catalogs/dry-cleaning-catalog.pdf,29,Forenta/Forse buck pads and head plates,Forenta/Forse,48-FGR,Pad/Cover,RPRO-828,Red Pro-Finish 861,43 x 17 1/2 x 8,Legger w/cut-out,true,,Grouped Forenta/Forse catalog table row.
dc-forenta-forse-48-fgr-mfhp-36,Buckeye Dry Cleaning Pads & Covers 2026,/catalogs/dry-cleaning-catalog.pdf,29,Forenta/Forse buck pads and head plates,Forenta/Forse,48-FGR,Head Plate,MFHP-36,White Master Finish,43 x 17 1/2 x 8,Legger w/cut-out,true,,Grouped Forenta/Forse catalog table row.
dc-forenta-forse-48-fgr-bmfhp-36,Buckeye Dry Cleaning Pads & Covers 2026,/catalogs/dry-cleaning-catalog.pdf,29,Forenta/Forse buck pads and head plates,Forenta/Forse,48-FGR,Head Plate,BMFHP-36,Black Master Finish,43 x 17 1/2 x 8,Legger w/cut-out,true,,Grouped Forenta/Forse catalog table row.
dc-forenta-forse-48-fgr-tgp-36,Buckeye Dry Cleaning Pads & Covers 2026,/catalogs/dry-cleaning-catalog.pdf,29,Forenta/Forse buck pads and head plates,Forenta/Forse,48-FGR,Teflon Grid Plate,TGP-36,Teflon Grid Plate,43 x 17 1/2 x 8,Legger w/cut-out,true,,Grouped Forenta/Forse catalog table row.
dc-forenta-forse-48-frm-pro-828,Buckeye Dry Cleaning Pads & Covers 2026,/catalogs/dry-cleaning-catalog.pdf,29,Forenta/Forse buck pads and head plates,Forenta/Forse,48-FRM,Pad/Cover,PRO-828,Tan Pro-Finish 861,43 x 17 1/2 x 8,Legger w/cut-out,true,,Grouped Forenta/Forse catalog table row.
dc-forenta-forse-48-frm-rpro-828,Buckeye Dry Cleaning Pads & Covers 2026,/catalogs/dry-cleaning-catalog.pdf,29,Forenta/Forse buck pads and head plates,Forenta/Forse,48-FRM,Pad/Cover,RPRO-828,Red Pro-Finish 861,43 x 17 1/2 x 8,Legger w/cut-out,true,,Grouped Forenta/Forse catalog table row.
dc-forenta-forse-48-frm-mfhp-36,Buckeye Dry Cleaning Pads & Covers 2026,/catalogs/dry-cleaning-catalog.pdf,29,Forenta/Forse buck pads and head plates,Forenta/Forse,48-FRM,Head Plate,MFHP-36,White Master Finish,43 x 17 1/2 x 8,Legger w/cut-out,true,,Grouped Forenta/Forse catalog table row.
dc-forenta-forse-48-frm-bmfhp-36,Buckeye Dry Cleaning Pads & Covers 2026,/catalogs/dry-cleaning-catalog.pdf,29,Forenta/Forse buck pads and head plates,Forenta/Forse,48-FRM,Head Plate,BMFHP-36,Black Master Finish,43 x 17 1/2 x 8,Legger w/cut-out,true,,Grouped Forenta/Forse catalog table row.
dc-forenta-forse-48-frm-tgp-36,Buckeye Dry Cleaning Pads & Covers 2026,/catalogs/dry-cleaning-catalog.pdf,29,Forenta/Forse buck pads and head plates,Forenta/Forse,48-FRM,Teflon Grid Plate,TGP-36,Teflon Grid Plate,43 x 17 1/2 x 8,Legger w/cut-out,true,,Grouped Forenta/Forse catalog table row.
dc-forenta-forse-48-lc-pro-828,Buckeye Dry Cleaning Pads & Covers 2026,/catalogs/dry-cleaning-catalog.pdf,29,Forenta/Forse buck pads and head plates,Forenta/Forse,48-LC,Pad/Cover,PRO-828,Tan Pro-Finish 861,43 x 17 1/2 x 8,Legger w/cut-out,true,,Grouped Forenta/Forse catalog table row.
dc-forenta-forse-48-lc-rpro-828,Buckeye Dry Cleaning Pads & Covers 2026,/catalogs/dry-cleaning-catalog.pdf,29,Forenta/Forse buck pads and head plates,Forenta/Forse,48-LC,Pad/Cover,RPRO-828,Red Pro-Finish 861,43 x 17 1/2 x 8,Legger w/cut-out,true,,Grouped Forenta/Forse catalog table row.
dc-forenta-forse-48-lc-mfhp-36,Buckeye Dry Cleaning Pads & Covers 2026,/catalogs/dry-cleaning-catalog.pdf,29,Forenta/Forse buck pads and head plates,Forenta/Forse,48-LC,Head Plate,MFHP-36,White Master Finish,43 x 17 1/2 x 8,Legger w/cut-out,true,,Grouped Forenta/Forse catalog table row.
dc-forenta-forse-48-lc-bmfhp-36,Buckeye Dry Cleaning Pads & Covers 2026,/catalogs/dry-cleaning-catalog.pdf,29,Forenta/Forse buck pads and head plates,Forenta/Forse,48-LC,Head Plate,BMFHP-36,Black Master Finish,43 x 17 1/2 x 8,Legger w/cut-out,true,,Grouped Forenta/Forse catalog table row.
dc-forenta-forse-48-lc-tgp-36,Buckeye Dry Cleaning Pads & Covers 2026,/catalogs/dry-cleaning-catalog.pdf,29,Forenta/Forse buck pads and head plates,Forenta/Forse,48-LC,Teflon Grid Plate,TGP-36,Teflon Grid Plate,43 x 17 1/2 x 8,Legger w/cut-out,true,,Grouped Forenta/Forse catalog table row.
dc-forenta-forse-48-rc-pro-828,Buckeye Dry Cleaning Pads & Covers 2026,/catalogs/dry-cleaning-catalog.pdf,29,Forenta/Forse buck pads and head plates,Forenta/Forse,48-RC,Pad/Cover,PRO-828,Tan Pro-Finish 861,43 x 17 1/2 x 8,Legger w/cut-out,true,,Grouped Forenta/Forse catalog table row.
dc-forenta-forse-48-rc-rpro-828,Buckeye Dry Cleaning Pads & Covers 2026,/catalogs/dry-cleaning-catalog.pdf,29,Forenta/Forse buck pads and head plates,Forenta/Forse,48-RC,Pad/Cover,RPRO-828,Red Pro-Finish 861,43 x 17 1/2 x 8,Legger w/cut-out,true,,Grouped Forenta/Forse catalog table row.
dc-forenta-forse-48-rc-mfhp-36,Buckeye Dry Cleaning Pads & Covers 2026,/catalogs/dry-cleaning-catalog.pdf,29,Forenta/Forse buck pads and head plates,Forenta/Forse,48-RC,Head Plate,MFHP-36,White Master Finish,43 x 17 1/2 x 8,Legger w/cut-out,true,,Grouped Forenta/Forse catalog table row.
dc-forenta-forse-48-rc-bmfhp-36,Buckeye Dry Cleaning Pads & Covers 2026,/catalogs/dry-cleaning-catalog.pdf,29,Forenta/Forse buck pads and head plates,Forenta/Forse,48-RC,Head Plate,BMFHP-36,Black Master Finish,43 x 17 1/2 x 8,Legger w/cut-out,true,,Grouped Forenta/Forse catalog table row.
dc-forenta-forse-48-rc-tgp-36,Buckeye Dry Cleaning Pads & Covers 2026,/catalogs/dry-cleaning-catalog.pdf,29,Forenta/Forse buck pads and head plates,Forenta/Forse,48-RC,Teflon Grid Plate,TGP-36,Teflon Grid Plate,43 x 17 1/2 x 8,Legger w/cut-out,true,,Grouped Forenta/Forse catalog table row.
dc-forenta-forse-48-slm-pro-828,Buckeye Dry Cleaning Pads & Covers 2026,/catalogs/dry-cleaning-catalog.pdf,29,Forenta/Forse buck pads and head plates,Forenta/Forse,48-SLM,Pad/Cover,PRO-828,Tan Pro-Finish 861,43 x 17 1/2 x 8,Legger w/cut-out,true,,Grouped Forenta/Forse catalog table row.
dc-forenta-forse-48-slm-rpro-828,Buckeye Dry Cleaning Pads & Covers 2026,/catalogs/dry-cleaning-catalog.pdf,29,Forenta/Forse buck pads and head plates,Forenta/Forse,48-SLM,Pad/Cover,RPRO-828,Red Pro-Finish 861,43 x 17 1/2 x 8,Legger w/cut-out,true,,Grouped Forenta/Forse catalog table row.
dc-forenta-forse-48-slm-mfhp-36,Buckeye Dry Cleaning Pads & Covers 2026,/catalogs/dry-cleaning-catalog.pdf,29,Forenta/Forse buck pads and head plates,Forenta/Forse,48-SLM,Head Plate,MFHP-36,White Master Finish,43 x 17 1/2 x 8,Legger w/cut-out,true,,Grouped Forenta/Forse catalog table row.
dc-forenta-forse-48-slm-bmfhp-36,Buckeye Dry Cleaning Pads & Covers 2026,/catalogs/dry-cleaning-catalog.pdf,29,Forenta/Forse buck pads and head plates,Forenta/Forse,48-SLM,Head Plate,BMFHP-36,Black Master Finish,43 x 17 1/2 x 8,Legger w/cut-out,true,,Grouped Forenta/Forse catalog table row.
dc-forenta-forse-48-slm-tgp-36,Buckeye Dry Cleaning Pads & Covers 2026,/catalogs/dry-cleaning-catalog.pdf,29,Forenta/Forse buck pads and head plates,Forenta/Forse,48-SLM,Teflon Grid Plate,TGP-36,Teflon Grid Plate,43 x 17 1/2 x 8,Legger w/cut-out,true,,Grouped Forenta/Forse catalog table row.
dc-forenta-forse-48-slr-pro-828,Buckeye Dry Cleaning Pads & Covers 2026,/catalogs/dry-cleaning-catalog.pdf,29,Forenta/Forse buck pads and head plates,Forenta/Forse,48-SLR,Pad/Cover,PRO-828,Tan Pro-Finish 861,43 x 17 1/2 x 8,Legger w/cut-out,true,,Grouped Forenta/Forse catalog table row.
dc-forenta-forse-48-slr-rpro-828,Buckeye Dry Cleaning Pads & Covers 2026,/catalogs/dry-cleaning-catalog.pdf,29,Forenta/Forse buck pads and head plates,Forenta/Forse,48-SLR,Pad/Cover,RPRO-828,Red Pro-Finish 861,43 x 17 1/2 x 8,Legger w/cut-out,true,,Grouped Forenta/Forse catalog table row.
dc-forenta-forse-48-slr-mfhp-36,Buckeye Dry Cleaning Pads & Covers 2026,/catalogs/dry-cleaning-catalog.pdf,29,Forenta/Forse buck pads and head plates,Forenta/Forse,48-SLR,Head Plate,MFHP-36,White Master Finish,43 x 17 1/2 x 8,Legger w/cut-out,true,,Grouped Forenta/Forse catalog table row.
dc-forenta-forse-48-slr-bmfhp-36,Buckeye Dry Cleaning Pads & Covers 2026,/catalogs/dry-cleaning-catalog.pdf,29,Forenta/Forse buck pads and head plates,Forenta/Forse,48-SLR,Head Plate,BMFHP-36,Black Master Finish,43 x 17 1/2 x 8,Legger w/cut-out,true,,Grouped Forenta/Forse catalog table row.
dc-forenta-forse-48-slr-tgp-36,Buckeye Dry Cleaning Pads & Covers 2026,/catalogs/dry-cleaning-catalog.pdf,29,Forenta/Forse buck pads and head plates,Forenta/Forse,48-SLR,Teflon Grid Plate,TGP-36,Teflon Grid Plate,43 x 17 1/2 x 8,Legger w/cut-out,true,,Grouped Forenta/Forse catalog table row.
dc-forenta-forse-48-vlmse-pro-839,Buckeye Dry Cleaning Pads & Covers 2026,/catalogs/dry-cleaning-catalog.pdf,29,Forenta/Forse buck pads and head plates,Forenta/Forse,48-VLMSE,Pad/Cover,PRO-839,Tan Pro-Finish 861,43 x 18 x 8,Legger w/tapered square end,true,,Grouped Forenta/Forse catalog table row.
dc-forenta-forse-48-vlmse-rpro-839,Buckeye Dry Cleaning Pads & Covers 2026,/catalogs/dry-cleaning-catalog.pdf,29,Forenta/Forse buck pads and head plates,Forenta/Forse,48-VLMSE,Pad/Cover,RPRO-839,Red Pro-Finish 861,43 x 18 x 8,Legger w/tapered square end,true,,Grouped Forenta/Forse catalog table row.
dc-forenta-forse-48-vlmse-mfhp-127,Buckeye Dry Cleaning Pads & Covers 2026,/catalogs/dry-cleaning-catalog.pdf,29,Forenta/Forse buck pads and head plates,Forenta/Forse,48-VLMSE,Head Plate,MFHP-127,White Master Finish,43 x 18 x 8,Legger w/tapered square end,true,,Grouped Forenta/Forse catalog table row.
dc-forenta-forse-48-vlmse-bmfhp-127,Buckeye Dry Cleaning Pads & Covers 2026,/catalogs/dry-cleaning-catalog.pdf,29,Forenta/Forse buck pads and head plates,Forenta/Forse,48-VLMSE,Head Plate,BMFHP-127,Black Master Finish,43 x 18 x 8,Legger w/tapered square end,true,,Grouped Forenta/Forse catalog table row.
dc-forenta-forse-48-vlmse-tgp-127,Buckeye Dry Cleaning Pads & Covers 2026,/catalogs/dry-cleaning-catalog.pdf,29,Forenta/Forse buck pads and head plates,Forenta/Forse,48-VLMSE,Teflon Grid Plate,TGP-127,Teflon Grid Plate,43 x 18 x 8,Legger w/tapered square end,true,,Grouped Forenta/Forse catalog table row.
dc-forenta-forse-48-vlnse-pro-839,Buckeye Dry Cleaning Pads & Covers 2026,/catalogs/dry-cleaning-catalog.pdf,29,Forenta/Forse buck pads and head plates,Forenta/Forse,48-VLNSE,Pad/Cover,PRO-839,Tan Pro-Finish 861,43 x 18 x 8,Legger w/tapered square end,true,,Grouped Forenta/Forse catalog table row.
dc-forenta-forse-48-vlnse-rpro-839,Buckeye Dry Cleaning Pads & Covers 2026,/catalogs/dry-cleaning-catalog.pdf,29,Forenta/Forse buck pads and head plates,Forenta/Forse,48-VLNSE,Pad/Cover,RPRO-839,Red Pro-Finish 861,43 x 18 x 8,Legger w/tapered square end,true,,Grouped Forenta/Forse catalog table row.
dc-forenta-forse-48-vlnse-mfhp-127,Buckeye Dry Cleaning Pads & Covers 2026,/catalogs/dry-cleaning-catalog.pdf,29,Forenta/Forse buck pads and head plates,Forenta/Forse,48-VLNSE,Head Plate,MFHP-127,White Master Finish,43 x 18 x 8,Legger w/tapered square end,true,,Grouped Forenta/Forse catalog table row.
dc-forenta-forse-48-vlnse-bmfhp-127,Buckeye Dry Cleaning Pads & Covers 2026,/catalogs/dry-cleaning-catalog.pdf,29,Forenta/Forse buck pads and head plates,Forenta/Forse,48-VLNSE,Head Plate,BMFHP-127,Black Master Finish,43 x 18 x 8,Legger w/tapered square end,true,,Grouped Forenta/Forse catalog table row.
dc-forenta-forse-48-vlnse-tgp-127,Buckeye Dry Cleaning Pads & Covers 2026,/catalogs/dry-cleaning-catalog.pdf,29,Forenta/Forse buck pads and head plates,Forenta/Forse,48-VLNSE,Teflon Grid Plate,TGP-127,Teflon Grid Plate,43 x 18 x 8,Legger w/tapered square end,true,,Grouped Forenta/Forse catalog table row.
dc-forenta-forse-48-vlsa-pro-1525,Buckeye Dry Cleaning Pads & Covers 2026,/catalogs/dry-cleaning-catalog.pdf,29,Forenta/Forse buck pads and head plates,Forenta/Forse,48-VLSA,Pad/Cover,PRO-1525,Tan Pro-Finish 861,43 x 17 1/2,Rectangular legger w/cut-out,true,,Grouped Forenta/Forse catalog table row.
dc-forenta-forse-48-vlsa-rpro-1525,Buckeye Dry Cleaning Pads & Covers 2026,/catalogs/dry-cleaning-catalog.pdf,29,Forenta/Forse buck pads and head plates,Forenta/Forse,48-VLSA,Pad/Cover,RPRO-1525,Red Pro-Finish 861,43 x 17 1/2,Rectangular legger w/cut-out,true,,Grouped Forenta/Forse catalog table row.
dc-forenta-forse-48-vlsa-mfhp-74,Buckeye Dry Cleaning Pads & Covers 2026,/catalogs/dry-cleaning-catalog.pdf,29,Forenta/Forse buck pads and head plates,Forenta/Forse,48-VLSA,Head Plate,MFHP-74,White Master Finish,43 x 17 1/2,Rectangular legger w/cut-out,true,,Grouped Forenta/Forse catalog table row.
dc-forenta-forse-48-vlsa-bmfhp-74,Buckeye Dry Cleaning Pads & Covers 2026,/catalogs/dry-cleaning-catalog.pdf,29,Forenta/Forse buck pads and head plates,Forenta/Forse,48-VLSA,Head Plate,BMFHP-74,Black Master Finish,43 x 17 1/2,Rectangular legger w/cut-out,true,,Grouped Forenta/Forse catalog table row.
dc-forenta-forse-48-vlsa-tgp-74,Buckeye Dry Cleaning Pads & Covers 2026,/catalogs/dry-cleaning-catalog.pdf,29,Forenta/Forse buck pads and head plates,Forenta/Forse,48-VLSA,Teflon Grid Plate,TGP-74,Teflon Grid Plate,43 x 17 1/2,Rectangular legger w/cut-out,true,,Grouped Forenta/Forse catalog table row.
dc-forenta-forse-181-vspc-pro-1078,Buckeye Dry Cleaning Pads & Covers 2026,/catalogs/dry-cleaning-catalog.pdf,29,Forenta/Forse buck pads and head plates,Forenta/Forse,181-VSPC,Pad/Cover,PRO-1078,Tan Pro-Finish 861,18 x 9,Mushroom,true,,Grouped Forenta/Forse catalog table row.
dc-forenta-forse-181-vspc-rpro-1078,Buckeye Dry Cleaning Pads & Covers 2026,/catalogs/dry-cleaning-catalog.pdf,29,Forenta/Forse buck pads and head plates,Forenta/Forse,181-VSPC,Pad/Cover,RPRO-1078,Red Pro-Finish 861,18 x 9,Mushroom,true,,Grouped Forenta/Forse catalog table row.
dc-forenta-forse-181-vspc-mfhp-123,Buckeye Dry Cleaning Pads & Covers 2026,/catalogs/dry-cleaning-catalog.pdf,29,Forenta/Forse buck pads and head plates,Forenta/Forse,181-VSPC,Head Plate,MFHP-123,White Master Finish,18 x 9,Mushroom,true,,Grouped Forenta/Forse catalog table row.
dc-forenta-forse-181-vspc-bmfhp-123,Buckeye Dry Cleaning Pads & Covers 2026,/catalogs/dry-cleaning-catalog.pdf,29,Forenta/Forse buck pads and head plates,Forenta/Forse,181-VSPC,Head Plate,BMFHP-123,Black Master Finish,18 x 9,Mushroom,true,,Grouped Forenta/Forse catalog table row.
dc-forenta-forse-181-vspc-tgp-123,Buckeye Dry Cleaning Pads & Covers 2026,/catalogs/dry-cleaning-catalog.pdf,29,Forenta/Forse buck pads and head plates,Forenta/Forse,181-VSPC,Teflon Grid Plate,TGP-123,Teflon Grid Plate,18 x 9,Mushroom,true,,Grouped Forenta/Forse catalog table row.
dc-forenta-forse-191-st-pro-690,Buckeye Dry Cleaning Pads & Covers 2026,/catalogs/dry-cleaning-catalog.pdf,29,Forenta/Forse buck pads and head plates,Forenta/Forse,191-ST,Pad/Cover,PRO-690,Tan Pro-Finish 861,21 x 13 x 10,Mushroom topper,true,,Grouped Forenta/Forse catalog table row.
dc-forenta-forse-191-st-rpro-690,Buckeye Dry Cleaning Pads & Covers 2026,/catalogs/dry-cleaning-catalog.pdf,29,Forenta/Forse buck pads and head plates,Forenta/Forse,191-ST,Pad/Cover,RPRO-690,Red Pro-Finish 861,21 x 13 x 10,Mushroom topper,true,,Grouped Forenta/Forse catalog table row.
dc-forenta-forse-191-st-mfhp-116,Buckeye Dry Cleaning Pads & Covers 2026,/catalogs/dry-cleaning-catalog.pdf,29,Forenta/Forse buck pads and head plates,Forenta/Forse,191-ST,Head Plate,MFHP-116,White Master Finish,21 x 13 x 10,Mushroom topper,true,,Grouped Forenta/Forse catalog table row.
dc-forenta-forse-191-st-bmfhp-116,Buckeye Dry Cleaning Pads & Covers 2026,/catalogs/dry-cleaning-catalog.pdf,29,Forenta/Forse buck pads and head plates,Forenta/Forse,191-ST,Head Plate,BMFHP-116,Black Master Finish,21 x 13 x 10,Mushroom topper,true,,Grouped Forenta/Forse catalog table row.
dc-forenta-forse-191-st-tgp-116,Buckeye Dry Cleaning Pads & Covers 2026,/catalogs/dry-cleaning-catalog.pdf,29,Forenta/Forse buck pads and head plates,Forenta/Forse,191-ST,Teflon Grid Plate,TGP-116,Teflon Grid Plate,21 x 13 x 10,Mushroom topper,true,,Grouped Forenta/Forse catalog table row.
dc-forenta-forse-191-sth-pro-690,Buckeye Dry Cleaning Pads & Covers 2026,/catalogs/dry-cleaning-catalog.pdf,29,Forenta/Forse buck pads and head plates,Forenta/Forse,191-STH,Pad/Cover,PRO-690,Tan Pro-Finish 861,21 x 13 x 10,Mushroom topper,true,,Grouped Forenta/Forse catalog table row.
dc-forenta-forse-191-sth-rpro-690,Buckeye Dry Cleaning Pads & Covers 2026,/catalogs/dry-cleaning-catalog.pdf,29,Forenta/Forse buck pads and head plates,Forenta/Forse,191-STH,Pad/Cover,RPRO-690,Red Pro-Finish 861,21 x 13 x 10,Mushroom topper,true,,Grouped Forenta/Forse catalog table row.
dc-forenta-forse-191-sth-mfhp-116,Buckeye Dry Cleaning Pads & Covers 2026,/catalogs/dry-cleaning-catalog.pdf,29,Forenta/Forse buck pads and head plates,Forenta/Forse,191-STH,Head Plate,MFHP-116,White Master Finish,21 x 13 x 10,Mushroom topper,true,,Grouped Forenta/Forse catalog table row.
dc-forenta-forse-191-sth-bmfhp-116,Buckeye Dry Cleaning Pads & Covers 2026,/catalogs/dry-cleaning-catalog.pdf,29,Forenta/Forse buck pads and head plates,Forenta/Forse,191-STH,Head Plate,BMFHP-116,Black Master Finish,21 x 13 x 10,Mushroom topper,true,,Grouped Forenta/Forse catalog table row.
dc-forenta-forse-191-sth-tgp-116,Buckeye Dry Cleaning Pads & Covers 2026,/catalogs/dry-cleaning-catalog.pdf,29,Forenta/Forse buck pads and head plates,Forenta/Forse,191-STH,Teflon Grid Plate,TGP-116,Teflon Grid Plate,21 x 13 x 10,Mushroom topper,true,,Grouped Forenta/Forse catalog table row.
dc-forenta-forse-191-suh-pro-690,Buckeye Dry Cleaning Pads & Covers 2026,/catalogs/dry-cleaning-catalog.pdf,29,Forenta/Forse buck pads and head plates,Forenta/Forse,191-SUH,Pad/Cover,PRO-690,Tan Pro-Finish 861,21 x 13 x 10,Mushroom topper,true,,Grouped Forenta/Forse catalog table row.
dc-forenta-forse-191-suh-rpro-690,Buckeye Dry Cleaning Pads & Covers 2026,/catalogs/dry-cleaning-catalog.pdf,29,Forenta/Forse buck pads and head plates,Forenta/Forse,191-SUH,Pad/Cover,RPRO-690,Red Pro-Finish 861,21 x 13 x 10,Mushroom topper,true,,Grouped Forenta/Forse catalog table row.
dc-forenta-forse-191-suh-mfhp-116,Buckeye Dry Cleaning Pads & Covers 2026,/catalogs/dry-cleaning-catalog.pdf,29,Forenta/Forse buck pads and head plates,Forenta/Forse,191-SUH,Head Plate,MFHP-116,White Master Finish,21 x 13 x 10,Mushroom topper,true,,Grouped Forenta/Forse catalog table row.
dc-forenta-forse-191-suh-bmfhp-116,Buckeye Dry Cleaning Pads & Covers 2026,/catalogs/dry-cleaning-catalog.pdf,29,Forenta/Forse buck pads and head plates,Forenta/Forse,191-SUH,Head Plate,BMFHP-116,Black Master Finish,21 x 13 x 10,Mushroom topper,true,,Grouped Forenta/Forse catalog table row.
dc-forenta-forse-191-suh-tgp-116,Buckeye Dry Cleaning Pads & Covers 2026,/catalogs/dry-cleaning-catalog.pdf,29,Forenta/Forse buck pads and head plates,Forenta/Forse,191-SUH,Teflon Grid Plate,TGP-116,Teflon Grid Plate,21 x 13 x 10,Mushroom topper,true,,Grouped Forenta/Forse catalog table row.
dc-forenta-forse-191-vspc-pro-690,Buckeye Dry Cleaning Pads & Covers 2026,/catalogs/dry-cleaning-catalog.pdf,29,Forenta/Forse buck pads and head plates,Forenta/Forse,191-VSPC,Pad/Cover,PRO-690,Tan Pro-Finish 861,21 x 13 x 10,Mushroom topper,true,,Grouped Forenta/Forse catalog table row.
dc-forenta-forse-191-vspc-rpro-690,Buckeye Dry Cleaning Pads & Covers 2026,/catalogs/dry-cleaning-catalog.pdf,29,Forenta/Forse buck pads and head plates,Forenta/Forse,191-VSPC,Pad/Cover,RPRO-690,Red Pro-Finish 861,21 x 13 x 10,Mushroom topper,true,,Grouped Forenta/Forse catalog table row.
dc-forenta-forse-191-vspc-mfhp-116,Buckeye Dry Cleaning Pads & Covers 2026,/catalogs/dry-cleaning-catalog.pdf,29,Forenta/Forse buck pads and head plates,Forenta/Forse,191-VSPC,Head Plate,MFHP-116,White Master Finish,21 x 13 x 10,Mushroom topper,true,,Grouped Forenta/Forse catalog table row.
dc-forenta-forse-191-vspc-bmfhp-116,Buckeye Dry Cleaning Pads & Covers 2026,/catalogs/dry-cleaning-catalog.pdf,29,Forenta/Forse buck pads and head plates,Forenta/Forse,191-VSPC,Head Plate,BMFHP-116,Black Master Finish,21 x 13 x 10,Mushroom topper,true,,Grouped Forenta/Forse catalog table row.
dc-forenta-forse-191-vspc-tgp-116,Buckeye Dry Cleaning Pads & Covers 2026,/catalogs/dry-cleaning-catalog.pdf,29,Forenta/Forse buck pads and head plates,Forenta/Forse,191-VSPC,Teflon Grid Plate,TGP-116,Teflon Grid Plate,21 x 13 x 10,Mushroom topper,true,,Grouped Forenta/Forse catalog table row.
dc-forenta-forse-191-stmc-pro-690,Buckeye Dry Cleaning Pads & Covers 2026,/catalogs/dry-cleaning-catalog.pdf,29,Forenta/Forse buck pads and head plates,Forenta/Forse,191-STMC,Pad/Cover,PRO-690,Tan Pro-Finish 861,21 x 13 x 10,Mushroom topper,true,,Grouped Forenta/Forse catalog table row.
dc-forenta-forse-191-stmc-rpro-690,Buckeye Dry Cleaning Pads & Covers 2026,/catalogs/dry-cleaning-catalog.pdf,29,Forenta/Forse buck pads and head plates,Forenta/Forse,191-STMC,Pad/Cover,RPRO-690,Red Pro-Finish 861,21 x 13 x 10,Mushroom topper,true,,Grouped Forenta/Forse catalog table row.
dc-forenta-forse-191-stmc-mfhp-116,Buckeye Dry Cleaning Pads & Covers 2026,/catalogs/dry-cleaning-catalog.pdf,29,Forenta/Forse buck pads and head plates,Forenta/Forse,191-STMC,Head Plate,MFHP-116,White Master Finish,21 x 13 x 10,Mushroom topper,true,,Grouped Forenta/Forse catalog table row.
dc-forenta-forse-191-stmc-bmfhp-116,Buckeye Dry Cleaning Pads & Covers 2026,/catalogs/dry-cleaning-catalog.pdf,29,Forenta/Forse buck pads and head plates,Forenta/Forse,191-STMC,Head Plate,BMFHP-116,Black Master Finish,21 x 13 x 10,Mushroom topper,true,,Grouped Forenta/Forse catalog table row.
dc-forenta-forse-191-stmc-tgp-116,Buckeye Dry Cleaning Pads & Covers 2026,/catalogs/dry-cleaning-catalog.pdf,29,Forenta/Forse buck pads and head plates,Forenta/Forse,191-STMC,Teflon Grid Plate,TGP-116,Teflon Grid Plate,21 x 13 x 10,Mushroom topper,true,,Grouped Forenta/Forse catalog table row.
dc-forenta-forse-191-stmhc-pro-690,Buckeye Dry Cleaning Pads & Covers 2026,/catalogs/dry-cleaning-catalog.pdf,29,Forenta/Forse buck pads and head plates,Forenta/Forse,191-STMHC,Pad/Cover,PRO-690,Tan Pro-Finish 861,21 x 13 x 10,Mushroom topper,true,,Grouped Forenta/Forse catalog table row.
dc-forenta-forse-191-stmhc-rpro-690,Buckeye Dry Cleaning Pads & Covers 2026,/catalogs/dry-cleaning-catalog.pdf,29,Forenta/Forse buck pads and head plates,Forenta/Forse,191-STMHC,Pad/Cover,RPRO-690,Red Pro-Finish 861,21 x 13 x 10,Mushroom topper,true,,Grouped Forenta/Forse catalog table row.
dc-forenta-forse-191-stmhc-mfhp-116,Buckeye Dry Cleaning Pads & Covers 2026,/catalogs/dry-cleaning-catalog.pdf,29,Forenta/Forse buck pads and head plates,Forenta/Forse,191-STMHC,Head Plate,MFHP-116,White Master Finish,21 x 13 x 10,Mushroom topper,true,,Grouped Forenta/Forse catalog table row.
dc-forenta-forse-191-stmhc-bmfhp-116,Buckeye Dry Cleaning Pads & Covers 2026,/catalogs/dry-cleaning-catalog.pdf,29,Forenta/Forse buck pads and head plates,Forenta/Forse,191-STMHC,Head Plate,BMFHP-116,Black Master Finish,21 x 13 x 10,Mushroom topper,true,,Grouped Forenta/Forse catalog table row.
dc-forenta-forse-191-stmhc-tgp-116,Buckeye Dry Cleaning Pads & Covers 2026,/catalogs/dry-cleaning-catalog.pdf,29,Forenta/Forse buck pads and head plates,Forenta/Forse,191-STMHC,Teflon Grid Plate,TGP-116,Teflon Grid Plate,21 x 13 x 10,Mushroom topper,true,,Grouped Forenta/Forse catalog table row.
dc-forenta-forse-191-vst-pro-690,Buckeye Dry Cleaning Pads & Covers 2026,/catalogs/dry-cleaning-catalog.pdf,29,Forenta/Forse buck pads and head plates,Forenta/Forse,191-VST,Pad/Cover,PRO-690,Tan Pro-Finish 861,21 x 13 x 10,Mushroom topper,true,,Grouped Forenta/Forse catalog table row.
dc-forenta-forse-191-vst-rpro-690,Buckeye Dry Cleaning Pads & Covers 2026,/catalogs/dry-cleaning-catalog.pdf,29,Forenta/Forse buck pads and head plates,Forenta/Forse,191-VST,Pad/Cover,RPRO-690,Red Pro-Finish 861,21 x 13 x 10,Mushroom topper,true,,Grouped Forenta/Forse catalog table row.
dc-forenta-forse-191-vst-mfhp-116,Buckeye Dry Cleaning Pads & Covers 2026,/catalogs/dry-cleaning-catalog.pdf,29,Forenta/Forse buck pads and head plates,Forenta/Forse,191-VST,Head Plate,MFHP-116,White Master Finish,21 x 13 x 10,Mushroom topper,true,,Grouped Forenta/Forse catalog table row.
dc-forenta-forse-191-vst-bmfhp-116,Buckeye Dry Cleaning Pads & Covers 2026,/catalogs/dry-cleaning-catalog.pdf,29,Forenta/Forse buck pads and head plates,Forenta/Forse,191-VST,Head Plate,BMFHP-116,Black Master Finish,21 x 13 x 10,Mushroom topper,true,,Grouped Forenta/Forse catalog table row.
dc-forenta-forse-191-vst-tgp-116,Buckeye Dry Cleaning Pads & Covers 2026,/catalogs/dry-cleaning-catalog.pdf,29,Forenta/Forse buck pads and head plates,Forenta/Forse,191-VST,Teflon Grid Plate,TGP-116,Teflon Grid Plate,21 x 13 x 10,Mushroom topper,true,,Grouped Forenta/Forse catalog table row.
dc-forenta-forse-211-vs-pro-1187,Buckeye Dry Cleaning Pads & Covers 2026,/catalogs/dry-cleaning-catalog.pdf,29,Forenta/Forse buck pads and head plates,Forenta/Forse,211-VS,Pad/Cover,PRO-1187,Tan Pro-Finish 861,40 x 13 x 9,Utility,true,,Grouped Forenta/Forse catalog table row.
dc-forenta-forse-211-vs-rpro-1187,Buckeye Dry Cleaning Pads & Covers 2026,/catalogs/dry-cleaning-catalog.pdf,29,Forenta/Forse buck pads and head plates,Forenta/Forse,211-VS,Pad/Cover,RPRO-1187,Red Pro-Finish 861,40 x 13 x 9,Utility,true,,Grouped Forenta/Forse catalog table row.
dc-forenta-forse-211-vs-mfhp-110,Buckeye Dry Cleaning Pads & Covers 2026,/catalogs/dry-cleaning-catalog.pdf,29,Forenta/Forse buck pads and head plates,Forenta/Forse,211-VS,Head Plate,MFHP-110,White Master Finish,40 x 13 x 9,Utility,true,,Grouped Forenta/Forse catalog table row.
dc-forenta-forse-211-vs-bmfhp-110,Buckeye Dry Cleaning Pads & Covers 2026,/catalogs/dry-cleaning-catalog.pdf,29,Forenta/Forse buck pads and head plates,Forenta/Forse,211-VS,Head Plate,BMFHP-110,Black Master Finish,40 x 13 x 9,Utility,true,,Grouped Forenta/Forse catalog table row.
dc-forenta-forse-211-vs-tgp-110,Buckeye Dry Cleaning Pads & Covers 2026,/catalogs/dry-cleaning-catalog.pdf,29,Forenta/Forse buck pads and head plates,Forenta/Forse,211-VS,Teflon Grid Plate,TGP-110,Teflon Grid Plate,40 x 13 x 9,Utility,true,,Grouped Forenta/Forse catalog table row.
dc-forenta-forse-421-fgr-pro-832,Buckeye Dry Cleaning Pads & Covers 2026,/catalogs/dry-cleaning-catalog.pdf,29,Forenta/Forse buck pads and head plates,Forenta/Forse,421-FGR,Pad/Cover,PRO-832,Tan Pro-Finish 861,40 x 13 x 9,Utility,true,,Grouped Forenta/Forse catalog table row.
dc-forenta-forse-421-fgr-rpro-832,Buckeye Dry Cleaning Pads & Covers 2026,/catalogs/dry-cleaning-catalog.pdf,29,Forenta/Forse buck pads and head plates,Forenta/Forse,421-FGR,Pad/Cover,RPRO-832,Red Pro-Finish 861,40 x 13 x 9,Utility,true,,Grouped Forenta/Forse catalog table row.
dc-forenta-forse-421-fgr-mfhp-18,Buckeye Dry Cleaning Pads & Covers 2026,/catalogs/dry-cleaning-catalog.pdf,29,Forenta/Forse buck pads and head plates,Forenta/Forse,421-FGR,Head Plate,MFHP-18,White Master Finish,40 x 13 x 9,Utility,true,,Grouped Forenta/Forse catalog table row.
dc-forenta-forse-421-fgr-bmfhp-18,Buckeye Dry Cleaning Pads & Covers 2026,/catalogs/dry-cleaning-catalog.pdf,29,Forenta/Forse buck pads and head plates,Forenta/Forse,421-FGR,Head Plate,BMFHP-18,Black Master Finish,40 x 13 x 9,Utility,true,,Grouped Forenta/Forse catalog table row.
dc-forenta-forse-421-fgr-tgp-18,Buckeye Dry Cleaning Pads & Covers 2026,/catalogs/dry-cleaning-catalog.pdf,29,Forenta/Forse buck pads and head plates,Forenta/Forse,421-FGR,Teflon Grid Plate,TGP-18,Teflon Grid Plate,40 x 13 x 9,Utility,true,,Grouped Forenta/Forse catalog table row.
dc-forenta-forse-421-fl-pro-832,Buckeye Dry Cleaning Pads & Covers 2026,/catalogs/dry-cleaning-catalog.pdf,29,Forenta/Forse buck pads and head plates,Forenta/Forse,421-FL,Pad/Cover,PRO-832,Tan Pro-Finish 861,40 x 13 x 9,Utility,true,,Grouped Forenta/Forse catalog table row.
dc-forenta-forse-421-fl-rpro-832,Buckeye Dry Cleaning Pads & Covers 2026,/catalogs/dry-cleaning-catalog.pdf,29,Forenta/Forse buck pads and head plates,Forenta/Forse,421-FL,Pad/Cover,RPRO-832,Red Pro-Finish 861,40 x 13 x 9,Utility,true,,Grouped Forenta/Forse catalog table row.
dc-forenta-forse-421-fl-mfhp-18,Buckeye Dry Cleaning Pads & Covers 2026,/catalogs/dry-cleaning-catalog.pdf,29,Forenta/Forse buck pads and head plates,Forenta/Forse,421-FL,Head Plate,MFHP-18,White Master Finish,40 x 13 x 9,Utility,true,,Grouped Forenta/Forse catalog table row.
dc-forenta-forse-421-fl-bmfhp-18,Buckeye Dry Cleaning Pads & Covers 2026,/catalogs/dry-cleaning-catalog.pdf,29,Forenta/Forse buck pads and head plates,Forenta/Forse,421-FL,Head Plate,BMFHP-18,Black Master Finish,40 x 13 x 9,Utility,true,,Grouped Forenta/Forse catalog table row.
dc-forenta-forse-421-fl-tgp-18,Buckeye Dry Cleaning Pads & Covers 2026,/catalogs/dry-cleaning-catalog.pdf,29,Forenta/Forse buck pads and head plates,Forenta/Forse,421-FL,Teflon Grid Plate,TGP-18,Teflon Grid Plate,40 x 13 x 9,Utility,true,,Grouped Forenta/Forse catalog table row.
dc-forenta-forse-421-fol-pro-832,Buckeye Dry Cleaning Pads & Covers 2026,/catalogs/dry-cleaning-catalog.pdf,29,Forenta/Forse buck pads and head plates,Forenta/Forse,421-FOL,Pad/Cover,PRO-832,Tan Pro-Finish 861,40 x 13 x 9,Utility,true,,Grouped Forenta/Forse catalog table row.
dc-forenta-forse-421-fol-rpro-832,Buckeye Dry Cleaning Pads & Covers 2026,/catalogs/dry-cleaning-catalog.pdf,29,Forenta/Forse buck pads and head plates,Forenta/Forse,421-FOL,Pad/Cover,RPRO-832,Red Pro-Finish 861,40 x 13 x 9,Utility,true,,Grouped Forenta/Forse catalog table row.
dc-forenta-forse-421-fol-mfhp-18,Buckeye Dry Cleaning Pads & Covers 2026,/catalogs/dry-cleaning-catalog.pdf,29,Forenta/Forse buck pads and head plates,Forenta/Forse,421-FOL,Head Plate,MFHP-18,White Master Finish,40 x 13 x 9,Utility,true,,Grouped Forenta/Forse catalog table row.
dc-forenta-forse-421-fol-bmfhp-18,Buckeye Dry Cleaning Pads & Covers 2026,/catalogs/dry-cleaning-catalog.pdf,29,Forenta/Forse buck pads and head plates,Forenta/Forse,421-FOL,Head Plate,BMFHP-18,Black Master Finish,40 x 13 x 9,Utility,true,,Grouped Forenta/Forse catalog table row.
dc-forenta-forse-421-fol-tgp-18,Buckeye Dry Cleaning Pads & Covers 2026,/catalogs/dry-cleaning-catalog.pdf,29,Forenta/Forse buck pads and head plates,Forenta/Forse,421-FOL,Teflon Grid Plate,TGP-18,Teflon Grid Plate,40 x 13 x 9,Utility,true,,Grouped Forenta/Forse catalog table row.
dc-forenta-forse-421-for-pro-832,Buckeye Dry Cleaning Pads & Covers 2026,/catalogs/dry-cleaning-catalog.pdf,29,Forenta/Forse buck pads and head plates,Forenta/Forse,421-FOR,Pad/Cover,PRO-832,Tan Pro-Finish 861,40 x 13 x 9,Utility,true,,Grouped Forenta/Forse catalog table row.
dc-forenta-forse-421-for-rpro-832,Buckeye Dry Cleaning Pads & Covers 2026,/catalogs/dry-cleaning-catalog.pdf,29,Forenta/Forse buck pads and head plates,Forenta/Forse,421-FOR,Pad/Cover,RPRO-832,Red Pro-Finish 861,40 x 13 x 9,Utility,true,,Grouped Forenta/Forse catalog table row.
dc-forenta-forse-421-for-mfhp-18,Buckeye Dry Cleaning Pads & Covers 2026,/catalogs/dry-cleaning-catalog.pdf,29,Forenta/Forse buck pads and head plates,Forenta/Forse,421-FOR,Head Plate,MFHP-18,White Master Finish,40 x 13 x 9,Utility,true,,Grouped Forenta/Forse catalog table row.
dc-forenta-forse-421-for-bmfhp-18,Buckeye Dry Cleaning Pads & Covers 2026,/catalogs/dry-cleaning-catalog.pdf,29,Forenta/Forse buck pads and head plates,Forenta/Forse,421-FOR,Head Plate,BMFHP-18,Black Master Finish,40 x 13 x 9,Utility,true,,Grouped Forenta/Forse catalog table row.
dc-forenta-forse-421-for-tgp-18,Buckeye Dry Cleaning Pads & Covers 2026,/catalogs/dry-cleaning-catalog.pdf,29,Forenta/Forse buck pads and head plates,Forenta/Forse,421-FOR,Teflon Grid Plate,TGP-18,Teflon Grid Plate,40 x 13 x 9,Utility,true,,Grouped Forenta/Forse catalog table row.
dc-forenta-forse-421-fr-pro-832,Buckeye Dry Cleaning Pads & Covers 2026,/catalogs/dry-cleaning-catalog.pdf,29,Forenta/Forse buck pads and head plates,Forenta/Forse,421-FR,Pad/Cover,PRO-832,Tan Pro-Finish 861,40 x 13 x 9,Utility,true,,Grouped Forenta/Forse catalog table row.
dc-forenta-forse-421-fr-rpro-832,Buckeye Dry Cleaning Pads & Covers 2026,/catalogs/dry-cleaning-catalog.pdf,29,Forenta/Forse buck pads and head plates,Forenta/Forse,421-FR,Pad/Cover,RPRO-832,Red Pro-Finish 861,40 x 13 x 9,Utility,true,,Grouped Forenta/Forse catalog table row.
dc-forenta-forse-421-fr-mfhp-18,Buckeye Dry Cleaning Pads & Covers 2026,/catalogs/dry-cleaning-catalog.pdf,29,Forenta/Forse buck pads and head plates,Forenta/Forse,421-FR,Head Plate,MFHP-18,White Master Finish,40 x 13 x 9,Utility,true,,Grouped Forenta/Forse catalog table row.
dc-forenta-forse-421-fr-bmfhp-18,Buckeye Dry Cleaning Pads & Covers 2026,/catalogs/dry-cleaning-catalog.pdf,29,Forenta/Forse buck pads and head plates,Forenta/Forse,421-FR,Head Plate,BMFHP-18,Black Master Finish,40 x 13 x 9,Utility,true,,Grouped Forenta/Forse catalog table row.
dc-forenta-forse-421-fr-tgp-18,Buckeye Dry Cleaning Pads & Covers 2026,/catalogs/dry-cleaning-catalog.pdf,29,Forenta/Forse buck pads and head plates,Forenta/Forse,421-FR,Teflon Grid Plate,TGP-18,Teflon Grid Plate,40 x 13 x 9,Utility,true,,Grouped Forenta/Forse catalog table row.
dc-forenta-forse-421-sulb-pro-832,Buckeye Dry Cleaning Pads & Covers 2026,/catalogs/dry-cleaning-catalog.pdf,29,Forenta/Forse buck pads and head plates,Forenta/Forse,421-SULB,Pad/Cover,PRO-832,Tan Pro-Finish 861,40 x 13 x 9,Utility,true,,Grouped Forenta/Forse catalog table row.
dc-forenta-forse-421-sulb-rpro-832,Buckeye Dry Cleaning Pads & Covers 2026,/catalogs/dry-cleaning-catalog.pdf,29,Forenta/Forse buck pads and head plates,Forenta/Forse,421-SULB,Pad/Cover,RPRO-832,Red Pro-Finish 861,40 x 13 x 9,Utility,true,,Grouped Forenta/Forse catalog table row.
dc-forenta-forse-421-sulb-mfhp-18,Buckeye Dry Cleaning Pads & Covers 2026,/catalogs/dry-cleaning-catalog.pdf,29,Forenta/Forse buck pads and head plates,Forenta/Forse,421-SULB,Head Plate,MFHP-18,White Master Finish,40 x 13 x 9,Utility,true,,Grouped Forenta/Forse catalog table row.
dc-forenta-forse-421-sulb-bmfhp-18,Buckeye Dry Cleaning Pads & Covers 2026,/catalogs/dry-cleaning-catalog.pdf,29,Forenta/Forse buck pads and head plates,Forenta/Forse,421-SULB,Head Plate,BMFHP-18,Black Master Finish,40 x 13 x 9,Utility,true,,Grouped Forenta/Forse catalog table row.
dc-forenta-forse-421-sulb-tgp-18,Buckeye Dry Cleaning Pads & Covers 2026,/catalogs/dry-cleaning-catalog.pdf,29,Forenta/Forse buck pads and head plates,Forenta/Forse,421-SULB,Teflon Grid Plate,TGP-18,Teflon Grid Plate,40 x 13 x 9,Utility,true,,Grouped Forenta/Forse catalog table row.
dc-forenta-forse-421-sur-pro-832,Buckeye Dry Cleaning Pads & Covers 2026,/catalogs/dry-cleaning-catalog.pdf,29,Forenta/Forse buck pads and head plates,Forenta/Forse,421-SUR,Pad/Cover,PRO-832,Tan Pro-Finish 861,40 x 13 x 9,Utility,true,,Grouped Forenta/Forse catalog table row.
dc-forenta-forse-421-sur-rpro-832,Buckeye Dry Cleaning Pads & Covers 2026,/catalogs/dry-cleaning-catalog.pdf,29,Forenta/Forse buck pads and head plates,Forenta/Forse,421-SUR,Pad/Cover,RPRO-832,Red Pro-Finish 861,40 x 13 x 9,Utility,true,,Grouped Forenta/Forse catalog table row.
dc-forenta-forse-421-sur-mfhp-18,Buckeye Dry Cleaning Pads & Covers 2026,/catalogs/dry-cleaning-catalog.pdf,29,Forenta/Forse buck pads and head plates,Forenta/Forse,421-SUR,Head Plate,MFHP-18,White Master Finish,40 x 13 x 9,Utility,true,,Grouped Forenta/Forse catalog table row.
dc-forenta-forse-421-sur-bmfhp-18,Buckeye Dry Cleaning Pads & Covers 2026,/catalogs/dry-cleaning-catalog.pdf,29,Forenta/Forse buck pads and head plates,Forenta/Forse,421-SUR,Head Plate,BMFHP-18,Black Master Finish,40 x 13 x 9,Utility,true,,Grouped Forenta/Forse catalog table row.
dc-forenta-forse-421-sur-tgp-18,Buckeye Dry Cleaning Pads & Covers 2026,/catalogs/dry-cleaning-catalog.pdf,29,Forenta/Forse buck pads and head plates,Forenta/Forse,421-SUR,Teflon Grid Plate,TGP-18,Teflon Grid Plate,40 x 13 x 9,Utility,true,,Grouped Forenta/Forse catalog table row.
dc-forenta-forse-421-surb-pro-832,Buckeye Dry Cleaning Pads & Covers 2026,/catalogs/dry-cleaning-catalog.pdf,29,Forenta/Forse buck pads and head plates,Forenta/Forse,421-SURB,Pad/Cover,PRO-832,Tan Pro-Finish 861,40 x 13 x 9,Utility,true,,Grouped Forenta/Forse catalog table row.
dc-forenta-forse-421-surb-rpro-832,Buckeye Dry Cleaning Pads & Covers 2026,/catalogs/dry-cleaning-catalog.pdf,29,Forenta/Forse buck pads and head plates,Forenta/Forse,421-SURB,Pad/Cover,RPRO-832,Red Pro-Finish 861,40 x 13 x 9,Utility,true,,Grouped Forenta/Forse catalog table row.
dc-forenta-forse-421-surb-mfhp-18,Buckeye Dry Cleaning Pads & Covers 2026,/catalogs/dry-cleaning-catalog.pdf,29,Forenta/Forse buck pads and head plates,Forenta/Forse,421-SURB,Head Plate,MFHP-18,White Master Finish,40 x 13 x 9,Utility,true,,Grouped Forenta/Forse catalog table row.
dc-forenta-forse-421-surb-bmfhp-18,Buckeye Dry Cleaning Pads & Covers 2026,/catalogs/dry-cleaning-catalog.pdf,29,Forenta/Forse buck pads and head plates,Forenta/Forse,421-SURB,Head Plate,BMFHP-18,Black Master Finish,40 x 13 x 9,Utility,true,,Grouped Forenta/Forse catalog table row.
dc-forenta-forse-421-surb-tgp-18,Buckeye Dry Cleaning Pads & Covers 2026,/catalogs/dry-cleaning-catalog.pdf,29,Forenta/Forse buck pads and head plates,Forenta/Forse,421-SURB,Teflon Grid Plate,TGP-18,Teflon Grid Plate,40 x 13 x 9,Utility,true,,Grouped Forenta/Forse catalog table row.
dc-forenta-forse-421-surm-pro-832,Buckeye Dry Cleaning Pads & Covers 2026,/catalogs/dry-cleaning-catalog.pdf,29,Forenta/Forse buck pads and head plates,Forenta/Forse,421-SURM,Pad/Cover,PRO-832,Tan Pro-Finish 861,40 x 13 x 9,Utility,true,,Grouped Forenta/Forse catalog table row.
dc-forenta-forse-421-surm-rpro-832,Buckeye Dry Cleaning Pads & Covers 2026,/catalogs/dry-cleaning-catalog.pdf,29,Forenta/Forse buck pads and head plates,Forenta/Forse,421-SURM,Pad/Cover,RPRO-832,Red Pro-Finish 861,40 x 13 x 9,Utility,true,,Grouped Forenta/Forse catalog table row.
dc-forenta-forse-421-surm-mfhp-18,Buckeye Dry Cleaning Pads & Covers 2026,/catalogs/dry-cleaning-catalog.pdf,29,Forenta/Forse buck pads and head plates,Forenta/Forse,421-SURM,Head Plate,MFHP-18,White Master Finish,40 x 13 x 9,Utility,true,,Grouped Forenta/Forse catalog table row.
dc-forenta-forse-421-surm-bmfhp-18,Buckeye Dry Cleaning Pads & Covers 2026,/catalogs/dry-cleaning-catalog.pdf,29,Forenta/Forse buck pads and head plates,Forenta/Forse,421-SURM,Head Plate,BMFHP-18,Black Master Finish,40 x 13 x 9,Utility,true,,Grouped Forenta/Forse catalog table row.
dc-forenta-forse-421-surm-tgp-18,Buckeye Dry Cleaning Pads & Covers 2026,/catalogs/dry-cleaning-catalog.pdf,29,Forenta/Forse buck pads and head plates,Forenta/Forse,421-SURM,Teflon Grid Plate,TGP-18,Teflon Grid Plate,40 x 13 x 9,Utility,true,,Grouped Forenta/Forse catalog table row.
dc-forenta-forse-421-surmc-pro-832,Buckeye Dry Cleaning Pads & Covers 2026,/catalogs/dry-cleaning-catalog.pdf,29,Forenta/Forse buck pads and head plates,Forenta/Forse,421-SURMC,Pad/Cover,PRO-832,Tan Pro-Finish 861,40 x 13 x 9,Utility,true,,Grouped Forenta/Forse catalog table row.
dc-forenta-forse-421-surmc-rpro-832,Buckeye Dry Cleaning Pads & Covers 2026,/catalogs/dry-cleaning-catalog.pdf,29,Forenta/Forse buck pads and head plates,Forenta/Forse,421-SURMC,Pad/Cover,RPRO-832,Red Pro-Finish 861,40 x 13 x 9,Utility,true,,Grouped Forenta/Forse catalog table row.
dc-forenta-forse-421-surmc-mfhp-18,Buckeye Dry Cleaning Pads & Covers 2026,/catalogs/dry-cleaning-catalog.pdf,29,Forenta/Forse buck pads and head plates,Forenta/Forse,421-SURMC,Head Plate,MFHP-18,White Master Finish,40 x 13 x 9,Utility,true,,Grouped Forenta/Forse catalog table row.
dc-forenta-forse-421-surmc-bmfhp-18,Buckeye Dry Cleaning Pads & Covers 2026,/catalogs/dry-cleaning-catalog.pdf,29,Forenta/Forse buck pads and head plates,Forenta/Forse,421-SURMC,Head Plate,BMFHP-18,Black Master Finish,40 x 13 x 9,Utility,true,,Grouped Forenta/Forse catalog table row.
dc-forenta-forse-421-surmc-tgp-18,Buckeye Dry Cleaning Pads & Covers 2026,/catalogs/dry-cleaning-catalog.pdf,29,Forenta/Forse buck pads and head plates,Forenta/Forse,421-SURMC,Teflon Grid Plate,TGP-18,Teflon Grid Plate,40 x 13 x 9,Utility,true,,Grouped Forenta/Forse catalog table row.
dc-forenta-forse-421-vlr-pro-832,Buckeye Dry Cleaning Pads & Covers 2026,/catalogs/dry-cleaning-catalog.pdf,29,Forenta/Forse buck pads and head plates,Forenta/Forse,421-VLR,Pad/Cover,PRO-832,Tan Pro-Finish 861,40 x 13 x 9,Utility,true,,Grouped Forenta/Forse catalog table row.
dc-forenta-forse-421-vlr-rpro-832,Buckeye Dry Cleaning Pads & Covers 2026,/catalogs/dry-cleaning-catalog.pdf,29,Forenta/Forse buck pads and head plates,Forenta/Forse,421-VLR,Pad/Cover,RPRO-832,Red Pro-Finish 861,40 x 13 x 9,Utility,true,,Grouped Forenta/Forse catalog table row.
dc-forenta-forse-421-vlr-mfhp-18,Buckeye Dry Cleaning Pads & Covers 2026,/catalogs/dry-cleaning-catalog.pdf,29,Forenta/Forse buck pads and head plates,Forenta/Forse,421-VLR,Head Plate,MFHP-18,White Master Finish,40 x 13 x 9,Utility,true,,Grouped Forenta/Forse catalog table row.
dc-forenta-forse-421-vlr-bmfhp-18,Buckeye Dry Cleaning Pads & Covers 2026,/catalogs/dry-cleaning-catalog.pdf,29,Forenta/Forse buck pads and head plates,Forenta/Forse,421-VLR,Head Plate,BMFHP-18,Black Master Finish,40 x 13 x 9,Utility,true,,Grouped Forenta/Forse catalog table row.
dc-forenta-forse-421-vlr-tgp-18,Buckeye Dry Cleaning Pads & Covers 2026,/catalogs/dry-cleaning-catalog.pdf,29,Forenta/Forse buck pads and head plates,Forenta/Forse,421-VLR,Teflon Grid Plate,TGP-18,Teflon Grid Plate,40 x 13 x 9,Utility,true,,Grouped Forenta/Forse catalog table row.
dc-forenta-forse-421-yola-pro-832,Buckeye Dry Cleaning Pads & Covers 2026,/catalogs/dry-cleaning-catalog.pdf,29,Forenta/Forse buck pads and head plates,Forenta/Forse,421-YOLA,Pad/Cover,PRO-832,Tan Pro-Finish 861,40 x 13 x 9,Utility,true,,Grouped Forenta/Forse catalog table row.
dc-forenta-forse-421-yola-rpro-832,Buckeye Dry Cleaning Pads & Covers 2026,/catalogs/dry-cleaning-catalog.pdf,29,Forenta/Forse buck pads and head plates,Forenta/Forse,421-YOLA,Pad/Cover,RPRO-832,Red Pro-Finish 861,40 x 13 x 9,Utility,true,,Grouped Forenta/Forse catalog table row.
dc-forenta-forse-421-yola-mfhp-18,Buckeye Dry Cleaning Pads & Covers 2026,/catalogs/dry-cleaning-catalog.pdf,29,Forenta/Forse buck pads and head plates,Forenta/Forse,421-YOLA,Head Plate,MFHP-18,White Master Finish,40 x 13 x 9,Utility,true,,Grouped Forenta/Forse catalog table row.
dc-forenta-forse-421-yola-bmfhp-18,Buckeye Dry Cleaning Pads & Covers 2026,/catalogs/dry-cleaning-catalog.pdf,29,Forenta/Forse buck pads and head plates,Forenta/Forse,421-YOLA,Head Plate,BMFHP-18,Black Master Finish,40 x 13 x 9,Utility,true,,Grouped Forenta/Forse catalog table row.
dc-forenta-forse-421-yola-tgp-18,Buckeye Dry Cleaning Pads & Covers 2026,/catalogs/dry-cleaning-catalog.pdf,29,Forenta/Forse buck pads and head plates,Forenta/Forse,421-YOLA,Teflon Grid Plate,TGP-18,Teflon Grid Plate,40 x 13 x 9,Utility,true,,Grouped Forenta/Forse catalog table row.
dc-forenta-forse-421-yolb-pro-832,Buckeye Dry Cleaning Pads & Covers 2026,/catalogs/dry-cleaning-catalog.pdf,29,Forenta/Forse buck pads and head plates,Forenta/Forse,421-YOLB,Pad/Cover,PRO-832,Tan Pro-Finish 861,40 x 13 x 9,Utility,true,,Grouped Forenta/Forse catalog table row.
dc-forenta-forse-421-yolb-rpro-832,Buckeye Dry Cleaning Pads & Covers 2026,/catalogs/dry-cleaning-catalog.pdf,29,Forenta/Forse buck pads and head plates,Forenta/Forse,421-YOLB,Pad/Cover,RPRO-832,Red Pro-Finish 861,40 x 13 x 9,Utility,true,,Grouped Forenta/Forse catalog table row.
dc-forenta-forse-421-yolb-mfhp-18,Buckeye Dry Cleaning Pads & Covers 2026,/catalogs/dry-cleaning-catalog.pdf,29,Forenta/Forse buck pads and head plates,Forenta/Forse,421-YOLB,Head Plate,MFHP-18,White Master Finish,40 x 13 x 9,Utility,true,,Grouped Forenta/Forse catalog table row.
dc-forenta-forse-421-yolb-bmfhp-18,Buckeye Dry Cleaning Pads & Covers 2026,/catalogs/dry-cleaning-catalog.pdf,29,Forenta/Forse buck pads and head plates,Forenta/Forse,421-YOLB,Head Plate,BMFHP-18,Black Master Finish,40 x 13 x 9,Utility,true,,Grouped Forenta/Forse catalog table row.
dc-forenta-forse-421-yolb-tgp-18,Buckeye Dry Cleaning Pads & Covers 2026,/catalogs/dry-cleaning-catalog.pdf,29,Forenta/Forse buck pads and head plates,Forenta/Forse,421-YOLB,Teflon Grid Plate,TGP-18,Teflon Grid Plate,40 x 13 x 9,Utility,true,,Grouped Forenta/Forse catalog table row.
dc-forenta-forse-421-yorb-pro-832,Buckeye Dry Cleaning Pads & Covers 2026,/catalogs/dry-cleaning-catalog.pdf,29,Forenta/Forse buck pads and head plates,Forenta/Forse,421-YORB,Pad/Cover,PRO-832,Tan Pro-Finish 861,40 x 13 x 9,Utility,true,,Grouped Forenta/Forse catalog table row.
dc-forenta-forse-421-yorb-rpro-832,Buckeye Dry Cleaning Pads & Covers 2026,/catalogs/dry-cleaning-catalog.pdf,29,Forenta/Forse buck pads and head plates,Forenta/Forse,421-YORB,Pad/Cover,RPRO-832,Red Pro-Finish 861,40 x 13 x 9,Utility,true,,Grouped Forenta/Forse catalog table row.
dc-forenta-forse-421-yorb-mfhp-18,Buckeye Dry Cleaning Pads & Covers 2026,/catalogs/dry-cleaning-catalog.pdf,29,Forenta/Forse buck pads and head plates,Forenta/Forse,421-YORB,Head Plate,MFHP-18,White Master Finish,40 x 13 x 9,Utility,true,,Grouped Forenta/Forse catalog table row.
dc-forenta-forse-421-yorb-bmfhp-18,Buckeye Dry Cleaning Pads & Covers 2026,/catalogs/dry-cleaning-catalog.pdf,29,Forenta/Forse buck pads and head plates,Forenta/Forse,421-YORB,Head Plate,BMFHP-18,Black Master Finish,40 x 13 x 9,Utility,true,,Grouped Forenta/Forse catalog table row.
dc-forenta-forse-421-yorb-tgp-18,Buckeye Dry Cleaning Pads & Covers 2026,/catalogs/dry-cleaning-catalog.pdf,29,Forenta/Forse buck pads and head plates,Forenta/Forse,421-YORB,Teflon Grid Plate,TGP-18,Teflon Grid Plate,40 x 13 x 9,Utility,true,,Grouped Forenta/Forse catalog table row.
dc-forenta-forse-422-fgr-pro-832,Buckeye Dry Cleaning Pads & Covers 2026,/catalogs/dry-cleaning-catalog.pdf,30,Forenta/Forse buck pads and head plates,Forenta/Forse,422-FGR,Pad/Cover,PRO-832,Tan Pro-Finish 861,40 x 13 x 9,Utility,true,,Grouped Forenta/Forse catalog table row.
dc-forenta-forse-422-fgr-rpro-832,Buckeye Dry Cleaning Pads & Covers 2026,/catalogs/dry-cleaning-catalog.pdf,30,Forenta/Forse buck pads and head plates,Forenta/Forse,422-FGR,Pad/Cover,RPRO-832,Red Pro-Finish 861,40 x 13 x 9,Utility,true,,Grouped Forenta/Forse catalog table row.
dc-forenta-forse-422-fgr-mfhp-18,Buckeye Dry Cleaning Pads & Covers 2026,/catalogs/dry-cleaning-catalog.pdf,30,Forenta/Forse buck pads and head plates,Forenta/Forse,422-FGR,Head Plate,MFHP-18,White Master Finish,40 x 13 x 9,Utility,true,,Grouped Forenta/Forse catalog table row.
dc-forenta-forse-422-fgr-bmfhp-18,Buckeye Dry Cleaning Pads & Covers 2026,/catalogs/dry-cleaning-catalog.pdf,30,Forenta/Forse buck pads and head plates,Forenta/Forse,422-FGR,Head Plate,BMFHP-18,Black Master Finish,40 x 13 x 9,Utility,true,,Grouped Forenta/Forse catalog table row.
dc-forenta-forse-422-fgr-tgp-18,Buckeye Dry Cleaning Pads & Covers 2026,/catalogs/dry-cleaning-catalog.pdf,30,Forenta/Forse buck pads and head plates,Forenta/Forse,422-FGR,Teflon Grid Plate,TGP-18,Teflon Grid Plate,40 x 13 x 9,Utility,true,,Grouped Forenta/Forse catalog table row.
dc-forenta-forse-422-fl-pro-832,Buckeye Dry Cleaning Pads & Covers 2026,/catalogs/dry-cleaning-catalog.pdf,30,Forenta/Forse buck pads and head plates,Forenta/Forse,422-FL,Pad/Cover,PRO-832,Tan Pro-Finish 861,40 x 13 x 9,Utility,true,,Grouped Forenta/Forse catalog table row.
dc-forenta-forse-422-fl-rpro-832,Buckeye Dry Cleaning Pads & Covers 2026,/catalogs/dry-cleaning-catalog.pdf,30,Forenta/Forse buck pads and head plates,Forenta/Forse,422-FL,Pad/Cover,RPRO-832,Red Pro-Finish 861,40 x 13 x 9,Utility,true,,Grouped Forenta/Forse catalog table row.
dc-forenta-forse-422-fl-mfhp-18,Buckeye Dry Cleaning Pads & Covers 2026,/catalogs/dry-cleaning-catalog.pdf,30,Forenta/Forse buck pads and head plates,Forenta/Forse,422-FL,Head Plate,MFHP-18,White Master Finish,40 x 13 x 9,Utility,true,,Grouped Forenta/Forse catalog table row.
dc-forenta-forse-422-fl-bmfhp-18,Buckeye Dry Cleaning Pads & Covers 2026,/catalogs/dry-cleaning-catalog.pdf,30,Forenta/Forse buck pads and head plates,Forenta/Forse,422-FL,Head Plate,BMFHP-18,Black Master Finish,40 x 13 x 9,Utility,true,,Grouped Forenta/Forse catalog table row.
dc-forenta-forse-422-fl-tgp-18,Buckeye Dry Cleaning Pads & Covers 2026,/catalogs/dry-cleaning-catalog.pdf,30,Forenta/Forse buck pads and head plates,Forenta/Forse,422-FL,Teflon Grid Plate,TGP-18,Teflon Grid Plate,40 x 13 x 9,Utility,true,,Grouped Forenta/Forse catalog table row.
dc-forenta-forse-422-fol-pro-832,Buckeye Dry Cleaning Pads & Covers 2026,/catalogs/dry-cleaning-catalog.pdf,30,Forenta/Forse buck pads and head plates,Forenta/Forse,422-FOL,Pad/Cover,PRO-832,Tan Pro-Finish 861,40 x 13 x 9,Utility,true,,Grouped Forenta/Forse catalog table row.
dc-forenta-forse-422-fol-rpro-832,Buckeye Dry Cleaning Pads & Covers 2026,/catalogs/dry-cleaning-catalog.pdf,30,Forenta/Forse buck pads and head plates,Forenta/Forse,422-FOL,Pad/Cover,RPRO-832,Red Pro-Finish 861,40 x 13 x 9,Utility,true,,Grouped Forenta/Forse catalog table row.
dc-forenta-forse-422-fol-mfhp-18,Buckeye Dry Cleaning Pads & Covers 2026,/catalogs/dry-cleaning-catalog.pdf,30,Forenta/Forse buck pads and head plates,Forenta/Forse,422-FOL,Head Plate,MFHP-18,White Master Finish,40 x 13 x 9,Utility,true,,Grouped Forenta/Forse catalog table row.
dc-forenta-forse-422-fol-bmfhp-18,Buckeye Dry Cleaning Pads & Covers 2026,/catalogs/dry-cleaning-catalog.pdf,30,Forenta/Forse buck pads and head plates,Forenta/Forse,422-FOL,Head Plate,BMFHP-18,Black Master Finish,40 x 13 x 9,Utility,true,,Grouped Forenta/Forse catalog table row.
dc-forenta-forse-422-fol-tgp-18,Buckeye Dry Cleaning Pads & Covers 2026,/catalogs/dry-cleaning-catalog.pdf,30,Forenta/Forse buck pads and head plates,Forenta/Forse,422-FOL,Teflon Grid Plate,TGP-18,Teflon Grid Plate,40 x 13 x 9,Utility,true,,Grouped Forenta/Forse catalog table row.
dc-forenta-forse-422-for-pro-832,Buckeye Dry Cleaning Pads & Covers 2026,/catalogs/dry-cleaning-catalog.pdf,30,Forenta/Forse buck pads and head plates,Forenta/Forse,422-FOR,Pad/Cover,PRO-832,Tan Pro-Finish 861,40 x 13 x 9,Utility,true,,Grouped Forenta/Forse catalog table row.
dc-forenta-forse-422-for-rpro-832,Buckeye Dry Cleaning Pads & Covers 2026,/catalogs/dry-cleaning-catalog.pdf,30,Forenta/Forse buck pads and head plates,Forenta/Forse,422-FOR,Pad/Cover,RPRO-832,Red Pro-Finish 861,40 x 13 x 9,Utility,true,,Grouped Forenta/Forse catalog table row.
dc-forenta-forse-422-for-mfhp-18,Buckeye Dry Cleaning Pads & Covers 2026,/catalogs/dry-cleaning-catalog.pdf,30,Forenta/Forse buck pads and head plates,Forenta/Forse,422-FOR,Head Plate,MFHP-18,White Master Finish,40 x 13 x 9,Utility,true,,Grouped Forenta/Forse catalog table row.
dc-forenta-forse-422-for-bmfhp-18,Buckeye Dry Cleaning Pads & Covers 2026,/catalogs/dry-cleaning-catalog.pdf,30,Forenta/Forse buck pads and head plates,Forenta/Forse,422-FOR,Head Plate,BMFHP-18,Black Master Finish,40 x 13 x 9,Utility,true,,Grouped Forenta/Forse catalog table row.
dc-forenta-forse-422-for-tgp-18,Buckeye Dry Cleaning Pads & Covers 2026,/catalogs/dry-cleaning-catalog.pdf,30,Forenta/Forse buck pads and head plates,Forenta/Forse,422-FOR,Teflon Grid Plate,TGP-18,Teflon Grid Plate,40 x 13 x 9,Utility,true,,Grouped Forenta/Forse catalog table row.
dc-forenta-forse-422-fr-pro-832,Buckeye Dry Cleaning Pads & Covers 2026,/catalogs/dry-cleaning-catalog.pdf,30,Forenta/Forse buck pads and head plates,Forenta/Forse,422-FR,Pad/Cover,PRO-832,Tan Pro-Finish 861,40 x 13 x 9,Utility,true,,Grouped Forenta/Forse catalog table row.
dc-forenta-forse-422-fr-rpro-832,Buckeye Dry Cleaning Pads & Covers 2026,/catalogs/dry-cleaning-catalog.pdf,30,Forenta/Forse buck pads and head plates,Forenta/Forse,422-FR,Pad/Cover,RPRO-832,Red Pro-Finish 861,40 x 13 x 9,Utility,true,,Grouped Forenta/Forse catalog table row.
dc-forenta-forse-422-fr-mfhp-18,Buckeye Dry Cleaning Pads & Covers 2026,/catalogs/dry-cleaning-catalog.pdf,30,Forenta/Forse buck pads and head plates,Forenta/Forse,422-FR,Head Plate,MFHP-18,White Master Finish,40 x 13 x 9,Utility,true,,Grouped Forenta/Forse catalog table row.
dc-forenta-forse-422-fr-bmfhp-18,Buckeye Dry Cleaning Pads & Covers 2026,/catalogs/dry-cleaning-catalog.pdf,30,Forenta/Forse buck pads and head plates,Forenta/Forse,422-FR,Head Plate,BMFHP-18,Black Master Finish,40 x 13 x 9,Utility,true,,Grouped Forenta/Forse catalog table row.
dc-forenta-forse-422-fr-tgp-18,Buckeye Dry Cleaning Pads & Covers 2026,/catalogs/dry-cleaning-catalog.pdf,30,Forenta/Forse buck pads and head plates,Forenta/Forse,422-FR,Teflon Grid Plate,TGP-18,Teflon Grid Plate,40 x 13 x 9,Utility,true,,Grouped Forenta/Forse catalog table row.
dc-forenta-forse-422-sulb-pro-832,Buckeye Dry Cleaning Pads & Covers 2026,/catalogs/dry-cleaning-catalog.pdf,30,Forenta/Forse buck pads and head plates,Forenta/Forse,422-SULB,Pad/Cover,PRO-832,Tan Pro-Finish 861,40 x 13 x 9,Utility,true,,Grouped Forenta/Forse catalog table row.
dc-forenta-forse-422-sulb-rpro-832,Buckeye Dry Cleaning Pads & Covers 2026,/catalogs/dry-cleaning-catalog.pdf,30,Forenta/Forse buck pads and head plates,Forenta/Forse,422-SULB,Pad/Cover,RPRO-832,Red Pro-Finish 861,40 x 13 x 9,Utility,true,,Grouped Forenta/Forse catalog table row.
dc-forenta-forse-422-sulb-mfhp-18,Buckeye Dry Cleaning Pads & Covers 2026,/catalogs/dry-cleaning-catalog.pdf,30,Forenta/Forse buck pads and head plates,Forenta/Forse,422-SULB,Head Plate,MFHP-18,White Master Finish,40 x 13 x 9,Utility,true,,Grouped Forenta/Forse catalog table row.
dc-forenta-forse-422-sulb-bmfhp-18,Buckeye Dry Cleaning Pads & Covers 2026,/catalogs/dry-cleaning-catalog.pdf,30,Forenta/Forse buck pads and head plates,Forenta/Forse,422-SULB,Head Plate,BMFHP-18,Black Master Finish,40 x 13 x 9,Utility,true,,Grouped Forenta/Forse catalog table row.
dc-forenta-forse-422-sulb-tgp-18,Buckeye Dry Cleaning Pads & Covers 2026,/catalogs/dry-cleaning-catalog.pdf,30,Forenta/Forse buck pads and head plates,Forenta/Forse,422-SULB,Teflon Grid Plate,TGP-18,Teflon Grid Plate,40 x 13 x 9,Utility,true,,Grouped Forenta/Forse catalog table row.
dc-forenta-forse-422-sur-pro-832,Buckeye Dry Cleaning Pads & Covers 2026,/catalogs/dry-cleaning-catalog.pdf,30,Forenta/Forse buck pads and head plates,Forenta/Forse,422-SUR,Pad/Cover,PRO-832,Tan Pro-Finish 861,40 x 13 x 9,Utility,true,,Grouped Forenta/Forse catalog table row.
dc-forenta-forse-422-sur-rpro-832,Buckeye Dry Cleaning Pads & Covers 2026,/catalogs/dry-cleaning-catalog.pdf,30,Forenta/Forse buck pads and head plates,Forenta/Forse,422-SUR,Pad/Cover,RPRO-832,Red Pro-Finish 861,40 x 13 x 9,Utility,true,,Grouped Forenta/Forse catalog table row.
dc-forenta-forse-422-sur-mfhp-18,Buckeye Dry Cleaning Pads & Covers 2026,/catalogs/dry-cleaning-catalog.pdf,30,Forenta/Forse buck pads and head plates,Forenta/Forse,422-SUR,Head Plate,MFHP-18,White Master Finish,40 x 13 x 9,Utility,true,,Grouped Forenta/Forse catalog table row.
dc-forenta-forse-422-sur-bmfhp-18,Buckeye Dry Cleaning Pads & Covers 2026,/catalogs/dry-cleaning-catalog.pdf,30,Forenta/Forse buck pads and head plates,Forenta/Forse,422-SUR,Head Plate,BMFHP-18,Black Master Finish,40 x 13 x 9,Utility,true,,Grouped Forenta/Forse catalog table row.
dc-forenta-forse-422-sur-tgp-18,Buckeye Dry Cleaning Pads & Covers 2026,/catalogs/dry-cleaning-catalog.pdf,30,Forenta/Forse buck pads and head plates,Forenta/Forse,422-SUR,Teflon Grid Plate,TGP-18,Teflon Grid Plate,40 x 13 x 9,Utility,true,,Grouped Forenta/Forse catalog table row.
dc-forenta-forse-422-surb-pro-832,Buckeye Dry Cleaning Pads & Covers 2026,/catalogs/dry-cleaning-catalog.pdf,30,Forenta/Forse buck pads and head plates,Forenta/Forse,422-SURB,Pad/Cover,PRO-832,Tan Pro-Finish 861,40 x 13 x 9,Utility,true,,Grouped Forenta/Forse catalog table row.
dc-forenta-forse-422-surb-rpro-832,Buckeye Dry Cleaning Pads & Covers 2026,/catalogs/dry-cleaning-catalog.pdf,30,Forenta/Forse buck pads and head plates,Forenta/Forse,422-SURB,Pad/Cover,RPRO-832,Red Pro-Finish 861,40 x 13 x 9,Utility,true,,Grouped Forenta/Forse catalog table row.
dc-forenta-forse-422-surb-mfhp-18,Buckeye Dry Cleaning Pads & Covers 2026,/catalogs/dry-cleaning-catalog.pdf,30,Forenta/Forse buck pads and head plates,Forenta/Forse,422-SURB,Head Plate,MFHP-18,White Master Finish,40 x 13 x 9,Utility,true,,Grouped Forenta/Forse catalog table row.
dc-forenta-forse-422-surb-bmfhp-18,Buckeye Dry Cleaning Pads & Covers 2026,/catalogs/dry-cleaning-catalog.pdf,30,Forenta/Forse buck pads and head plates,Forenta/Forse,422-SURB,Head Plate,BMFHP-18,Black Master Finish,40 x 13 x 9,Utility,true,,Grouped Forenta/Forse catalog table row.
dc-forenta-forse-422-surb-tgp-18,Buckeye Dry Cleaning Pads & Covers 2026,/catalogs/dry-cleaning-catalog.pdf,30,Forenta/Forse buck pads and head plates,Forenta/Forse,422-SURB,Teflon Grid Plate,TGP-18,Teflon Grid Plate,40 x 13 x 9,Utility,true,,Grouped Forenta/Forse catalog table row.
dc-forenta-forse-422-surm-pro-832,Buckeye Dry Cleaning Pads & Covers 2026,/catalogs/dry-cleaning-catalog.pdf,30,Forenta/Forse buck pads and head plates,Forenta/Forse,422-SURM,Pad/Cover,PRO-832,Tan Pro-Finish 861,40 x 13 x 9,Utility,true,,Grouped Forenta/Forse catalog table row.
dc-forenta-forse-422-surm-rpro-832,Buckeye Dry Cleaning Pads & Covers 2026,/catalogs/dry-cleaning-catalog.pdf,30,Forenta/Forse buck pads and head plates,Forenta/Forse,422-SURM,Pad/Cover,RPRO-832,Red Pro-Finish 861,40 x 13 x 9,Utility,true,,Grouped Forenta/Forse catalog table row.
dc-forenta-forse-422-surm-mfhp-18,Buckeye Dry Cleaning Pads & Covers 2026,/catalogs/dry-cleaning-catalog.pdf,30,Forenta/Forse buck pads and head plates,Forenta/Forse,422-SURM,Head Plate,MFHP-18,White Master Finish,40 x 13 x 9,Utility,true,,Grouped Forenta/Forse catalog table row.
dc-forenta-forse-422-surm-bmfhp-18,Buckeye Dry Cleaning Pads & Covers 2026,/catalogs/dry-cleaning-catalog.pdf,30,Forenta/Forse buck pads and head plates,Forenta/Forse,422-SURM,Head Plate,BMFHP-18,Black Master Finish,40 x 13 x 9,Utility,true,,Grouped Forenta/Forse catalog table row.
dc-forenta-forse-422-surm-tgp-18,Buckeye Dry Cleaning Pads & Covers 2026,/catalogs/dry-cleaning-catalog.pdf,30,Forenta/Forse buck pads and head plates,Forenta/Forse,422-SURM,Teflon Grid Plate,TGP-18,Teflon Grid Plate,40 x 13 x 9,Utility,true,,Grouped Forenta/Forse catalog table row.
dc-forenta-forse-422-surmc-pro-832,Buckeye Dry Cleaning Pads & Covers 2026,/catalogs/dry-cleaning-catalog.pdf,30,Forenta/Forse buck pads and head plates,Forenta/Forse,422-SURMC,Pad/Cover,PRO-832,Tan Pro-Finish 861,40 x 13 x 9,Utility,true,,Grouped Forenta/Forse catalog table row.
dc-forenta-forse-422-surmc-rpro-832,Buckeye Dry Cleaning Pads & Covers 2026,/catalogs/dry-cleaning-catalog.pdf,30,Forenta/Forse buck pads and head plates,Forenta/Forse,422-SURMC,Pad/Cover,RPRO-832,Red Pro-Finish 861,40 x 13 x 9,Utility,true,,Grouped Forenta/Forse catalog table row.
dc-forenta-forse-422-surmc-mfhp-18,Buckeye Dry Cleaning Pads & Covers 2026,/catalogs/dry-cleaning-catalog.pdf,30,Forenta/Forse buck pads and head plates,Forenta/Forse,422-SURMC,Head Plate,MFHP-18,White Master Finish,40 x 13 x 9,Utility,true,,Grouped Forenta/Forse catalog table row.
dc-forenta-forse-422-surmc-bmfhp-18,Buckeye Dry Cleaning Pads & Covers 2026,/catalogs/dry-cleaning-catalog.pdf,30,Forenta/Forse buck pads and head plates,Forenta/Forse,422-SURMC,Head Plate,BMFHP-18,Black Master Finish,40 x 13 x 9,Utility,true,,Grouped Forenta/Forse catalog table row.
dc-forenta-forse-422-surmc-tgp-18,Buckeye Dry Cleaning Pads & Covers 2026,/catalogs/dry-cleaning-catalog.pdf,30,Forenta/Forse buck pads and head plates,Forenta/Forse,422-SURMC,Teflon Grid Plate,TGP-18,Teflon Grid Plate,40 x 13 x 9,Utility,true,,Grouped Forenta/Forse catalog table row.
dc-forenta-forse-422-vlr-pro-832,Buckeye Dry Cleaning Pads & Covers 2026,/catalogs/dry-cleaning-catalog.pdf,30,Forenta/Forse buck pads and head plates,Forenta/Forse,422-VLR,Pad/Cover,PRO-832,Tan Pro-Finish 861,40 x 13 x 9,Utility,true,,Grouped Forenta/Forse catalog table row.
dc-forenta-forse-422-vlr-rpro-832,Buckeye Dry Cleaning Pads & Covers 2026,/catalogs/dry-cleaning-catalog.pdf,30,Forenta/Forse buck pads and head plates,Forenta/Forse,422-VLR,Pad/Cover,RPRO-832,Red Pro-Finish 861,40 x 13 x 9,Utility,true,,Grouped Forenta/Forse catalog table row.
dc-forenta-forse-422-vlr-mfhp-18,Buckeye Dry Cleaning Pads & Covers 2026,/catalogs/dry-cleaning-catalog.pdf,30,Forenta/Forse buck pads and head plates,Forenta/Forse,422-VLR,Head Plate,MFHP-18,White Master Finish,40 x 13 x 9,Utility,true,,Grouped Forenta/Forse catalog table row.
dc-forenta-forse-422-vlr-bmfhp-18,Buckeye Dry Cleaning Pads & Covers 2026,/catalogs/dry-cleaning-catalog.pdf,30,Forenta/Forse buck pads and head plates,Forenta/Forse,422-VLR,Head Plate,BMFHP-18,Black Master Finish,40 x 13 x 9,Utility,true,,Grouped Forenta/Forse catalog table row.
dc-forenta-forse-422-vlr-tgp-18,Buckeye Dry Cleaning Pads & Covers 2026,/catalogs/dry-cleaning-catalog.pdf,30,Forenta/Forse buck pads and head plates,Forenta/Forse,422-VLR,Teflon Grid Plate,TGP-18,Teflon Grid Plate,40 x 13 x 9,Utility,true,,Grouped Forenta/Forse catalog table row.
dc-forenta-forse-422-yola-pro-832,Buckeye Dry Cleaning Pads & Covers 2026,/catalogs/dry-cleaning-catalog.pdf,30,Forenta/Forse buck pads and head plates,Forenta/Forse,422-YOLA,Pad/Cover,PRO-832,Tan Pro-Finish 861,40 x 13 x 9,Utility,true,,Grouped Forenta/Forse catalog table row.
dc-forenta-forse-422-yola-rpro-832,Buckeye Dry Cleaning Pads & Covers 2026,/catalogs/dry-cleaning-catalog.pdf,30,Forenta/Forse buck pads and head plates,Forenta/Forse,422-YOLA,Pad/Cover,RPRO-832,Red Pro-Finish 861,40 x 13 x 9,Utility,true,,Grouped Forenta/Forse catalog table row.
dc-forenta-forse-422-yola-mfhp-18,Buckeye Dry Cleaning Pads & Covers 2026,/catalogs/dry-cleaning-catalog.pdf,30,Forenta/Forse buck pads and head plates,Forenta/Forse,422-YOLA,Head Plate,MFHP-18,White Master Finish,40 x 13 x 9,Utility,true,,Grouped Forenta/Forse catalog table row.
dc-forenta-forse-422-yola-bmfhp-18,Buckeye Dry Cleaning Pads & Covers 2026,/catalogs/dry-cleaning-catalog.pdf,30,Forenta/Forse buck pads and head plates,Forenta/Forse,422-YOLA,Head Plate,BMFHP-18,Black Master Finish,40 x 13 x 9,Utility,true,,Grouped Forenta/Forse catalog table row.
dc-forenta-forse-422-yola-tgp-18,Buckeye Dry Cleaning Pads & Covers 2026,/catalogs/dry-cleaning-catalog.pdf,30,Forenta/Forse buck pads and head plates,Forenta/Forse,422-YOLA,Teflon Grid Plate,TGP-18,Teflon Grid Plate,40 x 13 x 9,Utility,true,,Grouped Forenta/Forse catalog table row.
dc-forenta-forse-422-yolb-pro-832,Buckeye Dry Cleaning Pads & Covers 2026,/catalogs/dry-cleaning-catalog.pdf,30,Forenta/Forse buck pads and head plates,Forenta/Forse,422-YOLB,Pad/Cover,PRO-832,Tan Pro-Finish 861,40 x 13 x 9,Utility,true,,Grouped Forenta/Forse catalog table row.
dc-forenta-forse-422-yolb-rpro-832,Buckeye Dry Cleaning Pads & Covers 2026,/catalogs/dry-cleaning-catalog.pdf,30,Forenta/Forse buck pads and head plates,Forenta/Forse,422-YOLB,Pad/Cover,RPRO-832,Red Pro-Finish 861,40 x 13 x 9,Utility,true,,Grouped Forenta/Forse catalog table row.
dc-forenta-forse-422-yolb-mfhp-18,Buckeye Dry Cleaning Pads & Covers 2026,/catalogs/dry-cleaning-catalog.pdf,30,Forenta/Forse buck pads and head plates,Forenta/Forse,422-YOLB,Head Plate,MFHP-18,White Master Finish,40 x 13 x 9,Utility,true,,Grouped Forenta/Forse catalog table row.
dc-forenta-forse-422-yolb-bmfhp-18,Buckeye Dry Cleaning Pads & Covers 2026,/catalogs/dry-cleaning-catalog.pdf,30,Forenta/Forse buck pads and head plates,Forenta/Forse,422-YOLB,Head Plate,BMFHP-18,Black Master Finish,40 x 13 x 9,Utility,true,,Grouped Forenta/Forse catalog table row.
dc-forenta-forse-422-yolb-tgp-18,Buckeye Dry Cleaning Pads & Covers 2026,/catalogs/dry-cleaning-catalog.pdf,30,Forenta/Forse buck pads and head plates,Forenta/Forse,422-YOLB,Teflon Grid Plate,TGP-18,Teflon Grid Plate,40 x 13 x 9,Utility,true,,Grouped Forenta/Forse catalog table row.
dc-forenta-forse-422-yorb-pro-832,Buckeye Dry Cleaning Pads & Covers 2026,/catalogs/dry-cleaning-catalog.pdf,30,Forenta/Forse buck pads and head plates,Forenta/Forse,422-YORB,Pad/Cover,PRO-832,Tan Pro-Finish 861,40 x 13 x 9,Utility,true,,Grouped Forenta/Forse catalog table row.
dc-forenta-forse-422-yorb-rpro-832,Buckeye Dry Cleaning Pads & Covers 2026,/catalogs/dry-cleaning-catalog.pdf,30,Forenta/Forse buck pads and head plates,Forenta/Forse,422-YORB,Pad/Cover,RPRO-832,Red Pro-Finish 861,40 x 13 x 9,Utility,true,,Grouped Forenta/Forse catalog table row.
dc-forenta-forse-422-yorb-mfhp-18,Buckeye Dry Cleaning Pads & Covers 2026,/catalogs/dry-cleaning-catalog.pdf,30,Forenta/Forse buck pads and head plates,Forenta/Forse,422-YORB,Head Plate,MFHP-18,White Master Finish,40 x 13 x 9,Utility,true,,Grouped Forenta/Forse catalog table row.
dc-forenta-forse-422-yorb-bmfhp-18,Buckeye Dry Cleaning Pads & Covers 2026,/catalogs/dry-cleaning-catalog.pdf,30,Forenta/Forse buck pads and head plates,Forenta/Forse,422-YORB,Head Plate,BMFHP-18,Black Master Finish,40 x 13 x 9,Utility,true,,Grouped Forenta/Forse catalog table row.
dc-forenta-forse-422-yorb-tgp-18,Buckeye Dry Cleaning Pads & Covers 2026,/catalogs/dry-cleaning-catalog.pdf,30,Forenta/Forse buck pads and head plates,Forenta/Forse,422-YORB,Teflon Grid Plate,TGP-18,Teflon Grid Plate,40 x 13 x 9,Utility,true,,Grouped Forenta/Forse catalog table row.
dc-forenta-forse-423-mu-pro-842,Buckeye Dry Cleaning Pads & Covers 2026,/catalogs/dry-cleaning-catalog.pdf,30,Forenta/Forse buck pads and head plates,Forenta/Forse,423-MU,Pad/Cover,PRO-842,Tan Pro-Finish 861,42 x 12 x 9,Utility,true,,Grouped Forenta/Forse catalog table row.
dc-forenta-forse-423-mu-rpro-842,Buckeye Dry Cleaning Pads & Covers 2026,/catalogs/dry-cleaning-catalog.pdf,30,Forenta/Forse buck pads and head plates,Forenta/Forse,423-MU,Pad/Cover,RPRO-842,Red Pro-Finish 861,42 x 12 x 9,Utility,true,,Grouped Forenta/Forse catalog table row.
dc-forenta-forse-423-mu-mfhp-20,Buckeye Dry Cleaning Pads & Covers 2026,/catalogs/dry-cleaning-catalog.pdf,30,Forenta/Forse buck pads and head plates,Forenta/Forse,423-MU,Head Plate,MFHP-20,White Master Finish,42 x 12 x 9,Utility,true,,Grouped Forenta/Forse catalog table row.
dc-forenta-forse-423-mu-bmfhp-20,Buckeye Dry Cleaning Pads & Covers 2026,/catalogs/dry-cleaning-catalog.pdf,30,Forenta/Forse buck pads and head plates,Forenta/Forse,423-MU,Head Plate,BMFHP-20,Black Master Finish,42 x 12 x 9,Utility,true,,Grouped Forenta/Forse catalog table row.
dc-forenta-forse-423-mu-tgp-20,Buckeye Dry Cleaning Pads & Covers 2026,/catalogs/dry-cleaning-catalog.pdf,30,Forenta/Forse buck pads and head plates,Forenta/Forse,423-MU,Teflon Grid Plate,TGP-20,Teflon Grid Plate,42 x 12 x 9,Utility,true,,Grouped Forenta/Forse catalog table row.
dc-forenta-forse-461-fgr-pro-836,Buckeye Dry Cleaning Pads & Covers 2026,/catalogs/dry-cleaning-catalog.pdf,30,Forenta/Forse buck pads and head plates,Forenta/Forse,461-FGR,Pad/Cover,PRO-836,Tan Pro-Finish 861,44 1/2 x 13 x 9,Utility,true,,Grouped Forenta/Forse catalog table row.
dc-forenta-forse-461-fgr-rpro-836,Buckeye Dry Cleaning Pads & Covers 2026,/catalogs/dry-cleaning-catalog.pdf,30,Forenta/Forse buck pads and head plates,Forenta/Forse,461-FGR,Pad/Cover,RPRO-836,Red Pro-Finish 861,44 1/2 x 13 x 9,Utility,true,,Grouped Forenta/Forse catalog table row.
dc-forenta-forse-461-fgr-mfhp-16,Buckeye Dry Cleaning Pads & Covers 2026,/catalogs/dry-cleaning-catalog.pdf,30,Forenta/Forse buck pads and head plates,Forenta/Forse,461-FGR,Head Plate,MFHP-16,White Master Finish,44 1/2 x 13 x 9,Utility,true,,Grouped Forenta/Forse catalog table row.
dc-forenta-forse-461-fgr-bmfhp-16,Buckeye Dry Cleaning Pads & Covers 2026,/catalogs/dry-cleaning-catalog.pdf,30,Forenta/Forse buck pads and head plates,Forenta/Forse,461-FGR,Head Plate,BMFHP-16,Black Master Finish,44 1/2 x 13 x 9,Utility,true,,Grouped Forenta/Forse catalog table row.
dc-forenta-forse-461-fgr-tgp-16,Buckeye Dry Cleaning Pads & Covers 2026,/catalogs/dry-cleaning-catalog.pdf,30,Forenta/Forse buck pads and head plates,Forenta/Forse,461-FGR,Teflon Grid Plate,TGP-16,Teflon Grid Plate,44 1/2 x 13 x 9,Utility,true,,Grouped Forenta/Forse catalog table row.
dc-forenta-forse-461-fl-pro-836,Buckeye Dry Cleaning Pads & Covers 2026,/catalogs/dry-cleaning-catalog.pdf,30,Forenta/Forse buck pads and head plates,Forenta/Forse,461-FL,Pad/Cover,PRO-836,Tan Pro-Finish 861,44 1/2 x 13 x 9,Utility,true,,Grouped Forenta/Forse catalog table row.
dc-forenta-forse-461-fl-rpro-836,Buckeye Dry Cleaning Pads & Covers 2026,/catalogs/dry-cleaning-catalog.pdf,30,Forenta/Forse buck pads and head plates,Forenta/Forse,461-FL,Pad/Cover,RPRO-836,Red Pro-Finish 861,44 1/2 x 13 x 9,Utility,true,,Grouped Forenta/Forse catalog table row.
dc-forenta-forse-461-fl-mfhp-16,Buckeye Dry Cleaning Pads & Covers 2026,/catalogs/dry-cleaning-catalog.pdf,30,Forenta/Forse buck pads and head plates,Forenta/Forse,461-FL,Head Plate,MFHP-16,White Master Finish,44 1/2 x 13 x 9,Utility,true,,Grouped Forenta/Forse catalog table row.
dc-forenta-forse-461-fl-bmfhp-16,Buckeye Dry Cleaning Pads & Covers 2026,/catalogs/dry-cleaning-catalog.pdf,30,Forenta/Forse buck pads and head plates,Forenta/Forse,461-FL,Head Plate,BMFHP-16,Black Master Finish,44 1/2 x 13 x 9,Utility,true,,Grouped Forenta/Forse catalog table row.
dc-forenta-forse-461-fl-tgp-16,Buckeye Dry Cleaning Pads & Covers 2026,/catalogs/dry-cleaning-catalog.pdf,30,Forenta/Forse buck pads and head plates,Forenta/Forse,461-FL,Teflon Grid Plate,TGP-16,Teflon Grid Plate,44 1/2 x 13 x 9,Utility,true,,Grouped Forenta/Forse catalog table row.
dc-forenta-forse-461-fol-pro-836,Buckeye Dry Cleaning Pads & Covers 2026,/catalogs/dry-cleaning-catalog.pdf,30,Forenta/Forse buck pads and head plates,Forenta/Forse,461-FOL,Pad/Cover,PRO-836,Tan Pro-Finish 861,44 1/2 x 13 x 9,Utility,true,,Grouped Forenta/Forse catalog table row.
dc-forenta-forse-461-fol-rpro-836,Buckeye Dry Cleaning Pads & Covers 2026,/catalogs/dry-cleaning-catalog.pdf,30,Forenta/Forse buck pads and head plates,Forenta/Forse,461-FOL,Pad/Cover,RPRO-836,Red Pro-Finish 861,44 1/2 x 13 x 9,Utility,true,,Grouped Forenta/Forse catalog table row.
dc-forenta-forse-461-fol-mfhp-16,Buckeye Dry Cleaning Pads & Covers 2026,/catalogs/dry-cleaning-catalog.pdf,30,Forenta/Forse buck pads and head plates,Forenta/Forse,461-FOL,Head Plate,MFHP-16,White Master Finish,44 1/2 x 13 x 9,Utility,true,,Grouped Forenta/Forse catalog table row.
dc-forenta-forse-461-fol-bmfhp-16,Buckeye Dry Cleaning Pads & Covers 2026,/catalogs/dry-cleaning-catalog.pdf,30,Forenta/Forse buck pads and head plates,Forenta/Forse,461-FOL,Head Plate,BMFHP-16,Black Master Finish,44 1/2 x 13 x 9,Utility,true,,Grouped Forenta/Forse catalog table row.
dc-forenta-forse-461-fol-tgp-16,Buckeye Dry Cleaning Pads & Covers 2026,/catalogs/dry-cleaning-catalog.pdf,30,Forenta/Forse buck pads and head plates,Forenta/Forse,461-FOL,Teflon Grid Plate,TGP-16,Teflon Grid Plate,44 1/2 x 13 x 9,Utility,true,,Grouped Forenta/Forse catalog table row.
dc-forenta-forse-461-for-pro-836,Buckeye Dry Cleaning Pads & Covers 2026,/catalogs/dry-cleaning-catalog.pdf,30,Forenta/Forse buck pads and head plates,Forenta/Forse,461-FOR,Pad/Cover,PRO-836,Tan Pro-Finish 861,44 1/2 x 13 x 9,Utility,true,,Grouped Forenta/Forse catalog table row.
dc-forenta-forse-461-for-rpro-836,Buckeye Dry Cleaning Pads & Covers 2026,/catalogs/dry-cleaning-catalog.pdf,30,Forenta/Forse buck pads and head plates,Forenta/Forse,461-FOR,Pad/Cover,RPRO-836,Red Pro-Finish 861,44 1/2 x 13 x 9,Utility,true,,Grouped Forenta/Forse catalog table row.
dc-forenta-forse-461-for-mfhp-16,Buckeye Dry Cleaning Pads & Covers 2026,/catalogs/dry-cleaning-catalog.pdf,30,Forenta/Forse buck pads and head plates,Forenta/Forse,461-FOR,Head Plate,MFHP-16,White Master Finish,44 1/2 x 13 x 9,Utility,true,,Grouped Forenta/Forse catalog table row.
dc-forenta-forse-461-for-bmfhp-16,Buckeye Dry Cleaning Pads & Covers 2026,/catalogs/dry-cleaning-catalog.pdf,30,Forenta/Forse buck pads and head plates,Forenta/Forse,461-FOR,Head Plate,BMFHP-16,Black Master Finish,44 1/2 x 13 x 9,Utility,true,,Grouped Forenta/Forse catalog table row.
dc-forenta-forse-461-for-tgp-16,Buckeye Dry Cleaning Pads & Covers 2026,/catalogs/dry-cleaning-catalog.pdf,30,Forenta/Forse buck pads and head plates,Forenta/Forse,461-FOR,Teflon Grid Plate,TGP-16,Teflon Grid Plate,44 1/2 x 13 x 9,Utility,true,,Grouped Forenta/Forse catalog table row.
dc-forenta-forse-461-fr-pro-836,Buckeye Dry Cleaning Pads & Covers 2026,/catalogs/dry-cleaning-catalog.pdf,30,Forenta/Forse buck pads and head plates,Forenta/Forse,461-FR,Pad/Cover,PRO-836,Tan Pro-Finish 861,44 1/2 x 13 x 9,Utility,true,,Grouped Forenta/Forse catalog table row.
dc-forenta-forse-461-fr-rpro-836,Buckeye Dry Cleaning Pads & Covers 2026,/catalogs/dry-cleaning-catalog.pdf,30,Forenta/Forse buck pads and head plates,Forenta/Forse,461-FR,Pad/Cover,RPRO-836,Red Pro-Finish 861,44 1/2 x 13 x 9,Utility,true,,Grouped Forenta/Forse catalog table row.
dc-forenta-forse-461-fr-mfhp-16,Buckeye Dry Cleaning Pads & Covers 2026,/catalogs/dry-cleaning-catalog.pdf,30,Forenta/Forse buck pads and head plates,Forenta/Forse,461-FR,Head Plate,MFHP-16,White Master Finish,44 1/2 x 13 x 9,Utility,true,,Grouped Forenta/Forse catalog table row.
dc-forenta-forse-461-fr-bmfhp-16,Buckeye Dry Cleaning Pads & Covers 2026,/catalogs/dry-cleaning-catalog.pdf,30,Forenta/Forse buck pads and head plates,Forenta/Forse,461-FR,Head Plate,BMFHP-16,Black Master Finish,44 1/2 x 13 x 9,Utility,true,,Grouped Forenta/Forse catalog table row.
dc-forenta-forse-461-fr-tgp-16,Buckeye Dry Cleaning Pads & Covers 2026,/catalogs/dry-cleaning-catalog.pdf,30,Forenta/Forse buck pads and head plates,Forenta/Forse,461-FR,Teflon Grid Plate,TGP-16,Teflon Grid Plate,44 1/2 x 13 x 9,Utility,true,,Grouped Forenta/Forse catalog table row.
dc-forenta-forse-461-sulb-pro-836,Buckeye Dry Cleaning Pads & Covers 2026,/catalogs/dry-cleaning-catalog.pdf,30,Forenta/Forse buck pads and head plates,Forenta/Forse,461-SULB,Pad/Cover,PRO-836,Tan Pro-Finish 861,44 1/2 x 13 x 9,Utility,true,,Grouped Forenta/Forse catalog table row.
dc-forenta-forse-461-sulb-rpro-836,Buckeye Dry Cleaning Pads & Covers 2026,/catalogs/dry-cleaning-catalog.pdf,30,Forenta/Forse buck pads and head plates,Forenta/Forse,461-SULB,Pad/Cover,RPRO-836,Red Pro-Finish 861,44 1/2 x 13 x 9,Utility,true,,Grouped Forenta/Forse catalog table row.
dc-forenta-forse-461-sulb-mfhp-16,Buckeye Dry Cleaning Pads & Covers 2026,/catalogs/dry-cleaning-catalog.pdf,30,Forenta/Forse buck pads and head plates,Forenta/Forse,461-SULB,Head Plate,MFHP-16,White Master Finish,44 1/2 x 13 x 9,Utility,true,,Grouped Forenta/Forse catalog table row.
dc-forenta-forse-461-sulb-bmfhp-16,Buckeye Dry Cleaning Pads & Covers 2026,/catalogs/dry-cleaning-catalog.pdf,30,Forenta/Forse buck pads and head plates,Forenta/Forse,461-SULB,Head Plate,BMFHP-16,Black Master Finish,44 1/2 x 13 x 9,Utility,true,,Grouped Forenta/Forse catalog table row.
dc-forenta-forse-461-sulb-tgp-16,Buckeye Dry Cleaning Pads & Covers 2026,/catalogs/dry-cleaning-catalog.pdf,30,Forenta/Forse buck pads and head plates,Forenta/Forse,461-SULB,Teflon Grid Plate,TGP-16,Teflon Grid Plate,44 1/2 x 13 x 9,Utility,true,,Grouped Forenta/Forse catalog table row.
dc-forenta-forse-461-sulmc-pro-836,Buckeye Dry Cleaning Pads & Covers 2026,/catalogs/dry-cleaning-catalog.pdf,30,Forenta/Forse buck pads and head plates,Forenta/Forse,461-SULMC,Pad/Cover,PRO-836,Tan Pro-Finish 861,44 1/2 x 13 x 9,Utility,true,,Grouped Forenta/Forse catalog table row.
dc-forenta-forse-461-sulmc-rpro-836,Buckeye Dry Cleaning Pads & Covers 2026,/catalogs/dry-cleaning-catalog.pdf,30,Forenta/Forse buck pads and head plates,Forenta/Forse,461-SULMC,Pad/Cover,RPRO-836,Red Pro-Finish 861,44 1/2 x 13 x 9,Utility,true,,Grouped Forenta/Forse catalog table row.
dc-forenta-forse-461-sulmc-mfhp-16,Buckeye Dry Cleaning Pads & Covers 2026,/catalogs/dry-cleaning-catalog.pdf,30,Forenta/Forse buck pads and head plates,Forenta/Forse,461-SULMC,Head Plate,MFHP-16,White Master Finish,44 1/2 x 13 x 9,Utility,true,,Grouped Forenta/Forse catalog table row.
dc-forenta-forse-461-sulmc-bmfhp-16,Buckeye Dry Cleaning Pads & Covers 2026,/catalogs/dry-cleaning-catalog.pdf,30,Forenta/Forse buck pads and head plates,Forenta/Forse,461-SULMC,Head Plate,BMFHP-16,Black Master Finish,44 1/2 x 13 x 9,Utility,true,,Grouped Forenta/Forse catalog table row.
dc-forenta-forse-461-sulmc-tgp-16,Buckeye Dry Cleaning Pads & Covers 2026,/catalogs/dry-cleaning-catalog.pdf,30,Forenta/Forse buck pads and head plates,Forenta/Forse,461-SULMC,Teflon Grid Plate,TGP-16,Teflon Grid Plate,44 1/2 x 13 x 9,Utility,true,,Grouped Forenta/Forse catalog table row.
dc-forenta-forse-461-sumohc-pro-836,Buckeye Dry Cleaning Pads & Covers 2026,/catalogs/dry-cleaning-catalog.pdf,30,Forenta/Forse buck pads and head plates,Forenta/Forse,461-SUMOHC,Pad/Cover,PRO-836,Tan Pro-Finish 861,44 1/2 x 13 x 9,Utility,true,,Grouped Forenta/Forse catalog table row.
dc-forenta-forse-461-sumohc-rpro-836,Buckeye Dry Cleaning Pads & Covers 2026,/catalogs/dry-cleaning-catalog.pdf,30,Forenta/Forse buck pads and head plates,Forenta/Forse,461-SUMOHC,Pad/Cover,RPRO-836,Red Pro-Finish 861,44 1/2 x 13 x 9,Utility,true,,Grouped Forenta/Forse catalog table row.
dc-forenta-forse-461-sumohc-mfhp-16,Buckeye Dry Cleaning Pads & Covers 2026,/catalogs/dry-cleaning-catalog.pdf,30,Forenta/Forse buck pads and head plates,Forenta/Forse,461-SUMOHC,Head Plate,MFHP-16,White Master Finish,44 1/2 x 13 x 9,Utility,true,,Grouped Forenta/Forse catalog table row.
dc-forenta-forse-461-sumohc-bmfhp-16,Buckeye Dry Cleaning Pads & Covers 2026,/catalogs/dry-cleaning-catalog.pdf,30,Forenta/Forse buck pads and head plates,Forenta/Forse,461-SUMOHC,Head Plate,BMFHP-16,Black Master Finish,44 1/2 x 13 x 9,Utility,true,,Grouped Forenta/Forse catalog table row.
dc-forenta-forse-461-sumohc-tgp-16,Buckeye Dry Cleaning Pads & Covers 2026,/catalogs/dry-cleaning-catalog.pdf,30,Forenta/Forse buck pads and head plates,Forenta/Forse,461-SUMOHC,Teflon Grid Plate,TGP-16,Teflon Grid Plate,44 1/2 x 13 x 9,Utility,true,,Grouped Forenta/Forse catalog table row.
dc-forenta-forse-461-surb-pro-836,Buckeye Dry Cleaning Pads & Covers 2026,/catalogs/dry-cleaning-catalog.pdf,30,Forenta/Forse buck pads and head plates,Forenta/Forse,461-SURB,Pad/Cover,PRO-836,Tan Pro-Finish 861,44 1/2 x 13 x 9,Utility,true,,Grouped Forenta/Forse catalog table row.
dc-forenta-forse-461-surb-rpro-836,Buckeye Dry Cleaning Pads & Covers 2026,/catalogs/dry-cleaning-catalog.pdf,30,Forenta/Forse buck pads and head plates,Forenta/Forse,461-SURB,Pad/Cover,RPRO-836,Red Pro-Finish 861,44 1/2 x 13 x 9,Utility,true,,Grouped Forenta/Forse catalog table row.
dc-forenta-forse-461-surb-mfhp-16,Buckeye Dry Cleaning Pads & Covers 2026,/catalogs/dry-cleaning-catalog.pdf,30,Forenta/Forse buck pads and head plates,Forenta/Forse,461-SURB,Head Plate,MFHP-16,White Master Finish,44 1/2 x 13 x 9,Utility,true,,Grouped Forenta/Forse catalog table row.
dc-forenta-forse-461-surb-bmfhp-16,Buckeye Dry Cleaning Pads & Covers 2026,/catalogs/dry-cleaning-catalog.pdf,30,Forenta/Forse buck pads and head plates,Forenta/Forse,461-SURB,Head Plate,BMFHP-16,Black Master Finish,44 1/2 x 13 x 9,Utility,true,,Grouped Forenta/Forse catalog table row.
dc-forenta-forse-461-surb-tgp-16,Buckeye Dry Cleaning Pads & Covers 2026,/catalogs/dry-cleaning-catalog.pdf,30,Forenta/Forse buck pads and head plates,Forenta/Forse,461-SURB,Teflon Grid Plate,TGP-16,Teflon Grid Plate,44 1/2 x 13 x 9,Utility,true,,Grouped Forenta/Forse catalog table row.
dc-forenta-forse-461-surmc-pro-836,Buckeye Dry Cleaning Pads & Covers 2026,/catalogs/dry-cleaning-catalog.pdf,30,Forenta/Forse buck pads and head plates,Forenta/Forse,461-SURMC,Pad/Cover,PRO-836,Tan Pro-Finish 861,44 1/2 x 13 x 9,Utility,true,,Grouped Forenta/Forse catalog table row.
dc-forenta-forse-461-surmc-rpro-836,Buckeye Dry Cleaning Pads & Covers 2026,/catalogs/dry-cleaning-catalog.pdf,30,Forenta/Forse buck pads and head plates,Forenta/Forse,461-SURMC,Pad/Cover,RPRO-836,Red Pro-Finish 861,44 1/2 x 13 x 9,Utility,true,,Grouped Forenta/Forse catalog table row.
dc-forenta-forse-461-surmc-mfhp-16,Buckeye Dry Cleaning Pads & Covers 2026,/catalogs/dry-cleaning-catalog.pdf,30,Forenta/Forse buck pads and head plates,Forenta/Forse,461-SURMC,Head Plate,MFHP-16,White Master Finish,44 1/2 x 13 x 9,Utility,true,,Grouped Forenta/Forse catalog table row.
dc-forenta-forse-461-surmc-bmfhp-16,Buckeye Dry Cleaning Pads & Covers 2026,/catalogs/dry-cleaning-catalog.pdf,30,Forenta/Forse buck pads and head plates,Forenta/Forse,461-SURMC,Head Plate,BMFHP-16,Black Master Finish,44 1/2 x 13 x 9,Utility,true,,Grouped Forenta/Forse catalog table row.
dc-forenta-forse-461-surmc-tgp-16,Buckeye Dry Cleaning Pads & Covers 2026,/catalogs/dry-cleaning-catalog.pdf,30,Forenta/Forse buck pads and head plates,Forenta/Forse,461-SURMC,Teflon Grid Plate,TGP-16,Teflon Grid Plate,44 1/2 x 13 x 9,Utility,true,,Grouped Forenta/Forse catalog table row.
dc-forenta-forse-461-ul-pro-836,Buckeye Dry Cleaning Pads & Covers 2026,/catalogs/dry-cleaning-catalog.pdf,30,Forenta/Forse buck pads and head plates,Forenta/Forse,461-UL,Pad/Cover,PRO-836,Tan Pro-Finish 861,44 1/2 x 13 x 9,Utility,true,,Grouped Forenta/Forse catalog table row.
dc-forenta-forse-461-ul-rpro-836,Buckeye Dry Cleaning Pads & Covers 2026,/catalogs/dry-cleaning-catalog.pdf,30,Forenta/Forse buck pads and head plates,Forenta/Forse,461-UL,Pad/Cover,RPRO-836,Red Pro-Finish 861,44 1/2 x 13 x 9,Utility,true,,Grouped Forenta/Forse catalog table row.
dc-forenta-forse-461-ul-mfhp-16,Buckeye Dry Cleaning Pads & Covers 2026,/catalogs/dry-cleaning-catalog.pdf,30,Forenta/Forse buck pads and head plates,Forenta/Forse,461-UL,Head Plate,MFHP-16,White Master Finish,44 1/2 x 13 x 9,Utility,true,,Grouped Forenta/Forse catalog table row.
dc-forenta-forse-461-ul-bmfhp-16,Buckeye Dry Cleaning Pads & Covers 2026,/catalogs/dry-cleaning-catalog.pdf,30,Forenta/Forse buck pads and head plates,Forenta/Forse,461-UL,Head Plate,BMFHP-16,Black Master Finish,44 1/2 x 13 x 9,Utility,true,,Grouped Forenta/Forse catalog table row.
dc-forenta-forse-461-ul-tgp-16,Buckeye Dry Cleaning Pads & Covers 2026,/catalogs/dry-cleaning-catalog.pdf,30,Forenta/Forse buck pads and head plates,Forenta/Forse,461-UL,Teflon Grid Plate,TGP-16,Teflon Grid Plate,44 1/2 x 13 x 9,Utility,true,,Grouped Forenta/Forse catalog table row.
dc-forenta-forse-461-yolb-pro-836,Buckeye Dry Cleaning Pads & Covers 2026,/catalogs/dry-cleaning-catalog.pdf,30,Forenta/Forse buck pads and head plates,Forenta/Forse,461-YOLB,Pad/Cover,PRO-836,Tan Pro-Finish 861,44 1/2 x 13 x 9,Utility,true,,Grouped Forenta/Forse catalog table row.
dc-forenta-forse-461-yolb-rpro-836,Buckeye Dry Cleaning Pads & Covers 2026,/catalogs/dry-cleaning-catalog.pdf,30,Forenta/Forse buck pads and head plates,Forenta/Forse,461-YOLB,Pad/Cover,RPRO-836,Red Pro-Finish 861,44 1/2 x 13 x 9,Utility,true,,Grouped Forenta/Forse catalog table row.
dc-forenta-forse-461-yolb-mfhp-16,Buckeye Dry Cleaning Pads & Covers 2026,/catalogs/dry-cleaning-catalog.pdf,30,Forenta/Forse buck pads and head plates,Forenta/Forse,461-YOLB,Head Plate,MFHP-16,White Master Finish,44 1/2 x 13 x 9,Utility,true,,Grouped Forenta/Forse catalog table row.
dc-forenta-forse-461-yolb-bmfhp-16,Buckeye Dry Cleaning Pads & Covers 2026,/catalogs/dry-cleaning-catalog.pdf,30,Forenta/Forse buck pads and head plates,Forenta/Forse,461-YOLB,Head Plate,BMFHP-16,Black Master Finish,44 1/2 x 13 x 9,Utility,true,,Grouped Forenta/Forse catalog table row.
dc-forenta-forse-461-yolb-tgp-16,Buckeye Dry Cleaning Pads & Covers 2026,/catalogs/dry-cleaning-catalog.pdf,30,Forenta/Forse buck pads and head plates,Forenta/Forse,461-YOLB,Teflon Grid Plate,TGP-16,Teflon Grid Plate,44 1/2 x 13 x 9,Utility,true,,Grouped Forenta/Forse catalog table row.
dc-forenta-forse-461-yorb-pro-836,Buckeye Dry Cleaning Pads & Covers 2026,/catalogs/dry-cleaning-catalog.pdf,30,Forenta/Forse buck pads and head plates,Forenta/Forse,461-YORB,Pad/Cover,PRO-836,Tan Pro-Finish 861,44 1/2 x 13 x 9,Utility,true,,Grouped Forenta/Forse catalog table row.
dc-forenta-forse-461-yorb-rpro-836,Buckeye Dry Cleaning Pads & Covers 2026,/catalogs/dry-cleaning-catalog.pdf,30,Forenta/Forse buck pads and head plates,Forenta/Forse,461-YORB,Pad/Cover,RPRO-836,Red Pro-Finish 861,44 1/2 x 13 x 9,Utility,true,,Grouped Forenta/Forse catalog table row.
dc-forenta-forse-461-yorb-mfhp-16,Buckeye Dry Cleaning Pads & Covers 2026,/catalogs/dry-cleaning-catalog.pdf,30,Forenta/Forse buck pads and head plates,Forenta/Forse,461-YORB,Head Plate,MFHP-16,White Master Finish,44 1/2 x 13 x 9,Utility,true,,Grouped Forenta/Forse catalog table row.
dc-forenta-forse-461-yorb-bmfhp-16,Buckeye Dry Cleaning Pads & Covers 2026,/catalogs/dry-cleaning-catalog.pdf,30,Forenta/Forse buck pads and head plates,Forenta/Forse,461-YORB,Head Plate,BMFHP-16,Black Master Finish,44 1/2 x 13 x 9,Utility,true,,Grouped Forenta/Forse catalog table row.
dc-forenta-forse-461-yorb-tgp-16,Buckeye Dry Cleaning Pads & Covers 2026,/catalogs/dry-cleaning-catalog.pdf,30,Forenta/Forse buck pads and head plates,Forenta/Forse,461-YORB,Teflon Grid Plate,TGP-16,Teflon Grid Plate,44 1/2 x 13 x 9,Utility,true,,Grouped Forenta/Forse catalog table row.
dc-forenta-forse-462-fgr-pro-836,Buckeye Dry Cleaning Pads & Covers 2026,/catalogs/dry-cleaning-catalog.pdf,30,Forenta/Forse buck pads and head plates,Forenta/Forse,462-FGR,Pad/Cover,PRO-836,Tan Pro-Finish 861,44 1/2 x 13 x 9,Utility,true,,Catalog text includes duplicated 462-SULMC entry. Grouped Forenta/Forse catalog table row.
dc-forenta-forse-462-fgr-rpro-836,Buckeye Dry Cleaning Pads & Covers 2026,/catalogs/dry-cleaning-catalog.pdf,30,Forenta/Forse buck pads and head plates,Forenta/Forse,462-FGR,Pad/Cover,RPRO-836,Red Pro-Finish 861,44 1/2 x 13 x 9,Utility,true,,Catalog text includes duplicated 462-SULMC entry. Grouped Forenta/Forse catalog table row.
dc-forenta-forse-462-fgr-mfhp-16,Buckeye Dry Cleaning Pads & Covers 2026,/catalogs/dry-cleaning-catalog.pdf,30,Forenta/Forse buck pads and head plates,Forenta/Forse,462-FGR,Head Plate,MFHP-16,White Master Finish,44 1/2 x 13 x 9,Utility,true,,Catalog text includes duplicated 462-SULMC entry. Grouped Forenta/Forse catalog table row.
dc-forenta-forse-462-fgr-bmfhp-16,Buckeye Dry Cleaning Pads & Covers 2026,/catalogs/dry-cleaning-catalog.pdf,30,Forenta/Forse buck pads and head plates,Forenta/Forse,462-FGR,Head Plate,BMFHP-16,Black Master Finish,44 1/2 x 13 x 9,Utility,true,,Catalog text includes duplicated 462-SULMC entry. Grouped Forenta/Forse catalog table row.
dc-forenta-forse-462-fgr-tgp-16,Buckeye Dry Cleaning Pads & Covers 2026,/catalogs/dry-cleaning-catalog.pdf,30,Forenta/Forse buck pads and head plates,Forenta/Forse,462-FGR,Teflon Grid Plate,TGP-16,Teflon Grid Plate,44 1/2 x 13 x 9,Utility,true,,Catalog text includes duplicated 462-SULMC entry. Grouped Forenta/Forse catalog table row.
dc-forenta-forse-462-fl-pro-836,Buckeye Dry Cleaning Pads & Covers 2026,/catalogs/dry-cleaning-catalog.pdf,30,Forenta/Forse buck pads and head plates,Forenta/Forse,462-FL,Pad/Cover,PRO-836,Tan Pro-Finish 861,44 1/2 x 13 x 9,Utility,true,,Catalog text includes duplicated 462-SULMC entry. Grouped Forenta/Forse catalog table row.
dc-forenta-forse-462-fl-rpro-836,Buckeye Dry Cleaning Pads & Covers 2026,/catalogs/dry-cleaning-catalog.pdf,30,Forenta/Forse buck pads and head plates,Forenta/Forse,462-FL,Pad/Cover,RPRO-836,Red Pro-Finish 861,44 1/2 x 13 x 9,Utility,true,,Catalog text includes duplicated 462-SULMC entry. Grouped Forenta/Forse catalog table row.
dc-forenta-forse-462-fl-mfhp-16,Buckeye Dry Cleaning Pads & Covers 2026,/catalogs/dry-cleaning-catalog.pdf,30,Forenta/Forse buck pads and head plates,Forenta/Forse,462-FL,Head Plate,MFHP-16,White Master Finish,44 1/2 x 13 x 9,Utility,true,,Catalog text includes duplicated 462-SULMC entry. Grouped Forenta/Forse catalog table row.
dc-forenta-forse-462-fl-bmfhp-16,Buckeye Dry Cleaning Pads & Covers 2026,/catalogs/dry-cleaning-catalog.pdf,30,Forenta/Forse buck pads and head plates,Forenta/Forse,462-FL,Head Plate,BMFHP-16,Black Master Finish,44 1/2 x 13 x 9,Utility,true,,Catalog text includes duplicated 462-SULMC entry. Grouped Forenta/Forse catalog table row.
dc-forenta-forse-462-fl-tgp-16,Buckeye Dry Cleaning Pads & Covers 2026,/catalogs/dry-cleaning-catalog.pdf,30,Forenta/Forse buck pads and head plates,Forenta/Forse,462-FL,Teflon Grid Plate,TGP-16,Teflon Grid Plate,44 1/2 x 13 x 9,Utility,true,,Catalog text includes duplicated 462-SULMC entry. Grouped Forenta/Forse catalog table row.
dc-forenta-forse-462-fol-pro-836,Buckeye Dry Cleaning Pads & Covers 2026,/catalogs/dry-cleaning-catalog.pdf,30,Forenta/Forse buck pads and head plates,Forenta/Forse,462-FOL,Pad/Cover,PRO-836,Tan Pro-Finish 861,44 1/2 x 13 x 9,Utility,true,,Catalog text includes duplicated 462-SULMC entry. Grouped Forenta/Forse catalog table row.
dc-forenta-forse-462-fol-rpro-836,Buckeye Dry Cleaning Pads & Covers 2026,/catalogs/dry-cleaning-catalog.pdf,30,Forenta/Forse buck pads and head plates,Forenta/Forse,462-FOL,Pad/Cover,RPRO-836,Red Pro-Finish 861,44 1/2 x 13 x 9,Utility,true,,Catalog text includes duplicated 462-SULMC entry. Grouped Forenta/Forse catalog table row.
dc-forenta-forse-462-fol-mfhp-16,Buckeye Dry Cleaning Pads & Covers 2026,/catalogs/dry-cleaning-catalog.pdf,30,Forenta/Forse buck pads and head plates,Forenta/Forse,462-FOL,Head Plate,MFHP-16,White Master Finish,44 1/2 x 13 x 9,Utility,true,,Catalog text includes duplicated 462-SULMC entry. Grouped Forenta/Forse catalog table row.
dc-forenta-forse-462-fol-bmfhp-16,Buckeye Dry Cleaning Pads & Covers 2026,/catalogs/dry-cleaning-catalog.pdf,30,Forenta/Forse buck pads and head plates,Forenta/Forse,462-FOL,Head Plate,BMFHP-16,Black Master Finish,44 1/2 x 13 x 9,Utility,true,,Catalog text includes duplicated 462-SULMC entry. Grouped Forenta/Forse catalog table row.
dc-forenta-forse-462-fol-tgp-16,Buckeye Dry Cleaning Pads & Covers 2026,/catalogs/dry-cleaning-catalog.pdf,30,Forenta/Forse buck pads and head plates,Forenta/Forse,462-FOL,Teflon Grid Plate,TGP-16,Teflon Grid Plate,44 1/2 x 13 x 9,Utility,true,,Catalog text includes duplicated 462-SULMC entry. Grouped Forenta/Forse catalog table row.
dc-forenta-forse-462-for-pro-836,Buckeye Dry Cleaning Pads & Covers 2026,/catalogs/dry-cleaning-catalog.pdf,30,Forenta/Forse buck pads and head plates,Forenta/Forse,462-FOR,Pad/Cover,PRO-836,Tan Pro-Finish 861,44 1/2 x 13 x 9,Utility,true,,Catalog text includes duplicated 462-SULMC entry. Grouped Forenta/Forse catalog table row.
dc-forenta-forse-462-for-rpro-836,Buckeye Dry Cleaning Pads & Covers 2026,/catalogs/dry-cleaning-catalog.pdf,30,Forenta/Forse buck pads and head plates,Forenta/Forse,462-FOR,Pad/Cover,RPRO-836,Red Pro-Finish 861,44 1/2 x 13 x 9,Utility,true,,Catalog text includes duplicated 462-SULMC entry. Grouped Forenta/Forse catalog table row.
dc-forenta-forse-462-for-mfhp-16,Buckeye Dry Cleaning Pads & Covers 2026,/catalogs/dry-cleaning-catalog.pdf,30,Forenta/Forse buck pads and head plates,Forenta/Forse,462-FOR,Head Plate,MFHP-16,White Master Finish,44 1/2 x 13 x 9,Utility,true,,Catalog text includes duplicated 462-SULMC entry. Grouped Forenta/Forse catalog table row.
dc-forenta-forse-462-for-bmfhp-16,Buckeye Dry Cleaning Pads & Covers 2026,/catalogs/dry-cleaning-catalog.pdf,30,Forenta/Forse buck pads and head plates,Forenta/Forse,462-FOR,Head Plate,BMFHP-16,Black Master Finish,44 1/2 x 13 x 9,Utility,true,,Catalog text includes duplicated 462-SULMC entry. Grouped Forenta/Forse catalog table row.
dc-forenta-forse-462-for-tgp-16,Buckeye Dry Cleaning Pads & Covers 2026,/catalogs/dry-cleaning-catalog.pdf,30,Forenta/Forse buck pads and head plates,Forenta/Forse,462-FOR,Teflon Grid Plate,TGP-16,Teflon Grid Plate,44 1/2 x 13 x 9,Utility,true,,Catalog text includes duplicated 462-SULMC entry. Grouped Forenta/Forse catalog table row.
dc-forenta-forse-462-fr-pro-836,Buckeye Dry Cleaning Pads & Covers 2026,/catalogs/dry-cleaning-catalog.pdf,30,Forenta/Forse buck pads and head plates,Forenta/Forse,462-FR,Pad/Cover,PRO-836,Tan Pro-Finish 861,44 1/2 x 13 x 9,Utility,true,,Catalog text includes duplicated 462-SULMC entry. Grouped Forenta/Forse catalog table row.
dc-forenta-forse-462-fr-rpro-836,Buckeye Dry Cleaning Pads & Covers 2026,/catalogs/dry-cleaning-catalog.pdf,30,Forenta/Forse buck pads and head plates,Forenta/Forse,462-FR,Pad/Cover,RPRO-836,Red Pro-Finish 861,44 1/2 x 13 x 9,Utility,true,,Catalog text includes duplicated 462-SULMC entry. Grouped Forenta/Forse catalog table row.
dc-forenta-forse-462-fr-mfhp-16,Buckeye Dry Cleaning Pads & Covers 2026,/catalogs/dry-cleaning-catalog.pdf,30,Forenta/Forse buck pads and head plates,Forenta/Forse,462-FR,Head Plate,MFHP-16,White Master Finish,44 1/2 x 13 x 9,Utility,true,,Catalog text includes duplicated 462-SULMC entry. Grouped Forenta/Forse catalog table row.
dc-forenta-forse-462-fr-bmfhp-16,Buckeye Dry Cleaning Pads & Covers 2026,/catalogs/dry-cleaning-catalog.pdf,30,Forenta/Forse buck pads and head plates,Forenta/Forse,462-FR,Head Plate,BMFHP-16,Black Master Finish,44 1/2 x 13 x 9,Utility,true,,Catalog text includes duplicated 462-SULMC entry. Grouped Forenta/Forse catalog table row.
dc-forenta-forse-462-fr-tgp-16,Buckeye Dry Cleaning Pads & Covers 2026,/catalogs/dry-cleaning-catalog.pdf,30,Forenta/Forse buck pads and head plates,Forenta/Forse,462-FR,Teflon Grid Plate,TGP-16,Teflon Grid Plate,44 1/2 x 13 x 9,Utility,true,,Catalog text includes duplicated 462-SULMC entry. Grouped Forenta/Forse catalog table row.
dc-forenta-forse-462-sulb-pro-836,Buckeye Dry Cleaning Pads & Covers 2026,/catalogs/dry-cleaning-catalog.pdf,30,Forenta/Forse buck pads and head plates,Forenta/Forse,462-SULB,Pad/Cover,PRO-836,Tan Pro-Finish 861,44 1/2 x 13 x 9,Utility,true,,Catalog text includes duplicated 462-SULMC entry. Grouped Forenta/Forse catalog table row.
dc-forenta-forse-462-sulb-rpro-836,Buckeye Dry Cleaning Pads & Covers 2026,/catalogs/dry-cleaning-catalog.pdf,30,Forenta/Forse buck pads and head plates,Forenta/Forse,462-SULB,Pad/Cover,RPRO-836,Red Pro-Finish 861,44 1/2 x 13 x 9,Utility,true,,Catalog text includes duplicated 462-SULMC entry. Grouped Forenta/Forse catalog table row.
dc-forenta-forse-462-sulb-mfhp-16,Buckeye Dry Cleaning Pads & Covers 2026,/catalogs/dry-cleaning-catalog.pdf,30,Forenta/Forse buck pads and head plates,Forenta/Forse,462-SULB,Head Plate,MFHP-16,White Master Finish,44 1/2 x 13 x 9,Utility,true,,Catalog text includes duplicated 462-SULMC entry. Grouped Forenta/Forse catalog table row.
dc-forenta-forse-462-sulb-bmfhp-16,Buckeye Dry Cleaning Pads & Covers 2026,/catalogs/dry-cleaning-catalog.pdf,30,Forenta/Forse buck pads and head plates,Forenta/Forse,462-SULB,Head Plate,BMFHP-16,Black Master Finish,44 1/2 x 13 x 9,Utility,true,,Catalog text includes duplicated 462-SULMC entry. Grouped Forenta/Forse catalog table row.
dc-forenta-forse-462-sulb-tgp-16,Buckeye Dry Cleaning Pads & Covers 2026,/catalogs/dry-cleaning-catalog.pdf,30,Forenta/Forse buck pads and head plates,Forenta/Forse,462-SULB,Teflon Grid Plate,TGP-16,Teflon Grid Plate,44 1/2 x 13 x 9,Utility,true,,Catalog text includes duplicated 462-SULMC entry. Grouped Forenta/Forse catalog table row.
dc-forenta-forse-462-sulmc-pro-836,Buckeye Dry Cleaning Pads & Covers 2026,/catalogs/dry-cleaning-catalog.pdf,30,Forenta/Forse buck pads and head plates,Forenta/Forse,462-SULMC,Pad/Cover,PRO-836,Tan Pro-Finish 861,44 1/2 x 13 x 9,Utility,true,,Catalog text includes duplicated 462-SULMC entry. Grouped Forenta/Forse catalog table row.
dc-forenta-forse-462-sulmc-rpro-836,Buckeye Dry Cleaning Pads & Covers 2026,/catalogs/dry-cleaning-catalog.pdf,30,Forenta/Forse buck pads and head plates,Forenta/Forse,462-SULMC,Pad/Cover,RPRO-836,Red Pro-Finish 861,44 1/2 x 13 x 9,Utility,true,,Catalog text includes duplicated 462-SULMC entry. Grouped Forenta/Forse catalog table row.
dc-forenta-forse-462-sulmc-mfhp-16,Buckeye Dry Cleaning Pads & Covers 2026,/catalogs/dry-cleaning-catalog.pdf,30,Forenta/Forse buck pads and head plates,Forenta/Forse,462-SULMC,Head Plate,MFHP-16,White Master Finish,44 1/2 x 13 x 9,Utility,true,,Catalog text includes duplicated 462-SULMC entry. Grouped Forenta/Forse catalog table row.
dc-forenta-forse-462-sulmc-bmfhp-16,Buckeye Dry Cleaning Pads & Covers 2026,/catalogs/dry-cleaning-catalog.pdf,30,Forenta/Forse buck pads and head plates,Forenta/Forse,462-SULMC,Head Plate,BMFHP-16,Black Master Finish,44 1/2 x 13 x 9,Utility,true,,Catalog text includes duplicated 462-SULMC entry. Grouped Forenta/Forse catalog table row.
dc-forenta-forse-462-sulmc-tgp-16,Buckeye Dry Cleaning Pads & Covers 2026,/catalogs/dry-cleaning-catalog.pdf,30,Forenta/Forse buck pads and head plates,Forenta/Forse,462-SULMC,Teflon Grid Plate,TGP-16,Teflon Grid Plate,44 1/2 x 13 x 9,Utility,true,,Catalog text includes duplicated 462-SULMC entry. Grouped Forenta/Forse catalog table row.
dc-forenta-forse-462-surb-pro-836,Buckeye Dry Cleaning Pads & Covers 2026,/catalogs/dry-cleaning-catalog.pdf,30,Forenta/Forse buck pads and head plates,Forenta/Forse,462-SURB,Pad/Cover,PRO-836,Tan Pro-Finish 861,44 1/2 x 13 x 9,Utility,true,,Catalog text includes duplicated 462-SULMC entry. Grouped Forenta/Forse catalog table row.
dc-forenta-forse-462-surb-rpro-836,Buckeye Dry Cleaning Pads & Covers 2026,/catalogs/dry-cleaning-catalog.pdf,30,Forenta/Forse buck pads and head plates,Forenta/Forse,462-SURB,Pad/Cover,RPRO-836,Red Pro-Finish 861,44 1/2 x 13 x 9,Utility,true,,Catalog text includes duplicated 462-SULMC entry. Grouped Forenta/Forse catalog table row.
dc-forenta-forse-462-surb-mfhp-16,Buckeye Dry Cleaning Pads & Covers 2026,/catalogs/dry-cleaning-catalog.pdf,30,Forenta/Forse buck pads and head plates,Forenta/Forse,462-SURB,Head Plate,MFHP-16,White Master Finish,44 1/2 x 13 x 9,Utility,true,,Catalog text includes duplicated 462-SULMC entry. Grouped Forenta/Forse catalog table row.
dc-forenta-forse-462-surb-bmfhp-16,Buckeye Dry Cleaning Pads & Covers 2026,/catalogs/dry-cleaning-catalog.pdf,30,Forenta/Forse buck pads and head plates,Forenta/Forse,462-SURB,Head Plate,BMFHP-16,Black Master Finish,44 1/2 x 13 x 9,Utility,true,,Catalog text includes duplicated 462-SULMC entry. Grouped Forenta/Forse catalog table row.
dc-forenta-forse-462-surb-tgp-16,Buckeye Dry Cleaning Pads & Covers 2026,/catalogs/dry-cleaning-catalog.pdf,30,Forenta/Forse buck pads and head plates,Forenta/Forse,462-SURB,Teflon Grid Plate,TGP-16,Teflon Grid Plate,44 1/2 x 13 x 9,Utility,true,,Catalog text includes duplicated 462-SULMC entry. Grouped Forenta/Forse catalog table row.
dc-forenta-forse-462-sumohc-pro-836,Buckeye Dry Cleaning Pads & Covers 2026,/catalogs/dry-cleaning-catalog.pdf,30,Forenta/Forse buck pads and head plates,Forenta/Forse,462-SUMOHC,Pad/Cover,PRO-836,Tan Pro-Finish 861,44 1/2 x 13 x 9,Utility,true,,Catalog text includes duplicated 462-SULMC entry. Grouped Forenta/Forse catalog table row.
dc-forenta-forse-462-sumohc-rpro-836,Buckeye Dry Cleaning Pads & Covers 2026,/catalogs/dry-cleaning-catalog.pdf,30,Forenta/Forse buck pads and head plates,Forenta/Forse,462-SUMOHC,Pad/Cover,RPRO-836,Red Pro-Finish 861,44 1/2 x 13 x 9,Utility,true,,Catalog text includes duplicated 462-SULMC entry. Grouped Forenta/Forse catalog table row.
dc-forenta-forse-462-sumohc-mfhp-16,Buckeye Dry Cleaning Pads & Covers 2026,/catalogs/dry-cleaning-catalog.pdf,30,Forenta/Forse buck pads and head plates,Forenta/Forse,462-SUMOHC,Head Plate,MFHP-16,White Master Finish,44 1/2 x 13 x 9,Utility,true,,Catalog text includes duplicated 462-SULMC entry. Grouped Forenta/Forse catalog table row.
dc-forenta-forse-462-sumohc-bmfhp-16,Buckeye Dry Cleaning Pads & Covers 2026,/catalogs/dry-cleaning-catalog.pdf,30,Forenta/Forse buck pads and head plates,Forenta/Forse,462-SUMOHC,Head Plate,BMFHP-16,Black Master Finish,44 1/2 x 13 x 9,Utility,true,,Catalog text includes duplicated 462-SULMC entry. Grouped Forenta/Forse catalog table row.
dc-forenta-forse-462-sumohc-tgp-16,Buckeye Dry Cleaning Pads & Covers 2026,/catalogs/dry-cleaning-catalog.pdf,30,Forenta/Forse buck pads and head plates,Forenta/Forse,462-SUMOHC,Teflon Grid Plate,TGP-16,Teflon Grid Plate,44 1/2 x 13 x 9,Utility,true,,Catalog text includes duplicated 462-SULMC entry. Grouped Forenta/Forse catalog table row.
dc-forenta-forse-462-ul-pro-836,Buckeye Dry Cleaning Pads & Covers 2026,/catalogs/dry-cleaning-catalog.pdf,30,Forenta/Forse buck pads and head plates,Forenta/Forse,462-UL,Pad/Cover,PRO-836,Tan Pro-Finish 861,44 1/2 x 13 x 9,Utility,true,,Catalog text includes duplicated 462-SULMC entry. Grouped Forenta/Forse catalog table row.
dc-forenta-forse-462-ul-rpro-836,Buckeye Dry Cleaning Pads & Covers 2026,/catalogs/dry-cleaning-catalog.pdf,30,Forenta/Forse buck pads and head plates,Forenta/Forse,462-UL,Pad/Cover,RPRO-836,Red Pro-Finish 861,44 1/2 x 13 x 9,Utility,true,,Catalog text includes duplicated 462-SULMC entry. Grouped Forenta/Forse catalog table row.
dc-forenta-forse-462-ul-mfhp-16,Buckeye Dry Cleaning Pads & Covers 2026,/catalogs/dry-cleaning-catalog.pdf,30,Forenta/Forse buck pads and head plates,Forenta/Forse,462-UL,Head Plate,MFHP-16,White Master Finish,44 1/2 x 13 x 9,Utility,true,,Catalog text includes duplicated 462-SULMC entry. Grouped Forenta/Forse catalog table row.
dc-forenta-forse-462-ul-bmfhp-16,Buckeye Dry Cleaning Pads & Covers 2026,/catalogs/dry-cleaning-catalog.pdf,30,Forenta/Forse buck pads and head plates,Forenta/Forse,462-UL,Head Plate,BMFHP-16,Black Master Finish,44 1/2 x 13 x 9,Utility,true,,Catalog text includes duplicated 462-SULMC entry. Grouped Forenta/Forse catalog table row.
dc-forenta-forse-462-ul-tgp-16,Buckeye Dry Cleaning Pads & Covers 2026,/catalogs/dry-cleaning-catalog.pdf,30,Forenta/Forse buck pads and head plates,Forenta/Forse,462-UL,Teflon Grid Plate,TGP-16,Teflon Grid Plate,44 1/2 x 13 x 9,Utility,true,,Catalog text includes duplicated 462-SULMC entry. Grouped Forenta/Forse catalog table row.
dc-forenta-forse-462-yolb-pro-836,Buckeye Dry Cleaning Pads & Covers 2026,/catalogs/dry-cleaning-catalog.pdf,30,Forenta/Forse buck pads and head plates,Forenta/Forse,462-YOLB,Pad/Cover,PRO-836,Tan Pro-Finish 861,44 1/2 x 13 x 9,Utility,true,,Catalog text includes duplicated 462-SULMC entry. Grouped Forenta/Forse catalog table row.
dc-forenta-forse-462-yolb-rpro-836,Buckeye Dry Cleaning Pads & Covers 2026,/catalogs/dry-cleaning-catalog.pdf,30,Forenta/Forse buck pads and head plates,Forenta/Forse,462-YOLB,Pad/Cover,RPRO-836,Red Pro-Finish 861,44 1/2 x 13 x 9,Utility,true,,Catalog text includes duplicated 462-SULMC entry. Grouped Forenta/Forse catalog table row.
dc-forenta-forse-462-yolb-mfhp-16,Buckeye Dry Cleaning Pads & Covers 2026,/catalogs/dry-cleaning-catalog.pdf,30,Forenta/Forse buck pads and head plates,Forenta/Forse,462-YOLB,Head Plate,MFHP-16,White Master Finish,44 1/2 x 13 x 9,Utility,true,,Catalog text includes duplicated 462-SULMC entry. Grouped Forenta/Forse catalog table row.
dc-forenta-forse-462-yolb-bmfhp-16,Buckeye Dry Cleaning Pads & Covers 2026,/catalogs/dry-cleaning-catalog.pdf,30,Forenta/Forse buck pads and head plates,Forenta/Forse,462-YOLB,Head Plate,BMFHP-16,Black Master Finish,44 1/2 x 13 x 9,Utility,true,,Catalog text includes duplicated 462-SULMC entry. Grouped Forenta/Forse catalog table row.
dc-forenta-forse-462-yolb-tgp-16,Buckeye Dry Cleaning Pads & Covers 2026,/catalogs/dry-cleaning-catalog.pdf,30,Forenta/Forse buck pads and head plates,Forenta/Forse,462-YOLB,Teflon Grid Plate,TGP-16,Teflon Grid Plate,44 1/2 x 13 x 9,Utility,true,,Catalog text includes duplicated 462-SULMC entry. Grouped Forenta/Forse catalog table row.
dc-forenta-forse-462-yorb-pro-836,Buckeye Dry Cleaning Pads & Covers 2026,/catalogs/dry-cleaning-catalog.pdf,30,Forenta/Forse buck pads and head plates,Forenta/Forse,462-YORB,Pad/Cover,PRO-836,Tan Pro-Finish 861,44 1/2 x 13 x 9,Utility,true,,Catalog text includes duplicated 462-SULMC entry. Grouped Forenta/Forse catalog table row.
dc-forenta-forse-462-yorb-rpro-836,Buckeye Dry Cleaning Pads & Covers 2026,/catalogs/dry-cleaning-catalog.pdf,30,Forenta/Forse buck pads and head plates,Forenta/Forse,462-YORB,Pad/Cover,RPRO-836,Red Pro-Finish 861,44 1/2 x 13 x 9,Utility,true,,Catalog text includes duplicated 462-SULMC entry. Grouped Forenta/Forse catalog table row.
dc-forenta-forse-462-yorb-mfhp-16,Buckeye Dry Cleaning Pads & Covers 2026,/catalogs/dry-cleaning-catalog.pdf,30,Forenta/Forse buck pads and head plates,Forenta/Forse,462-YORB,Head Plate,MFHP-16,White Master Finish,44 1/2 x 13 x 9,Utility,true,,Catalog text includes duplicated 462-SULMC entry. Grouped Forenta/Forse catalog table row.
dc-forenta-forse-462-yorb-bmfhp-16,Buckeye Dry Cleaning Pads & Covers 2026,/catalogs/dry-cleaning-catalog.pdf,30,Forenta/Forse buck pads and head plates,Forenta/Forse,462-YORB,Head Plate,BMFHP-16,Black Master Finish,44 1/2 x 13 x 9,Utility,true,,Catalog text includes duplicated 462-SULMC entry. Grouped Forenta/Forse catalog table row.
dc-forenta-forse-462-yorb-tgp-16,Buckeye Dry Cleaning Pads & Covers 2026,/catalogs/dry-cleaning-catalog.pdf,30,Forenta/Forse buck pads and head plates,Forenta/Forse,462-YORB,Teflon Grid Plate,TGP-16,Teflon Grid Plate,44 1/2 x 13 x 9,Utility,true,,Catalog text includes duplicated 462-SULMC entry. Grouped Forenta/Forse catalog table row.
dc-forenta-forse-42-folh-see-page-dc-42-utility-silk,Buckeye Dry Cleaning Pads & Covers 2026,/catalogs/dry-cleaning-catalog.pdf,33,Forenta/Forse hot heads and silk presses,Forenta/Forse,42-FOLH,Hot Head / Silk Press Reference,SEE PAGE DC 42,,40 x 13 x 9,Utility - silk,false,,Catalog points these hot head/silk press models to page DC 42.
dc-forenta-forse-42-forh-see-page-dc-42-utility-silk,Buckeye Dry Cleaning Pads & Covers 2026,/catalogs/dry-cleaning-catalog.pdf,33,Forenta/Forse hot heads and silk presses,Forenta/Forse,42-FORH,Hot Head / Silk Press Reference,SEE PAGE DC 42,,40 x 13 x 9,Utility - silk,false,,Catalog points these hot head/silk press models to page DC 42.
dc-forenta-forse-42-frh-see-page-dc-42-utility-silk,Buckeye Dry Cleaning Pads & Covers 2026,/catalogs/dry-cleaning-catalog.pdf,33,Forenta/Forse hot heads and silk presses,Forenta/Forse,42-FRH,Hot Head / Silk Press Reference,SEE PAGE DC 42,,40 x 13 x 9,Utility - silk,false,,Catalog points these hot head/silk press models to page DC 42.
dc-forenta-forse-46-folh-see-page-dc-42-utility-silk,Buckeye Dry Cleaning Pads & Covers 2026,/catalogs/dry-cleaning-catalog.pdf,33,Forenta/Forse hot heads and silk presses,Forenta/Forse,46-FOLH,Hot Head / Silk Press Reference,SEE PAGE DC 42,,44 1/2 x 13 x 9,Utility - silk,false,,Catalog points these hot head/silk press models to page DC 42.
dc-forenta-forse-46-forh-see-page-dc-42-utility-silk,Buckeye Dry Cleaning Pads & Covers 2026,/catalogs/dry-cleaning-catalog.pdf,33,Forenta/Forse hot heads and silk presses,Forenta/Forse,46-FORH,Hot Head / Silk Press Reference,SEE PAGE DC 42,,44 1/2 x 13 x 9,Utility - silk,false,,Catalog points these hot head/silk press models to page DC 42.
dc-forenta-forse-46-frh-see-page-dc-42-utility-silk,Buckeye Dry Cleaning Pads & Covers 2026,/catalogs/dry-cleaning-catalog.pdf,33,Forenta/Forse hot heads and silk presses,Forenta/Forse,46-FRH,Hot Head / Silk Press Reference,SEE PAGE DC 42,,44 1/2 x 13 x 9,Utility - silk,false,,Catalog points these hot head/silk press models to page DC 42.
dc-forenta-forse-461-sulmohc-see-page-dc-42-utility-silk,Buckeye Dry Cleaning Pads & Covers 2026,/catalogs/dry-cleaning-catalog.pdf,33,Forenta/Forse hot heads and silk presses,Forenta/Forse,461-SULMOHC,Hot Head / Silk Press Reference,SEE PAGE DC 42,,44 1/2 x 13 x 9,Utility - silk,false,,Catalog points these hot head/silk press models to page DC 42.
dc-forenta-forse-46-suloh-see-page-dc-42-utility-silk,Buckeye Dry Cleaning Pads & Covers 2026,/catalogs/dry-cleaning-catalog.pdf,33,Forenta/Forse hot heads and silk presses,Forenta/Forse,46-SULOH,Hot Head / Silk Press Reference,SEE PAGE DC 42,,44 1/2 x 13 x 9,Utility - silk,false,,Catalog points these hot head/silk press models to page DC 42.
dc-forenta-forse-472-fgrh-see-page-dc-42-legger-w-cut-out,Buckeye Dry Cleaning Pads & Covers 2026,/catalogs/dry-cleaning-catalog.pdf,33,Forenta/Forse hot heads and silk presses,Forenta/Forse,472-FGRH,Hot Head / Silk Press Reference,SEE PAGE DC 42,,43 x 17 1/2 x 11,Legger w/cut-out,false,,Catalog points these hot head/silk press models to page DC 42.
dc-forenta-forse-482-fgrh-see-page-dc-42-legger-w-cut-out,Buckeye Dry Cleaning Pads & Covers 2026,/catalogs/dry-cleaning-catalog.pdf,33,Forenta/Forse hot heads and silk presses,Forenta/Forse,482-FGRH,Hot Head / Silk Press Reference,SEE PAGE DC 42,,43 x 17 1/2 x 8,Legger w/cut-out,false,,Catalog points these hot head/silk press models to page DC 42.
dc-forenta-forse-191-sumhc-see-page-dc-42-mushroom,Buckeye Dry Cleaning Pads & Covers 2026,/catalogs/dry-cleaning-catalog.pdf,33,Forenta/Forse hot heads and silk presses,Forenta/Forse,191-SUMHC,Hot Head / Silk Press Reference,SEE PAGE DC 42,,20 1/2 x 10 1/2,Mushroom,false,,Catalog points these hot head/silk press models to page DC 42.
dc-forenta-forse-cleanamation-22-bp-1407-cover-and-pad-set-for-pants-topper,Buckeye Dry Cleaning Pads & Covers 2026,/catalogs/dry-cleaning-catalog.pdf,34,Forenta/Forse/Cleanamation covers and pads for pants toppers,Forenta/Forse/Cleanamation,22-BP,Cover/Pad Set,1407,,,Cover and Pad Set for Pants Topper,false,,Catalog groups these 22-series pants-topper components together.
dc-forenta-forse-cleanamation-22-bp-960-cover-only-4553,Buckeye Dry Cleaning Pads & Covers 2026,/catalogs/dry-cleaning-catalog.pdf,34,Forenta/Forse/Cleanamation covers and pads for pants toppers,Forenta/Forse/Cleanamation,22-BP,Cover,960,,,Cover Only - 4553,false,,Catalog groups these 22-series pants-topper components together.
dc-forenta-forse-cleanamation-22-bp-961-foam-pad-only,Buckeye Dry Cleaning Pads & Covers 2026,/catalogs/dry-cleaning-catalog.pdf,34,Forenta/Forse/Cleanamation covers and pads for pants toppers,Forenta/Forse/Cleanamation,22-BP,Foam Pad,961,,,Foam Pad Only,false,,Catalog groups these 22-series pants-topper components together.
dc-forenta-forse-cleanamation-22-bp-cpdb-971-topper-clamp-cover-pad,Buckeye Dry Cleaning Pads & Covers 2026,/catalogs/dry-cleaning-catalog.pdf,34,Forenta/Forse/Cleanamation covers and pads for pants toppers,Forenta/Forse/Cleanamation,22-BP,Clamp Cover/Pad,CPDB-971,,15 x 7 x 5,Topper Clamp Cover/Pad,false,2 required,Catalog groups these 22-series pants-topper components together.
dc-forenta-forse-cleanamation-22-bp-ts-961-texsteel-steel-base-pad-diffuser,Buckeye Dry Cleaning Pads & Covers 2026,/catalogs/dry-cleaning-catalog.pdf,34,Forenta/Forse/Cleanamation covers and pads for pants toppers,Forenta/Forse/Cleanamation,22-BP,Texsteel Steel Base Pad,TS-961,,,Texsteel Steel Base Pad Diffuser,false,,Catalog groups these 22-series pants-topper components together.
dc-forenta-forse-cleanamation-22-bp-fow-961-flan-o-wool-metal-flannel-pad,Buckeye Dry Cleaning Pads & Covers 2026,/catalogs/dry-cleaning-catalog.pdf,34,Forenta/Forse/Cleanamation covers and pads for pants toppers,Forenta/Forse/Cleanamation,22-BP,Flan-O-Wool Metal Flannel Pad,FOW-961,,,Flan-O-Wool Metal Flannel Pad,false,,Catalog groups these 22-series pants-topper components together.
dc-forenta-forse-cleanamation-22-pt-1407-cover-and-pad-set-for-pants-topper,Buckeye Dry Cleaning Pads & Covers 2026,/catalogs/dry-cleaning-catalog.pdf,34,Forenta/Forse/Cleanamation covers and pads for pants toppers,Forenta/Forse/Cleanamation,22-PT,Cover/Pad Set,1407,,,Cover and Pad Set for Pants Topper,false,,Catalog groups these 22-series pants-topper components together.
dc-forenta-forse-cleanamation-22-pt-960-cover-only-4553,Buckeye Dry Cleaning Pads & Covers 2026,/catalogs/dry-cleaning-catalog.pdf,34,Forenta/Forse/Cleanamation covers and pads for pants toppers,Forenta/Forse/Cleanamation,22-PT,Cover,960,,,Cover Only - 4553,false,,Catalog groups these 22-series pants-topper components together.
dc-forenta-forse-cleanamation-22-pt-961-foam-pad-only,Buckeye Dry Cleaning Pads & Covers 2026,/catalogs/dry-cleaning-catalog.pdf,34,Forenta/Forse/Cleanamation covers and pads for pants toppers,Forenta/Forse/Cleanamation,22-PT,Foam Pad,961,,,Foam Pad Only,false,,Catalog groups these 22-series pants-topper components together.
dc-forenta-forse-cleanamation-22-pt-cpdb-971-topper-clamp-cover-pad,Buckeye Dry Cleaning Pads & Covers 2026,/catalogs/dry-cleaning-catalog.pdf,34,Forenta/Forse/Cleanamation covers and pads for pants toppers,Forenta/Forse/Cleanamation,22-PT,Clamp Cover/Pad,CPDB-971,,15 x 7 x 5,Topper Clamp Cover/Pad,false,2 required,Catalog groups these 22-series pants-topper components together.
dc-forenta-forse-cleanamation-22-pt-ts-961-texsteel-steel-base-pad-diffuser,Buckeye Dry Cleaning Pads & Covers 2026,/catalogs/dry-cleaning-catalog.pdf,34,Forenta/Forse/Cleanamation covers and pads for pants toppers,Forenta/Forse/Cleanamation,22-PT,Texsteel Steel Base Pad,TS-961,,,Texsteel Steel Base Pad Diffuser,false,,Catalog groups these 22-series pants-topper components together.
dc-forenta-forse-cleanamation-22-pt-fow-961-flan-o-wool-metal-flannel-pad,Buckeye Dry Cleaning Pads & Covers 2026,/catalogs/dry-cleaning-catalog.pdf,34,Forenta/Forse/Cleanamation covers and pads for pants toppers,Forenta/Forse/Cleanamation,22-PT,Flan-O-Wool Metal Flannel Pad,FOW-961,,,Flan-O-Wool Metal Flannel Pad,false,,Catalog groups these 22-series pants-topper components together.
dc-forenta-forse-cleanamation-22-mtb-fork-expander-1407-cover-and-pad-set-for-pants-topper,Buckeye Dry Cleaning Pads & Covers 2026,/catalogs/dry-cleaning-catalog.pdf,34,Forenta/Forse/Cleanamation covers and pads for pants toppers,Forenta/Forse/Cleanamation,22-MTB Fork Expander,Cover/Pad Set,1407,,,Cover and Pad Set for Pants Topper,false,,Catalog groups these 22-series pants-topper components together.
dc-forenta-forse-cleanamation-22-mtb-fork-expander-960-cover-only-4553,Buckeye Dry Cleaning Pads & Covers 2026,/catalogs/dry-cleaning-catalog.pdf,34,Forenta/Forse/Cleanamation covers and pads for pants toppers,Forenta/Forse/Cleanamation,22-MTB Fork Expander,Cover,960,,,Cover Only - 4553,false,,Catalog groups these 22-series pants-topper components together.
dc-forenta-forse-cleanamation-22-mtb-fork-expander-961-foam-pad-only,Buckeye Dry Cleaning Pads & Covers 2026,/catalogs/dry-cleaning-catalog.pdf,34,Forenta/Forse/Cleanamation covers and pads for pants toppers,Forenta/Forse/Cleanamation,22-MTB Fork Expander,Foam Pad,961,,,Foam Pad Only,false,,Catalog groups these 22-series pants-topper components together.
dc-forenta-forse-cleanamation-22-mtb-fork-expander-cpdb-971-topper-clamp-cover-pad,Buckeye Dry Cleaning Pads & Covers 2026,/catalogs/dry-cleaning-catalog.pdf,34,Forenta/Forse/Cleanamation covers and pads for pants toppers,Forenta/Forse/Cleanamation,22-MTB Fork Expander,Clamp Cover/Pad,CPDB-971,,15 x 7 x 5,Topper Clamp Cover/Pad,false,2 required,Catalog groups these 22-series pants-topper components together.
dc-forenta-forse-cleanamation-22-mtb-fork-expander-ts-961-texsteel-steel-base-pad-diffuser,Buckeye Dry Cleaning Pads & Covers 2026,/catalogs/dry-cleaning-catalog.pdf,34,Forenta/Forse/Cleanamation covers and pads for pants toppers,Forenta/Forse/Cleanamation,22-MTB Fork Expander,Texsteel Steel Base Pad,TS-961,,,Texsteel Steel Base Pad Diffuser,false,,Catalog groups these 22-series pants-topper components together.
dc-forenta-forse-cleanamation-22-mtb-fork-expander-fow-961-flan-o-wool-metal-flannel-pad,Buckeye Dry Cleaning Pads & Covers 2026,/catalogs/dry-cleaning-catalog.pdf,34,Forenta/Forse/Cleanamation covers and pads for pants toppers,Forenta/Forse/Cleanamation,22-MTB Fork Expander,Flan-O-Wool Metal Flannel Pad,FOW-961,,,Flan-O-Wool Metal Flannel Pad,false,,Catalog groups these 22-series pants-topper components together.
dc-forenta-forse-cleanamation-22-mtb-plate-expander-1407-cover-and-pad-set-for-pants-topper,Buckeye Dry Cleaning Pads & Covers 2026,/catalogs/dry-cleaning-catalog.pdf,34,Forenta/Forse/Cleanamation covers and pads for pants toppers,Forenta/Forse/Cleanamation,22-MTB Plate Expander,Cover/Pad Set,1407,,,Cover and Pad Set for Pants Topper,false,,Catalog groups these 22-series pants-topper components together.
dc-forenta-forse-cleanamation-22-mtb-plate-expander-960-cover-only-4553,Buckeye Dry Cleaning Pads & Covers 2026,/catalogs/dry-cleaning-catalog.pdf,34,Forenta/Forse/Cleanamation covers and pads for pants toppers,Forenta/Forse/Cleanamation,22-MTB Plate Expander,Cover,960,,,Cover Only - 4553,false,,Catalog groups these 22-series pants-topper components together.
dc-forenta-forse-cleanamation-22-mtb-plate-expander-961-foam-pad-only,Buckeye Dry Cleaning Pads & Covers 2026,/catalogs/dry-cleaning-catalog.pdf,34,Forenta/Forse/Cleanamation covers and pads for pants toppers,Forenta/Forse/Cleanamation,22-MTB Plate Expander,Foam Pad,961,,,Foam Pad Only,false,,Catalog groups these 22-series pants-topper components together.
dc-forenta-forse-cleanamation-22-mtb-plate-expander-cpdb-971-topper-clamp-cover-pad,Buckeye Dry Cleaning Pads & Covers 2026,/catalogs/dry-cleaning-catalog.pdf,34,Forenta/Forse/Cleanamation covers and pads for pants toppers,Forenta/Forse/Cleanamation,22-MTB Plate Expander,Clamp Cover/Pad,CPDB-971,,15 x 7 x 5,Topper Clamp Cover/Pad,false,2 required,Catalog groups these 22-series pants-topper components together.
dc-forenta-forse-cleanamation-22-mtb-plate-expander-ts-961-texsteel-steel-base-pad-diffuser,Buckeye Dry Cleaning Pads & Covers 2026,/catalogs/dry-cleaning-catalog.pdf,34,Forenta/Forse/Cleanamation covers and pads for pants toppers,Forenta/Forse/Cleanamation,22-MTB Plate Expander,Texsteel Steel Base Pad,TS-961,,,Texsteel Steel Base Pad Diffuser,false,,Catalog groups these 22-series pants-topper components together.
dc-forenta-forse-cleanamation-22-mtb-plate-expander-fow-961-flan-o-wool-metal-flannel-pad,Buckeye Dry Cleaning Pads & Covers 2026,/catalogs/dry-cleaning-catalog.pdf,34,Forenta/Forse/Cleanamation covers and pads for pants toppers,Forenta/Forse/Cleanamation,22-MTB Plate Expander,Flan-O-Wool Metal Flannel Pad,FOW-961,,,Flan-O-Wool Metal Flannel Pad,false,,Catalog groups these 22-series pants-topper components together.
dc-forenta-forse-cleanamation-22-pts-1567-cover-and-pad-set-for-pants-topper,Buckeye Dry Cleaning Pads & Covers 2026,/catalogs/dry-cleaning-catalog.pdf,34,Forenta/Forse/Cleanamation covers and pads for pants toppers,Forenta/Forse/Cleanamation,22-PTS,Cover/Pad Set,1567,,,Cover and Pad Set for Pants Topper,false,,
dc-forenta-forse-cleanamation-22-pts-1565-cover-only-22619,Buckeye Dry Cleaning Pads & Covers 2026,/catalogs/dry-cleaning-catalog.pdf,34,Forenta/Forse/Cleanamation covers and pads for pants toppers,Forenta/Forse/Cleanamation,22-PTS,Cover,1565,,,Cover Only - 22619,false,,
dc-forenta-forse-cleanamation-22-pts-1570-fly-cover,Buckeye Dry Cleaning Pads & Covers 2026,/catalogs/dry-cleaning-catalog.pdf,34,Forenta/Forse/Cleanamation covers and pads for pants toppers,Forenta/Forse/Cleanamation,22-PTS,Fly Cover,1570,,,Fly Cover,false,,
dc-forenta-forse-cleanamation-22-pts-961-foam-pad-only,Buckeye Dry Cleaning Pads & Covers 2026,/catalogs/dry-cleaning-catalog.pdf,34,Forenta/Forse/Cleanamation covers and pads for pants toppers,Forenta/Forse/Cleanamation,22-PTS,Foam Pad,961,,,Foam Pad Only,false,,
dc-forenta-forse-cleanamation-22-pts-cpdb-971-topper-clamp-cover-pad,Buckeye Dry Cleaning Pads & Covers 2026,/catalogs/dry-cleaning-catalog.pdf,34,Forenta/Forse/Cleanamation covers and pads for pants toppers,Forenta/Forse/Cleanamation,22-PTS,Clamp Cover/Pad,CPDB-971,,15 x 7 x 5,Topper Clamp Cover/Pad,false,2 required,
dc-forenta-forse-cleanamation-22-pts-ts-961-texsteel-steel-base-pad-diffuser,Buckeye Dry Cleaning Pads & Covers 2026,/catalogs/dry-cleaning-catalog.pdf,34,Forenta/Forse/Cleanamation covers and pads for pants toppers,Forenta/Forse/Cleanamation,22-PTS,Texsteel Steel Base Pad,TS-961,,,Texsteel Steel Base Pad Diffuser,false,,
dc-forenta-forse-cleanamation-22-pts-fow-961-flan-o-wool-metal-flannel-pad,Buckeye Dry Cleaning Pads & Covers 2026,/catalogs/dry-cleaning-catalog.pdf,34,Forenta/Forse/Cleanamation covers and pads for pants toppers,Forenta/Forse/Cleanamation,22-PTS,Flan-O-Wool Metal Flannel Pad,FOW-961,,,Flan-O-Wool Metal Flannel Pad,false,,
dc-forenta-forse-cleanamation-23-mp-23-mta-plate-expander-962-cover-only-for-pants-topper-4554,Buckeye Dry Cleaning Pads & Covers 2026,/catalogs/dry-cleaning-catalog.pdf,34,Forenta/Forse/Cleanamation covers and pads for pants toppers,Forenta/Forse/Cleanamation,23-MP / 23-MTA Plate Expander,Cover,962,,,Cover Only for Pants Topper - 4554,false,,
dc-forenta-forse-cleanamation-23-mp-23-mta-plate-expander-963-foam-pad-only,Buckeye Dry Cleaning Pads & Covers 2026,/catalogs/dry-cleaning-catalog.pdf,34,Forenta/Forse/Cleanamation covers and pads for pants toppers,Forenta/Forse/Cleanamation,23-MP / 23-MTA Plate Expander,Foam Pad,963,,,Foam Pad Only,false,,
dc-forenta-forse-cleanamation-23-mp-23-mta-plate-expander-cpdb-971-topper-clamp-cover-pad,Buckeye Dry Cleaning Pads & Covers 2026,/catalogs/dry-cleaning-catalog.pdf,34,Forenta/Forse/Cleanamation covers and pads for pants toppers,Forenta/Forse/Cleanamation,23-MP / 23-MTA Plate Expander,Clamp Cover/Pad,CPDB-971,,15 x 7 x 5,Topper Clamp Cover/Pad,false,2 required,
dc-forenta-forse-cleanamation-23-mp-23-mta-plate-expander-ts-963-texsteel-steel-base-pad-diffuser,Buckeye Dry Cleaning Pads & Covers 2026,/catalogs/dry-cleaning-catalog.pdf,34,Forenta/Forse/Cleanamation covers and pads for pants toppers,Forenta/Forse/Cleanamation,23-MP / 23-MTA Plate Expander,Texsteel Steel Base Pad,TS-963,,,Texsteel Steel Base Pad Diffuser,false,,
dc-forenta-forse-cleanamation-23-mp-23-mta-plate-expander-fow-963-flan-o-wool-metal-flannel-pad,Buckeye Dry Cleaning Pads & Covers 2026,/catalogs/dry-cleaning-catalog.pdf,34,Forenta/Forse/Cleanamation covers and pads for pants toppers,Forenta/Forse/Cleanamation,23-MP / 23-MTA Plate Expander,Flan-O-Wool Metal Flannel Pad,FOW-963,,,Flan-O-Wool Metal Flannel Pad,false,,
dc-forenta-forse-cleanamation-23-mta-fork-expander-962-cover-only-for-pants-topper-4554,Buckeye Dry Cleaning Pads & Covers 2026,/catalogs/dry-cleaning-catalog.pdf,34,Forenta/Forse/Cleanamation covers and pads for pants toppers,Forenta/Forse/Cleanamation,23-MTA Fork Expander,Cover,962,,,Cover Only for Pants Topper - 4554,false,,
dc-forenta-forse-cleanamation-23-mta-fork-expander-963-foam-pad-only,Buckeye Dry Cleaning Pads & Covers 2026,/catalogs/dry-cleaning-catalog.pdf,34,Forenta/Forse/Cleanamation covers and pads for pants toppers,Forenta/Forse/Cleanamation,23-MTA Fork Expander,Foam Pad,963,,,Foam Pad Only,false,,
dc-forenta-forse-cleanamation-23-mta-fork-expander-cpdb-971-topper-clamp-cover-pad,Buckeye Dry Cleaning Pads & Covers 2026,/catalogs/dry-cleaning-catalog.pdf,34,Forenta/Forse/Cleanamation covers and pads for pants toppers,Forenta/Forse/Cleanamation,23-MTA Fork Expander,Clamp Cover/Pad,CPDB-971,,15 x 7 x 5,Topper Clamp Cover/Pad,false,2 required,
dc-forenta-forse-cleanamation-23-mta-fork-expander-ts-963-texsteel-steel-base-pad-diffuser,Buckeye Dry Cleaning Pads & Covers 2026,/catalogs/dry-cleaning-catalog.pdf,34,Forenta/Forse/Cleanamation covers and pads for pants toppers,Forenta/Forse/Cleanamation,23-MTA Fork Expander,Texsteel Steel Base Pad,TS-963,,,Texsteel Steel Base Pad Diffuser,false,,
dc-forenta-forse-cleanamation-23-mta-fork-expander-fow-963-flan-o-wool-metal-flannel-pad,Buckeye Dry Cleaning Pads & Covers 2026,/catalogs/dry-cleaning-catalog.pdf,34,Forenta/Forse/Cleanamation covers and pads for pants toppers,Forenta/Forse/Cleanamation,23-MTA Fork Expander,Flan-O-Wool Metal Flannel Pad,FOW-963,,,Flan-O-Wool Metal Flannel Pad,false,,
dc-forenta-forse-cleanamation-23-mtb-23-mtr-969-cover-only-for-pants-topper,Buckeye Dry Cleaning Pads & Covers 2026,/catalogs/dry-cleaning-catalog.pdf,34,Forenta/Forse/Cleanamation covers and pads for pants toppers,Forenta/Forse/Cleanamation,23-MTB / 23-MTR,Cover,969,,,Cover Only for Pants Topper,false,,
dc-forenta-forse-cleanamation-23-mtb-23-mtr-970-foam-pad-only,Buckeye Dry Cleaning Pads & Covers 2026,/catalogs/dry-cleaning-catalog.pdf,34,Forenta/Forse/Cleanamation covers and pads for pants toppers,Forenta/Forse/Cleanamation,23-MTB / 23-MTR,Foam Pad,970,,,Foam Pad Only,false,,
dc-forenta-forse-cleanamation-23-mtb-23-mtr-cpdb-971-topper-clamp-cover-pad,Buckeye Dry Cleaning Pads & Covers 2026,/catalogs/dry-cleaning-catalog.pdf,34,Forenta/Forse/Cleanamation covers and pads for pants toppers,Forenta/Forse/Cleanamation,23-MTB / 23-MTR,Clamp Cover/Pad,CPDB-971,,15 x 7 x 5,Topper Clamp Cover/Pad,false,2 required,
dc-forenta-forse-cleanamation-23-mtb-23-mtr-ts-970-texsteel-steel-base-pad-diffuser,Buckeye Dry Cleaning Pads & Covers 2026,/catalogs/dry-cleaning-catalog.pdf,34,Forenta/Forse/Cleanamation covers and pads for pants toppers,Forenta/Forse/Cleanamation,23-MTB / 23-MTR,Texsteel Steel Base Pad,TS-970,,,Texsteel Steel Base Pad Diffuser,false,,
dc-forenta-forse-cleanamation-23-mtb-23-mtr-fow-970-flan-o-wool-metal-flannel-pad,Buckeye Dry Cleaning Pads & Covers 2026,/catalogs/dry-cleaning-catalog.pdf,34,Forenta/Forse/Cleanamation covers and pads for pants toppers,Forenta/Forse/Cleanamation,23-MTB / 23-MTR,Flan-O-Wool Metal Flannel Pad,FOW-970,,,Flan-O-Wool Metal Flannel Pad,false,,
dc-forenta-forse-cleanamation-221-et-1407-cover-and-pad-set-for-pants-topper,Buckeye Dry Cleaning Pads & Covers 2026,/catalogs/dry-cleaning-catalog.pdf,35,Forenta/Forse/Cleanamation covers and pads for pants toppers,Forenta/Forse/Cleanamation,221-ET,Cover/Pad Set,1407,,,Cover and Pad Set for Pants Topper,false,,
dc-forenta-forse-cleanamation-221-et-960-cover-only-4553,Buckeye Dry Cleaning Pads & Covers 2026,/catalogs/dry-cleaning-catalog.pdf,35,Forenta/Forse/Cleanamation covers and pads for pants toppers,Forenta/Forse/Cleanamation,221-ET,Cover,960,,,Cover Only - 4553,false,,
dc-forenta-forse-cleanamation-221-et-961-foam-pad-only,Buckeye Dry Cleaning Pads & Covers 2026,/catalogs/dry-cleaning-catalog.pdf,35,Forenta/Forse/Cleanamation covers and pads for pants toppers,Forenta/Forse/Cleanamation,221-ET,Foam Pad,961,,,Foam Pad Only,false,,
dc-forenta-forse-cleanamation-221-et-ts-961-texsteel-steel-base-pad-diffuser,Buckeye Dry Cleaning Pads & Covers 2026,/catalogs/dry-cleaning-catalog.pdf,35,Forenta/Forse/Cleanamation covers and pads for pants toppers,Forenta/Forse/Cleanamation,221-ET,Texsteel Steel Base Pad,TS-961,,,Texsteel Steel Base Pad Diffuser,false,,
dc-forenta-forse-cleanamation-221-et-fow-961-flan-o-wool-metal-flannel-pad,Buckeye Dry Cleaning Pads & Covers 2026,/catalogs/dry-cleaning-catalog.pdf,35,Forenta/Forse/Cleanamation covers and pads for pants toppers,Forenta/Forse/Cleanamation,221-ET,Flan-O-Wool Metal Flannel Pad,FOW-961,,,Flan-O-Wool Metal Flannel Pad,false,,
dc-forenta-forse-cleanamation-221-et-cpdb-971-topper-clamp-cover-pad,Buckeye Dry Cleaning Pads & Covers 2026,/catalogs/dry-cleaning-catalog.pdf,35,Forenta/Forse/Cleanamation covers and pads for pants toppers,Forenta/Forse/Cleanamation,221-ET,Clamp Cover/Pad,CPDB-971,,15 x 7 x 5,Topper Clamp Cover/Pad,false,2 required,
dc-forenta-forse-cleanamation-222-btac-1407-cover-and-pad-set-for-pants-topper,Buckeye Dry Cleaning Pads & Covers 2026,/catalogs/dry-cleaning-catalog.pdf,35,Forenta/Forse/Cleanamation covers and pads for pants toppers,Forenta/Forse/Cleanamation,222-BTAC,Cover/Pad Set,1407,,,Cover and Pad Set for Pants Topper,false,,
dc-forenta-forse-cleanamation-222-btac-960-cover-only-4553,Buckeye Dry Cleaning Pads & Covers 2026,/catalogs/dry-cleaning-catalog.pdf,35,Forenta/Forse/Cleanamation covers and pads for pants toppers,Forenta/Forse/Cleanamation,222-BTAC,Cover,960,,,Cover Only - 4553,false,,
dc-forenta-forse-cleanamation-222-btac-961-foam-pad-only,Buckeye Dry Cleaning Pads & Covers 2026,/catalogs/dry-cleaning-catalog.pdf,35,Forenta/Forse/Cleanamation covers and pads for pants toppers,Forenta/Forse/Cleanamation,222-BTAC,Foam Pad,961,,,Foam Pad Only,false,,
dc-forenta-forse-cleanamation-222-btac-ts-961-texsteel-steel-base-pad-diffuser,Buckeye Dry Cleaning Pads & Covers 2026,/catalogs/dry-cleaning-catalog.pdf,35,Forenta/Forse/Cleanamation covers and pads for pants toppers,Forenta/Forse/Cleanamation,222-BTAC,Texsteel Steel Base Pad,TS-961,,,Texsteel Steel Base Pad Diffuser,false,,
dc-forenta-forse-cleanamation-222-btac-fow-961-flan-o-wool-metal-flannel-pad,Buckeye Dry Cleaning Pads & Covers 2026,/catalogs/dry-cleaning-catalog.pdf,35,Forenta/Forse/Cleanamation covers and pads for pants toppers,Forenta/Forse/Cleanamation,222-BTAC,Flan-O-Wool Metal Flannel Pad,FOW-961,,,Flan-O-Wool Metal Flannel Pad,false,,
dc-forenta-forse-cleanamation-222-btac-cpdb-971-topper-clamp-cover-pad,Buckeye Dry Cleaning Pads & Covers 2026,/catalogs/dry-cleaning-catalog.pdf,35,Forenta/Forse/Cleanamation covers and pads for pants toppers,Forenta/Forse/Cleanamation,222-BTAC,Clamp Cover/Pad,CPDB-971,,15 x 7 x 5,Topper Clamp Cover/Pad,false,2 required,
dc-forenta-forse-cleanamation-222-ets-1407-cover-and-pad-set-for-pants-topper,Buckeye Dry Cleaning Pads & Covers 2026,/catalogs/dry-cleaning-catalog.pdf,35,Forenta/Forse/Cleanamation covers and pads for pants toppers,Forenta/Forse/Cleanamation,222-ETS,Cover/Pad Set,1407,,,Cover and Pad Set for Pants Topper,false,,
dc-forenta-forse-cleanamation-222-ets-960-cover-only-4553,Buckeye Dry Cleaning Pads & Covers 2026,/catalogs/dry-cleaning-catalog.pdf,35,Forenta/Forse/Cleanamation covers and pads for pants toppers,Forenta/Forse/Cleanamation,222-ETS,Cover,960,,,Cover Only - 4553,false,,
dc-forenta-forse-cleanamation-222-ets-961-foam-pad-only,Buckeye Dry Cleaning Pads & Covers 2026,/catalogs/dry-cleaning-catalog.pdf,35,Forenta/Forse/Cleanamation covers and pads for pants toppers,Forenta/Forse/Cleanamation,222-ETS,Foam Pad,961,,,Foam Pad Only,false,,
dc-forenta-forse-cleanamation-222-ets-ts-961-texsteel-steel-base-pad-diffuser,Buckeye Dry Cleaning Pads & Covers 2026,/catalogs/dry-cleaning-catalog.pdf,35,Forenta/Forse/Cleanamation covers and pads for pants toppers,Forenta/Forse/Cleanamation,222-ETS,Texsteel Steel Base Pad,TS-961,,,Texsteel Steel Base Pad Diffuser,false,,
dc-forenta-forse-cleanamation-222-ets-fow-961-flan-o-wool-metal-flannel-pad,Buckeye Dry Cleaning Pads & Covers 2026,/catalogs/dry-cleaning-catalog.pdf,35,Forenta/Forse/Cleanamation covers and pads for pants toppers,Forenta/Forse/Cleanamation,222-ETS,Flan-O-Wool Metal Flannel Pad,FOW-961,,,Flan-O-Wool Metal Flannel Pad,false,,
dc-forenta-forse-cleanamation-222-ets-cpdb-971-topper-clamp-cover-pad,Buckeye Dry Cleaning Pads & Covers 2026,/catalogs/dry-cleaning-catalog.pdf,35,Forenta/Forse/Cleanamation covers and pads for pants toppers,Forenta/Forse/Cleanamation,222-ETS,Clamp Cover/Pad,CPDB-971,,15 x 7 x 5,Topper Clamp Cover/Pad,false,2 required,
dc-forenta-forse-cleanamation-222-bta-222-gta-1407-cover-and-pad-set-for-pants-topper,Buckeye Dry Cleaning Pads & Covers 2026,/catalogs/dry-cleaning-catalog.pdf,35,Forenta/Forse/Cleanamation covers and pads for pants toppers,Forenta/Forse/Cleanamation,222-BTA / 222-GTA,Cover/Pad Set,1407,,,Cover and Pad Set for Pants Topper,false,,
dc-forenta-forse-cleanamation-222-bta-222-gta-960-cover-only-4553,Buckeye Dry Cleaning Pads & Covers 2026,/catalogs/dry-cleaning-catalog.pdf,35,Forenta/Forse/Cleanamation covers and pads for pants toppers,Forenta/Forse/Cleanamation,222-BTA / 222-GTA,Cover,960,,,Cover Only - 4553,false,,
dc-forenta-forse-cleanamation-222-bta-222-gta-961-foam-pad-only,Buckeye Dry Cleaning Pads & Covers 2026,/catalogs/dry-cleaning-catalog.pdf,35,Forenta/Forse/Cleanamation covers and pads for pants toppers,Forenta/Forse/Cleanamation,222-BTA / 222-GTA,Foam Pad,961,,,Foam Pad Only,false,,
dc-forenta-forse-cleanamation-222-bta-222-gta-982-foam-shoe-pad,Buckeye Dry Cleaning Pads & Covers 2026,/catalogs/dry-cleaning-catalog.pdf,35,Forenta/Forse/Cleanamation covers and pads for pants toppers,Forenta/Forse/Cleanamation,222-BTA / 222-GTA,Shoe Pad,982,,17 3/4 x 8 1/4,Foam Shoe Pad,false,2 required,
dc-forenta-forse-cleanamation-222-bta-222-gta-db-979-20-oz-shoe-flannel,Buckeye Dry Cleaning Pads & Covers 2026,/catalogs/dry-cleaning-catalog.pdf,35,Forenta/Forse/Cleanamation covers and pads for pants toppers,Forenta/Forse/Cleanamation,222-BTA / 222-GTA,Shoe Flannel,DB-979,,,20 oz. Shoe Flannel,false,2 required,
dc-forenta-forse-cleanamation-222-bta-222-gta-ht-978-shoe-cover,Buckeye Dry Cleaning Pads & Covers 2026,/catalogs/dry-cleaning-catalog.pdf,35,Forenta/Forse/Cleanamation covers and pads for pants toppers,Forenta/Forse/Cleanamation,222-BTA / 222-GTA,Shoe Cover,HT-978,,,Shoe Cover,false,2 required,
dc-forenta-forse-cleanamation-222-bta-222-gta-db-981-shoe-outer-flannel,Buckeye Dry Cleaning Pads & Covers 2026,/catalogs/dry-cleaning-catalog.pdf,35,Forenta/Forse/Cleanamation covers and pads for pants toppers,Forenta/Forse/Cleanamation,222-BTA / 222-GTA,Shoe Outer Flannel,DB-981,,,Shoe Outer Flannel,false,2 required,
dc-forenta-forse-cleanamation-222-bta-222-gta-ts-961-texsteel-steel-base-pad-diffuser,Buckeye Dry Cleaning Pads & Covers 2026,/catalogs/dry-cleaning-catalog.pdf,35,Forenta/Forse/Cleanamation covers and pads for pants toppers,Forenta/Forse/Cleanamation,222-BTA / 222-GTA,Texsteel Steel Base Pad,TS-961,,,Texsteel Steel Base Pad Diffuser,false,,
dc-forenta-forse-cleanamation-222-bta-222-gta-fow-961-flan-o-wool-metal-flannel-pad,Buckeye Dry Cleaning Pads & Covers 2026,/catalogs/dry-cleaning-catalog.pdf,35,Forenta/Forse/Cleanamation covers and pads for pants toppers,Forenta/Forse/Cleanamation,222-BTA / 222-GTA,Flan-O-Wool Metal Flannel Pad,FOW-961,,,Flan-O-Wool Metal Flannel Pad,false,,
dc-forenta-forse-cleanamation-224-bxt-1407-cover-and-pad-set-for-pants-topper,Buckeye Dry Cleaning Pads & Covers 2026,/catalogs/dry-cleaning-catalog.pdf,35,Forenta/Forse/Cleanamation covers and pads for pants toppers,Forenta/Forse/Cleanamation,224-BXT,Cover/Pad Set,1407,,,Cover and Pad Set for Pants Topper,false,,
dc-forenta-forse-cleanamation-224-bxt-960-cover-only-4553,Buckeye Dry Cleaning Pads & Covers 2026,/catalogs/dry-cleaning-catalog.pdf,35,Forenta/Forse/Cleanamation covers and pads for pants toppers,Forenta/Forse/Cleanamation,224-BXT,Cover,960,,,Cover Only - 4553,false,,
dc-forenta-forse-cleanamation-224-bxt-961-foam-pad-only,Buckeye Dry Cleaning Pads & Covers 2026,/catalogs/dry-cleaning-catalog.pdf,35,Forenta/Forse/Cleanamation covers and pads for pants toppers,Forenta/Forse/Cleanamation,224-BXT,Foam Pad,961,,,Foam Pad Only,false,,
dc-forenta-forse-cleanamation-224-bxt-ts-961-texsteel-steel-base-pad-diffuser,Buckeye Dry Cleaning Pads & Covers 2026,/catalogs/dry-cleaning-catalog.pdf,35,Forenta/Forse/Cleanamation covers and pads for pants toppers,Forenta/Forse/Cleanamation,224-BXT,Texsteel Steel Base Pad,TS-961,,,Texsteel Steel Base Pad Diffuser,false,,
dc-forenta-forse-cleanamation-224-bxt-fow-961-flan-o-wool-metal-flannel-pad,Buckeye Dry Cleaning Pads & Covers 2026,/catalogs/dry-cleaning-catalog.pdf,35,Forenta/Forse/Cleanamation covers and pads for pants toppers,Forenta/Forse/Cleanamation,224-BXT,Flan-O-Wool Metal Flannel Pad,FOW-961,,,Flan-O-Wool Metal Flannel Pad,false,,
dc-forenta-forse-cleanamation-224-bxt-cpdb-971-topper-clamp-cover-pad,Buckeye Dry Cleaning Pads & Covers 2026,/catalogs/dry-cleaning-catalog.pdf,35,Forenta/Forse/Cleanamation covers and pads for pants toppers,Forenta/Forse/Cleanamation,224-BXT,Clamp Cover/Pad,CPDB-971,,15 x 7 x 5,Topper Clamp Cover/Pad,false,2 required,
dc-forenta-forse-cleanamation-225-bet-1407-cover-and-pad-set-for-pants-topper,Buckeye Dry Cleaning Pads & Covers 2026,/catalogs/dry-cleaning-catalog.pdf,35,Forenta/Forse/Cleanamation covers and pads for pants toppers,Forenta/Forse/Cleanamation,225-BET,Cover/Pad Set,1407,,,Cover and Pad Set for Pants Topper,false,,
dc-forenta-forse-cleanamation-225-bet-960-cover-only-4553,Buckeye Dry Cleaning Pads & Covers 2026,/catalogs/dry-cleaning-catalog.pdf,35,Forenta/Forse/Cleanamation covers and pads for pants toppers,Forenta/Forse/Cleanamation,225-BET,Cover,960,,,Cover Only - 4553,false,,
dc-forenta-forse-cleanamation-225-bet-961-foam-pad-only,Buckeye Dry Cleaning Pads & Covers 2026,/catalogs/dry-cleaning-catalog.pdf,35,Forenta/Forse/Cleanamation covers and pads for pants toppers,Forenta/Forse/Cleanamation,225-BET,Foam Pad,961,,,Foam Pad Only,false,,
dc-forenta-forse-cleanamation-225-bet-ts-961-texsteel-steel-base-pad-diffuser,Buckeye Dry Cleaning Pads & Covers 2026,/catalogs/dry-cleaning-catalog.pdf,35,Forenta/Forse/Cleanamation covers and pads for pants toppers,Forenta/Forse/Cleanamation,225-BET,Texsteel Steel Base Pad,TS-961,,,Texsteel Steel Base Pad Diffuser,false,,
dc-forenta-forse-cleanamation-225-bet-fow-961-flan-o-wool-metal-flannel-pad,Buckeye Dry Cleaning Pads & Covers 2026,/catalogs/dry-cleaning-catalog.pdf,35,Forenta/Forse/Cleanamation covers and pads for pants toppers,Forenta/Forse/Cleanamation,225-BET,Flan-O-Wool Metal Flannel Pad,FOW-961,,,Flan-O-Wool Metal Flannel Pad,false,,
dc-forenta-forse-cleanamation-225-bet-cpdb-971-topper-clamp-cover-pad,Buckeye Dry Cleaning Pads & Covers 2026,/catalogs/dry-cleaning-catalog.pdf,35,Forenta/Forse/Cleanamation covers and pads for pants toppers,Forenta/Forse/Cleanamation,225-BET,Clamp Cover/Pad,CPDB-971,,15 x 7 x 5,Topper Clamp Cover/Pad,false,2 required,
dc-forenta-forse-cleanamation-225-et-1407-cover-and-pad-set-for-pants-topper,Buckeye Dry Cleaning Pads & Covers 2026,/catalogs/dry-cleaning-catalog.pdf,35,Forenta/Forse/Cleanamation covers and pads for pants toppers,Forenta/Forse/Cleanamation,225-ET,Cover/Pad Set,1407,,,Cover and Pad Set for Pants Topper,false,,
dc-forenta-forse-cleanamation-225-et-960-cover-only-4553,Buckeye Dry Cleaning Pads & Covers 2026,/catalogs/dry-cleaning-catalog.pdf,35,Forenta/Forse/Cleanamation covers and pads for pants toppers,Forenta/Forse/Cleanamation,225-ET,Cover,960,,,Cover Only - 4553,false,,
dc-forenta-forse-cleanamation-225-et-961-foam-pad-only,Buckeye Dry Cleaning Pads & Covers 2026,/catalogs/dry-cleaning-catalog.pdf,35,Forenta/Forse/Cleanamation covers and pads for pants toppers,Forenta/Forse/Cleanamation,225-ET,Foam Pad,961,,,Foam Pad Only,false,,
dc-forenta-forse-cleanamation-225-et-ts-961-texsteel-steel-base-pad-diffuser,Buckeye Dry Cleaning Pads & Covers 2026,/catalogs/dry-cleaning-catalog.pdf,35,Forenta/Forse/Cleanamation covers and pads for pants toppers,Forenta/Forse/Cleanamation,225-ET,Texsteel Steel Base Pad,TS-961,,,Texsteel Steel Base Pad Diffuser,false,,
dc-forenta-forse-cleanamation-225-et-fow-961-flan-o-wool-metal-flannel-pad,Buckeye Dry Cleaning Pads & Covers 2026,/catalogs/dry-cleaning-catalog.pdf,35,Forenta/Forse/Cleanamation covers and pads for pants toppers,Forenta/Forse/Cleanamation,225-ET,Flan-O-Wool Metal Flannel Pad,FOW-961,,,Flan-O-Wool Metal Flannel Pad,false,,
dc-forenta-forse-cleanamation-225-et-cpdb-971-topper-clamp-cover-pad,Buckeye Dry Cleaning Pads & Covers 2026,/catalogs/dry-cleaning-catalog.pdf,35,Forenta/Forse/Cleanamation covers and pads for pants toppers,Forenta/Forse/Cleanamation,225-ET,Clamp Cover/Pad,CPDB-971,,15 x 7 x 5,Topper Clamp Cover/Pad,false,2 required,
dc-forenta-forse-cleanamation-225-ets-1407-cover-and-pad-set-for-pants-topper,Buckeye Dry Cleaning Pads & Covers 2026,/catalogs/dry-cleaning-catalog.pdf,35,Forenta/Forse/Cleanamation covers and pads for pants toppers,Forenta/Forse/Cleanamation,225-ETS,Cover/Pad Set,1407,,,Cover and Pad Set for Pants Topper,false,,
dc-forenta-forse-cleanamation-225-ets-960-cover-only-4553,Buckeye Dry Cleaning Pads & Covers 2026,/catalogs/dry-cleaning-catalog.pdf,35,Forenta/Forse/Cleanamation covers and pads for pants toppers,Forenta/Forse/Cleanamation,225-ETS,Cover,960,,,Cover Only - 4553,false,,
dc-forenta-forse-cleanamation-225-ets-961-foam-pad-only,Buckeye Dry Cleaning Pads & Covers 2026,/catalogs/dry-cleaning-catalog.pdf,35,Forenta/Forse/Cleanamation covers and pads for pants toppers,Forenta/Forse/Cleanamation,225-ETS,Foam Pad,961,,,Foam Pad Only,false,,
dc-forenta-forse-cleanamation-225-ets-ts-961-texsteel-steel-base-pad-diffuser,Buckeye Dry Cleaning Pads & Covers 2026,/catalogs/dry-cleaning-catalog.pdf,35,Forenta/Forse/Cleanamation covers and pads for pants toppers,Forenta/Forse/Cleanamation,225-ETS,Texsteel Steel Base Pad,TS-961,,,Texsteel Steel Base Pad Diffuser,false,,
dc-forenta-forse-cleanamation-225-ets-fow-961-flan-o-wool-metal-flannel-pad,Buckeye Dry Cleaning Pads & Covers 2026,/catalogs/dry-cleaning-catalog.pdf,35,Forenta/Forse/Cleanamation covers and pads for pants toppers,Forenta/Forse/Cleanamation,225-ETS,Flan-O-Wool Metal Flannel Pad,FOW-961,,,Flan-O-Wool Metal Flannel Pad,false,,
dc-forenta-forse-cleanamation-225-ets-cpdb-971-topper-clamp-cover-pad,Buckeye Dry Cleaning Pads & Covers 2026,/catalogs/dry-cleaning-catalog.pdf,35,Forenta/Forse/Cleanamation covers and pads for pants toppers,Forenta/Forse/Cleanamation,225-ETS,Clamp Cover/Pad,CPDB-971,,15 x 7 x 5,Topper Clamp Cover/Pad,false,2 required,
dc-forenta-forse-cleanamation-9867-top-eze-1407-cover-and-pad-set-for-pants-topper,Buckeye Dry Cleaning Pads & Covers 2026,/catalogs/dry-cleaning-catalog.pdf,35,Forenta/Forse/Cleanamation covers and pads for pants toppers,Forenta/Forse/Cleanamation,9867 TOP-EZE,Cover/Pad Set,1407,,,Cover and Pad Set for Pants Topper,false,,
dc-forenta-forse-cleanamation-9867-top-eze-960-cover-only-4553,Buckeye Dry Cleaning Pads & Covers 2026,/catalogs/dry-cleaning-catalog.pdf,35,Forenta/Forse/Cleanamation covers and pads for pants toppers,Forenta/Forse/Cleanamation,9867 TOP-EZE,Cover,960,,,Cover Only - 4553,false,,
dc-forenta-forse-cleanamation-9867-top-eze-961-foam-pad-only,Buckeye Dry Cleaning Pads & Covers 2026,/catalogs/dry-cleaning-catalog.pdf,35,Forenta/Forse/Cleanamation covers and pads for pants toppers,Forenta/Forse/Cleanamation,9867 TOP-EZE,Foam Pad,961,,,Foam Pad Only,false,,
dc-forenta-forse-cleanamation-9867-top-eze-ts-961-texsteel-steel-base-pad-diffuser,Buckeye Dry Cleaning Pads & Covers 2026,/catalogs/dry-cleaning-catalog.pdf,35,Forenta/Forse/Cleanamation covers and pads for pants toppers,Forenta/Forse/Cleanamation,9867 TOP-EZE,Texsteel Steel Base Pad,TS-961,,,Texsteel Steel Base Pad Diffuser,false,,
dc-forenta-forse-cleanamation-9867-top-eze-fow-961-flan-o-wool-metal-flannel-pad,Buckeye Dry Cleaning Pads & Covers 2026,/catalogs/dry-cleaning-catalog.pdf,35,Forenta/Forse/Cleanamation covers and pads for pants toppers,Forenta/Forse/Cleanamation,9867 TOP-EZE,Flan-O-Wool Metal Flannel Pad,FOW-961,,,Flan-O-Wool Metal Flannel Pad,false,,
dc-forenta-forse-cleanamation-9867-top-eze-cpdb-971-topper-clamp-cover-pad,Buckeye Dry Cleaning Pads & Covers 2026,/catalogs/dry-cleaning-catalog.pdf,35,Forenta/Forse/Cleanamation covers and pads for pants toppers,Forenta/Forse/Cleanamation,9867 TOP-EZE,Clamp Cover/Pad,CPDB-971,,15 x 7 x 5,Topper Clamp Cover/Pad,false,2 required,
dc-forenta-forse-55-ff-57-ff-964-mr-finisher-steam-air-finisher-cover-27775,Buckeye Dry Cleaning Pads & Covers 2026,/catalogs/dry-cleaning-catalog.pdf,36,Forenta/Forse covers and pads for steam air finishers,Forenta/Forse,55-FF / 57-FF,Steam Air Finisher Cover,964,,,Mr. Finisher Steam Air Finisher Cover - 27775,false,,
dc-forenta-forse-55-ff-57-ff-937-front-clamp-cover-pad,Buckeye Dry Cleaning Pads & Covers 2026,/catalogs/dry-cleaning-catalog.pdf,36,Forenta/Forse covers and pads for steam air finishers,Forenta/Forse,55-FF / 57-FF,Clamp Cover/Pad,937,,6 x 27,Front Clamp Cover/Pad,false,,
dc-forenta-forse-55-ff-57-ff-977-rear-clamp-cover-pad,Buckeye Dry Cleaning Pads & Covers 2026,/catalogs/dry-cleaning-catalog.pdf,36,Forenta/Forse covers and pads for steam air finishers,Forenta/Forse,55-FF / 57-FF,Clamp Cover/Pad,977,,4 x 24 1/2,Rear Clamp Cover/Pad,false,,
dc-forenta-forse-59-mf-964-mr-finisher-steam-air-finisher-cover-28047,Buckeye Dry Cleaning Pads & Covers 2026,/catalogs/dry-cleaning-catalog.pdf,36,Forenta/Forse covers and pads for steam air finishers,Forenta/Forse,59-MF,Steam Air Finisher Cover,964,,,Mr. Finisher Steam Air Finisher Cover - 28047,false,,
dc-forenta-forse-59-mf-1207-front-clamp-cover-pad,Buckeye Dry Cleaning Pads & Covers 2026,/catalogs/dry-cleaning-catalog.pdf,36,Forenta/Forse covers and pads for steam air finishers,Forenta/Forse,59-MF,Clamp Cover/Pad,1207,,4 x 27,Front Clamp Cover/Pad,false,,
dc-forenta-forse-59-mf-932-rear-clamp-cover-pad,Buckeye Dry Cleaning Pads & Covers 2026,/catalogs/dry-cleaning-catalog.pdf,36,Forenta/Forse covers and pads for steam air finishers,Forenta/Forse,59-MF,Clamp Cover/Pad,932,,4 x 20 1/2,Rear Clamp Cover/Pad,false,,
dc-forenta-forse-59-mf-ts-964b-texsteel-steel-yoke-bib-pad,Buckeye Dry Cleaning Pads & Covers 2026,/catalogs/dry-cleaning-catalog.pdf,36,Forenta/Forse covers and pads for steam air finishers,Forenta/Forse,59-MF,Texsteel Steel Yoke/Bib Pad,TS-964B,,,Texsteel Steel Yoke/Bib Pad,false,,
dc-forenta-forse-60-af-l-1095-steam-air-finisher-cover-long-form-29961,Buckeye Dry Cleaning Pads & Covers 2026,/catalogs/dry-cleaning-catalog.pdf,36,Forenta/Forse covers and pads for steam air finishers,Forenta/Forse,60-AF-L,Steam Air Finisher Cover,1095,,,Steam Air Finisher Cover - Long Form 29961,false,,
dc-forenta-forse-60-af-l-947-netting-overbag,Buckeye Dry Cleaning Pads & Covers 2026,/catalogs/dry-cleaning-catalog.pdf,36,Forenta/Forse covers and pads for steam air finishers,Forenta/Forse,60-AF-L,Netting Overbag,947,,,Netting Overbag,false,,
dc-forenta-forse-60-af-l-1236-moisture-barrier,Buckeye Dry Cleaning Pads & Covers 2026,/catalogs/dry-cleaning-catalog.pdf,36,Forenta/Forse covers and pads for steam air finishers,Forenta/Forse,60-AF-L,Moisture Barrier,1236,,60 in,Moisture Barrier,false,,
dc-forenta-forse-60-af-l-1207-front-clamp-cover-pad,Buckeye Dry Cleaning Pads & Covers 2026,/catalogs/dry-cleaning-catalog.pdf,36,Forenta/Forse covers and pads for steam air finishers,Forenta/Forse,60-AF-L,Clamp Cover/Pad,1207,,4 x 27,Front Clamp Cover/Pad,false,,
dc-forenta-forse-603-afl-1095-steam-air-finisher-cover-long-form-29961,Buckeye Dry Cleaning Pads & Covers 2026,/catalogs/dry-cleaning-catalog.pdf,36,Forenta/Forse covers and pads for steam air finishers,Forenta/Forse,603-AFL,Steam Air Finisher Cover,1095,,,Steam Air Finisher Cover - Long Form 29961,false,,
dc-forenta-forse-603-afl-947-netting-overbag,Buckeye Dry Cleaning Pads & Covers 2026,/catalogs/dry-cleaning-catalog.pdf,36,Forenta/Forse covers and pads for steam air finishers,Forenta/Forse,603-AFL,Netting Overbag,947,,,Netting Overbag,false,,
dc-forenta-forse-603-afl-1236-moisture-barrier,Buckeye Dry Cleaning Pads & Covers 2026,/catalogs/dry-cleaning-catalog.pdf,36,Forenta/Forse covers and pads for steam air finishers,Forenta/Forse,603-AFL,Moisture Barrier,1236,,60 in,Moisture Barrier,false,,
dc-forenta-forse-603-afl-1207-front-clamp-cover-pad,Buckeye Dry Cleaning Pads & Covers 2026,/catalogs/dry-cleaning-catalog.pdf,36,Forenta/Forse covers and pads for steam air finishers,Forenta/Forse,603-AFL,Clamp Cover/Pad,1207,,4 x 27,Front Clamp Cover/Pad,false,,
dc-forenta-forse-604-afl-1095-steam-air-finisher-cover-long-form-29961,Buckeye Dry Cleaning Pads & Covers 2026,/catalogs/dry-cleaning-catalog.pdf,36,Forenta/Forse covers and pads for steam air finishers,Forenta/Forse,604-AFL,Steam Air Finisher Cover,1095,,,Steam Air Finisher Cover - Long Form 29961,false,,
dc-forenta-forse-604-afl-947-netting-overbag,Buckeye Dry Cleaning Pads & Covers 2026,/catalogs/dry-cleaning-catalog.pdf,36,Forenta/Forse covers and pads for steam air finishers,Forenta/Forse,604-AFL,Netting Overbag,947,,,Netting Overbag,false,,
dc-forenta-forse-604-afl-1236-moisture-barrier,Buckeye Dry Cleaning Pads & Covers 2026,/catalogs/dry-cleaning-catalog.pdf,36,Forenta/Forse covers and pads for steam air finishers,Forenta/Forse,604-AFL,Moisture Barrier,1236,,60 in,Moisture Barrier,false,,
dc-forenta-forse-604-afl-1207-front-clamp-cover-pad,Buckeye Dry Cleaning Pads & Covers 2026,/catalogs/dry-cleaning-catalog.pdf,36,Forenta/Forse covers and pads for steam air finishers,Forenta/Forse,604-AFL,Clamp Cover/Pad,1207,,4 x 27,Front Clamp Cover/Pad,false,,
dc-forenta-forse-60-af-s-1094-steam-air-finisher-cover-short-form-29960,Buckeye Dry Cleaning Pads & Covers 2026,/catalogs/dry-cleaning-catalog.pdf,36,Forenta/Forse covers and pads for steam air finishers,Forenta/Forse,60-AF-S,Steam Air Finisher Cover,1094,,,Steam Air Finisher Cover - Short Form 29960,false,,
dc-forenta-forse-60-af-s-947-netting-overbag,Buckeye Dry Cleaning Pads & Covers 2026,/catalogs/dry-cleaning-catalog.pdf,36,Forenta/Forse covers and pads for steam air finishers,Forenta/Forse,60-AF-S,Netting Overbag,947,,,Netting Overbag,false,,
dc-forenta-forse-60-af-s-908-net-top-cover,Buckeye Dry Cleaning Pads & Covers 2026,/catalogs/dry-cleaning-catalog.pdf,36,Forenta/Forse covers and pads for steam air finishers,Forenta/Forse,60-AF-S,Net Top Cover,908,,56 in,Net Top Cover,false,,
dc-forenta-forse-60-af-s-1236-moisture-barrier,Buckeye Dry Cleaning Pads & Covers 2026,/catalogs/dry-cleaning-catalog.pdf,36,Forenta/Forse covers and pads for steam air finishers,Forenta/Forse,60-AF-S,Moisture Barrier,1236,,,Moisture Barrier,false,,
dc-forenta-forse-60-af-s-1207-front-clamp-cover-pad,Buckeye Dry Cleaning Pads & Covers 2026,/catalogs/dry-cleaning-catalog.pdf,36,Forenta/Forse covers and pads for steam air finishers,Forenta/Forse,60-AF-S,Clamp Cover/Pad,1207,,4 x 27,Front Clamp Cover/Pad,false,,
dc-forenta-forse-603-afs-1094-steam-air-finisher-cover-short-form-29960,Buckeye Dry Cleaning Pads & Covers 2026,/catalogs/dry-cleaning-catalog.pdf,36,Forenta/Forse covers and pads for steam air finishers,Forenta/Forse,603-AFS,Steam Air Finisher Cover,1094,,,Steam Air Finisher Cover - Short Form 29960,false,,
dc-forenta-forse-603-afs-947-netting-overbag,Buckeye Dry Cleaning Pads & Covers 2026,/catalogs/dry-cleaning-catalog.pdf,36,Forenta/Forse covers and pads for steam air finishers,Forenta/Forse,603-AFS,Netting Overbag,947,,,Netting Overbag,false,,
dc-forenta-forse-603-afs-908-net-top-cover,Buckeye Dry Cleaning Pads & Covers 2026,/catalogs/dry-cleaning-catalog.pdf,36,Forenta/Forse covers and pads for steam air finishers,Forenta/Forse,603-AFS,Net Top Cover,908,,56 in,Net Top Cover,false,,
dc-forenta-forse-603-afs-1236-moisture-barrier,Buckeye Dry Cleaning Pads & Covers 2026,/catalogs/dry-cleaning-catalog.pdf,36,Forenta/Forse covers and pads for steam air finishers,Forenta/Forse,603-AFS,Moisture Barrier,1236,,,Moisture Barrier,false,,
dc-forenta-forse-603-afs-1207-front-clamp-cover-pad,Buckeye Dry Cleaning Pads & Covers 2026,/catalogs/dry-cleaning-catalog.pdf,36,Forenta/Forse covers and pads for steam air finishers,Forenta/Forse,603-AFS,Clamp Cover/Pad,1207,,4 x 27,Front Clamp Cover/Pad,false,,
dc-forenta-forse-604-afs-1094-steam-air-finisher-cover-short-form-29960,Buckeye Dry Cleaning Pads & Covers 2026,/catalogs/dry-cleaning-catalog.pdf,36,Forenta/Forse covers and pads for steam air finishers,Forenta/Forse,604-AFS,Steam Air Finisher Cover,1094,,,Steam Air Finisher Cover - Short Form 29960,false,,
dc-forenta-forse-604-afs-947-netting-overbag,Buckeye Dry Cleaning Pads & Covers 2026,/catalogs/dry-cleaning-catalog.pdf,36,Forenta/Forse covers and pads for steam air finishers,Forenta/Forse,604-AFS,Netting Overbag,947,,,Netting Overbag,false,,
dc-forenta-forse-604-afs-908-net-top-cover,Buckeye Dry Cleaning Pads & Covers 2026,/catalogs/dry-cleaning-catalog.pdf,36,Forenta/Forse covers and pads for steam air finishers,Forenta/Forse,604-AFS,Net Top Cover,908,,56 in,Net Top Cover,false,,
dc-forenta-forse-604-afs-1236-moisture-barrier,Buckeye Dry Cleaning Pads & Covers 2026,/catalogs/dry-cleaning-catalog.pdf,36,Forenta/Forse covers and pads for steam air finishers,Forenta/Forse,604-AFS,Moisture Barrier,1236,,,Moisture Barrier,false,,
dc-forenta-forse-604-afs-1207-front-clamp-cover-pad,Buckeye Dry Cleaning Pads & Covers 2026,/catalogs/dry-cleaning-catalog.pdf,36,Forenta/Forse covers and pads for steam air finishers,Forenta/Forse,604-AFS,Clamp Cover/Pad,1207,,4 x 27,Front Clamp Cover/Pad,false,,
dc-forenta-forse-601-sa-1097-steam-air-finisher-cover-28882,Buckeye Dry Cleaning Pads & Covers 2026,/catalogs/dry-cleaning-catalog.pdf,36,Forenta/Forse covers and pads for steam air finishers,Forenta/Forse,601-SA,Steam Air Finisher Cover,1097,,,Steam Air Finisher Cover - 28882,false,,
dc-forenta-forse-601-sa-1207-front-clamp-cover-pad,Buckeye Dry Cleaning Pads & Covers 2026,/catalogs/dry-cleaning-catalog.pdf,36,Forenta/Forse covers and pads for steam air finishers,Forenta/Forse,601-SA,Clamp Cover/Pad,1207,,4 x 27,Front Clamp Cover/Pad,false,,
dc-forenta-forse-601-sa-932-rear-clamp-cover-pad,Buckeye Dry Cleaning Pads & Covers 2026,/catalogs/dry-cleaning-catalog.pdf,36,Forenta/Forse covers and pads for steam air finishers,Forenta/Forse,601-SA,Clamp Cover/Pad,932,,4 x 20 1/2,Rear Clamp Cover/Pad,false,,
dc-forenta-forse-611-lam-1097-steam-air-finisher-cover-28882,Buckeye Dry Cleaning Pads & Covers 2026,/catalogs/dry-cleaning-catalog.pdf,36,Forenta/Forse covers and pads for steam air finishers,Forenta/Forse,611-LAM,Steam Air Finisher Cover,1097,,,Steam Air Finisher Cover - 28882,false,,
dc-forenta-forse-611-lam-1207-front-clamp-cover-pad,Buckeye Dry Cleaning Pads & Covers 2026,/catalogs/dry-cleaning-catalog.pdf,36,Forenta/Forse covers and pads for steam air finishers,Forenta/Forse,611-LAM,Clamp Cover/Pad,1207,,4 x 27,Front Clamp Cover/Pad,false,,
dc-forenta-forse-611-lam-932-rear-clamp-cover-pad,Buckeye Dry Cleaning Pads & Covers 2026,/catalogs/dry-cleaning-catalog.pdf,36,Forenta/Forse covers and pads for steam air finishers,Forenta/Forse,611-LAM,Clamp Cover/Pad,932,,4 x 20 1/2,Rear Clamp Cover/Pad,false,,
dc-forenta-forse-tr-891-2255-shirt-suzie-cover,Buckeye Dry Cleaning Pads & Covers 2026,/catalogs/dry-cleaning-catalog.pdf,36,Forenta/Forse covers and pads for steam air finishers,Forenta/Forse,TR-891,Shirt Suzie Cover,2255,,,Shirt Suzie Cover,false,,
dc-forenta-forse-tr-891-2258-netting-overbag,Buckeye Dry Cleaning Pads & Covers 2026,/catalogs/dry-cleaning-catalog.pdf,36,Forenta/Forse covers and pads for steam air finishers,Forenta/Forse,TR-891,Netting Overbag,2258,,,Netting Overbag,false,,
dc-forenta-forse-tr-891-2257-skirt,Buckeye Dry Cleaning Pads & Covers 2026,/catalogs/dry-cleaning-catalog.pdf,36,Forenta/Forse covers and pads for steam air finishers,Forenta/Forse,TR-891,Skirt,2257,,,Skirt,false,,
dc-forenta-forse-tr-891-2262-clamp-cover-pad-long,Buckeye Dry Cleaning Pads & Covers 2026,/catalogs/dry-cleaning-catalog.pdf,36,Forenta/Forse covers and pads for steam air finishers,Forenta/Forse,TR-891,Clamp Cover/Pad,2262,,,Clamp Cover/Pad - Long,false,,
dc-forenta-forse-tr-891-2264-clamp-cover-pad-short,Buckeye Dry Cleaning Pads & Covers 2026,/catalogs/dry-cleaning-catalog.pdf,36,Forenta/Forse covers and pads for steam air finishers,Forenta/Forse,TR-891,Clamp Cover/Pad,2264,,,Clamp Cover/Pad - Short,false,,
dc-forenta-forse-tr-891-2265-side-clamp-covers,Buckeye Dry Cleaning Pads & Covers 2026,/catalogs/dry-cleaning-catalog.pdf,36,Forenta/Forse covers and pads for steam air finishers,Forenta/Forse,TR-891,Side Clamp Covers,2265,,,Side Clamp Covers,false,2 required,
dc-hi-steam-sam-451-1995-cover-w-skirt,Buckeye Dry Cleaning Pads & Covers 2026,/catalogs/dry-cleaning-catalog.pdf,38,Hi-Steam tensioning equipment,Hi-Steam,SAM-451,Cover,1995,,,Cover w/skirt,false,,Hi-Steam tensioning equipment table; verify.
dc-hi-steam-2012-1997-32-in-clamp-cover-pad,Buckeye Dry Cleaning Pads & Covers 2026,/catalogs/dry-cleaning-catalog.pdf,38,Hi-Steam tensioning equipment,Hi-Steam,2012,Clamp Cover/Pad,1997,,,32 in Clamp Cover/Pad,false,,Hi-Steam tensioning equipment table; verify.
dc-hi-steam-2012-1999-28-in-clamp-cover-pad,Buckeye Dry Cleaning Pads & Covers 2026,/catalogs/dry-cleaning-catalog.pdf,38,Hi-Steam tensioning equipment,Hi-Steam,2012,Clamp Cover/Pad,1999,,,28 in Clamp Cover/Pad,false,,Hi-Steam tensioning equipment table; verify.
dc-hi-steam-2012-2008-41-in-clamp-cover-pad,Buckeye Dry Cleaning Pads & Covers 2026,/catalogs/dry-cleaning-catalog.pdf,38,Hi-Steam tensioning equipment,Hi-Steam,2012,Clamp Cover/Pad,2008,,,41 in Clamp Cover/Pad,false,,Hi-Steam tensioning equipment table; verify.
dc-hi-steam-2012-set-2035-cuff-clamp-foam-cylinder-shaped-pads,Buckeye Dry Cleaning Pads & Covers 2026,/catalogs/dry-cleaning-catalog.pdf,38,Hi-Steam tensioning equipment,Hi-Steam,2012,Foam Pads,SET 2035,,,Cuff Clamp - Foam Cylinder Shaped Pads,false,Set of 4,Hi-Steam tensioning equipment table; verify.
dc-hi-steam-2012-2038-collar-support-cover,Buckeye Dry Cleaning Pads & Covers 2026,/catalogs/dry-cleaning-catalog.pdf,38,Hi-Steam tensioning equipment,Hi-Steam,2012,Cover,2038,,,Collar Support Cover,false,,Hi-Steam tensioning equipment table; verify.
dc-hi-steam-2012-wa-2118-side-clamp-cover-fixed,Buckeye Dry Cleaning Pads & Covers 2026,/catalogs/dry-cleaning-catalog.pdf,38,Hi-Steam tensioning equipment,Hi-Steam,2012,Clamp Cover,WA-2118,,,Side Clamp Cover - Fixed,false,2 required,Hi-Steam tensioning equipment table; verify.
dc-hi-steam-2012-wafm-2152-side-clamp-cover-w-foam-mobile,Buckeye Dry Cleaning Pads & Covers 2026,/catalogs/dry-cleaning-catalog.pdf,38,Hi-Steam tensioning equipment,Hi-Steam,2012,Clamp Cover,WAFM-2152,,,Side Clamp Cover w/Foam - Mobile,false,2 required,Hi-Steam tensioning equipment table; verify.
dc-hi-steam-2012-wafm-2153-rear-clamp-cover-w-foam-mobile,Buckeye Dry Cleaning Pads & Covers 2026,/catalogs/dry-cleaning-catalog.pdf,38,Hi-Steam tensioning equipment,Hi-Steam,2012,Clamp Cover,WAFM-2153,,,Rear Clamp Cover w/Foam - Mobile,false,,Hi-Steam tensioning equipment table; verify.
dc-hi-steam-2012-wa-2171-rear-clamp-cover-fixed,Buckeye Dry Cleaning Pads & Covers 2026,/catalogs/dry-cleaning-catalog.pdf,38,Hi-Steam tensioning equipment,Hi-Steam,2012,Clamp Cover,WA-2171,,,Rear Clamp Cover - Fixed,false,,Hi-Steam tensioning equipment table; verify.
dc-hi-steam-2012-set-2172-silicone-pad-for-cuff-clamp-stopper,Buckeye Dry Cleaning Pads & Covers 2026,/catalogs/dry-cleaning-catalog.pdf,38,Hi-Steam tensioning equipment,Hi-Steam,2012,Silicone Pad,SET 2172,,,Silicone Pad for Cuff Clamp Stopper,false,Set of 2,Hi-Steam tensioning equipment table; verify.
dc-hi-steam-2012-bs-2215-1-4-in-silicone-clamp-pad-wires-to-cuff-clamp,Buckeye Dry Cleaning Pads & Covers 2026,/catalogs/dry-cleaning-catalog.pdf,38,Hi-Steam tensioning equipment,Hi-Steam,2012,Silicone Pad,BS-2215,,,1/4 in Silicone Clamp Pad - wires to Cuff Clamp,false,4 required,Hi-Steam tensioning equipment table; verify.
dc-hi-steam-jam-510-jaz-482-pk-2080-shoulder-buck-cover,Buckeye Dry Cleaning Pads & Covers 2026,/catalogs/dry-cleaning-catalog.pdf,38,Hi-Steam tensioning equipment,Hi-Steam,JAM-510 / JAZ-482,Buck Cover,PK-2080,,,Shoulder Buck Cover,false,,Hi-Steam tensioning equipment table; verify.
dc-hi-steam-jam-510-jaz-482-2082-front-lapel-clamp-cover,Buckeye Dry Cleaning Pads & Covers 2026,/catalogs/dry-cleaning-catalog.pdf,38,Hi-Steam tensioning equipment,Hi-Steam,JAM-510 / JAZ-482,Clamp Cover,2082,,,Front Lapel Clamp Cover,false,,Hi-Steam tensioning equipment table; verify.
dc-hi-steam-jam-510-jaz-482-2084-extension-bag-lower-body,Buckeye Dry Cleaning Pads & Covers 2026,/catalogs/dry-cleaning-catalog.pdf,38,Hi-Steam tensioning equipment,Hi-Steam,JAM-510 / JAZ-482,Extension Bag,2084,,,Extension Bag - Lower Body,false,,Hi-Steam tensioning equipment table; verify.
dc-hi-steam-jam-510-jaz-482-2086-front-and-rear-clamp-cover,Buckeye Dry Cleaning Pads & Covers 2026,/catalogs/dry-cleaning-catalog.pdf,38,Hi-Steam tensioning equipment,Hi-Steam,JAM-510 / JAZ-482,Clamp Cover,2086,,,Front and Rear Clamp Cover,false,2 required,Hi-Steam tensioning equipment table; verify.
dc-hi-steam-jam-510-jaz-482-2565-cover,Buckeye Dry Cleaning Pads & Covers 2026,/catalogs/dry-cleaning-catalog.pdf,38,Hi-Steam tensioning equipment,Hi-Steam,JAM-510 / JAZ-482,Cover,2565,,,Cover,false,,Hi-Steam tensioning equipment table; verify.
dc-hi-steam-turbo-483-fb-2563-30-oz-flannel-pad,Buckeye Dry Cleaning Pads & Covers 2026,/catalogs/dry-cleaning-catalog.pdf,38,Hi-Steam tensioning equipment,Hi-Steam,TURBO 483,Pad,FB-2563,,,30 oz. Flannel Pad,false,,Hi-Steam tensioning equipment table; verify.
dc-hi-steam-turbo-483-pkfb-1102-rear-clamp-cover-pad,Buckeye Dry Cleaning Pads & Covers 2026,/catalogs/dry-cleaning-catalog.pdf,38,Hi-Steam tensioning equipment,Hi-Steam,TURBO 483,Cover/Pad,PKFB-1102,,,Rear Clamp Cover/Pad,false,,Hi-Steam tensioning equipment table; verify.
dc-hi-steam-turbo-483-wa-1104-side-clamp-cover,Buckeye Dry Cleaning Pads & Covers 2026,/catalogs/dry-cleaning-catalog.pdf,38,Hi-Steam tensioning equipment,Hi-Steam,TURBO 483,Clamp Cover,WA-1104,,,Side Clamp Cover,false,Requires 2,Hi-Steam tensioning equipment table; verify.
dc-hi-steam-turbo-483-wafb-1101-clamp-cover-pad,Buckeye Dry Cleaning Pads & Covers 2026,/catalogs/dry-cleaning-catalog.pdf,38,Hi-Steam tensioning equipment,Hi-Steam,TURBO 483,Clamp Cover/Pad,WAFB-1101,,,Clamp Cover/Pad,false,Requires 2,Hi-Steam tensioning equipment table; verify.
dc-hi-steam-turbo-483-waju-2622-front-clamp-cover-pad,Buckeye Dry Cleaning Pads & Covers 2026,/catalogs/dry-cleaning-catalog.pdf,38,Hi-Steam tensioning equipment,Hi-Steam,TURBO 483,Clamp Cover/Pad,WAJU-2622,,,Front Clamp Cover/Pad,false,,Hi-Steam tensioning equipment table; verify.
dc-hi-steam-turbo-483-2624-long-sleeve-silicon-pad-cuff-clamp-stopper,Buckeye Dry Cleaning Pads & Covers 2026,/catalogs/dry-cleaning-catalog.pdf,38,Hi-Steam tensioning equipment,Hi-Steam,TURBO 483,Silicone Pad,2624,,,Long Sleeve Silicon Pad Cuff Clamp Stopper,false,Requires 2,Hi-Steam tensioning equipment table; verify.
dc-hi-steam-turbo-483-wk-2626-short-sleeve-cuff-cover,Buckeye Dry Cleaning Pads & Covers 2026,/catalogs/dry-cleaning-catalog.pdf,38,Hi-Steam tensioning equipment,Hi-Steam,TURBO 483,Cuff Cover,WK-2626,,,Short Sleeve Cuff Cover,false,Requires 4,Hi-Steam tensioning equipment table; verify.
dc-hi-steam-turbo-483-wk-2628-top-holder-clamp-cover,Buckeye Dry Cleaning Pads & Covers 2026,/catalogs/dry-cleaning-catalog.pdf,38,Hi-Steam tensioning equipment,Hi-Steam,TURBO 483,Clamp Cover,WK-2628,,,Top Holder Clamp Cover,false,Requires 2,Hi-Steam tensioning equipment table; verify.
dc-hi-steam-turbo-483-wk-2564-rear-clamp-cover-w-sensor,Buckeye Dry Cleaning Pads & Covers 2026,/catalogs/dry-cleaning-catalog.pdf,38,Hi-Steam tensioning equipment,Hi-Steam,TURBO 483,Clamp Cover,WK-2564,,,Rear Clamp Cover w/Sensor,false,,Hi-Steam tensioning equipment table; verify.
dc-hoffman-ny-rheem-m-1-pro-818,Buckeye Dry Cleaning Pads & Covers 2026,/catalogs/dry-cleaning-catalog.pdf,40,Hoffman/New Yorker/Rheem buck pads and head plates,Hoffman/New Yorker/Rheem,M-1,Pad/Cover,PRO-818,Tan Pro-Finish 861,18 x 8 1/2,Mushroom,true,,HSFB-1948 heat resistant metal base insulation cover/pad available for some models. Grouped Hoffman/New Yorker/Rheem catalog table row.
dc-hoffman-ny-rheem-m-1-rpro-818,Buckeye Dry Cleaning Pads & Covers 2026,/catalogs/dry-cleaning-catalog.pdf,40,Hoffman/New Yorker/Rheem buck pads and head plates,Hoffman/New Yorker/Rheem,M-1,Pad/Cover,RPRO-818,Red Pro-Finish 861,18 x 8 1/2,Mushroom,true,,HSFB-1948 heat resistant metal base insulation cover/pad available for some models. Grouped Hoffman/New Yorker/Rheem catalog table row.
dc-hoffman-ny-rheem-m-1-mfhp-3,Buckeye Dry Cleaning Pads & Covers 2026,/catalogs/dry-cleaning-catalog.pdf,40,Hoffman/New Yorker/Rheem buck pads and head plates,Hoffman/New Yorker/Rheem,M-1,Head Plate,MFHP-3,White Master Finish,18 x 8 1/2,Mushroom,true,,HSFB-1948 heat resistant metal base insulation cover/pad available for some models. Grouped Hoffman/New Yorker/Rheem catalog table row.
dc-hoffman-ny-rheem-m-1-bmfhp-3,Buckeye Dry Cleaning Pads & Covers 2026,/catalogs/dry-cleaning-catalog.pdf,40,Hoffman/New Yorker/Rheem buck pads and head plates,Hoffman/New Yorker/Rheem,M-1,Head Plate,BMFHP-3,Black Master Finish,18 x 8 1/2,Mushroom,true,,HSFB-1948 heat resistant metal base insulation cover/pad available for some models. Grouped Hoffman/New Yorker/Rheem catalog table row.
dc-hoffman-ny-rheem-m-1-tgp-3,Buckeye Dry Cleaning Pads & Covers 2026,/catalogs/dry-cleaning-catalog.pdf,40,Hoffman/New Yorker/Rheem buck pads and head plates,Hoffman/New Yorker/Rheem,M-1,Teflon Grid Plate,TGP-3,Teflon Grid Plate,18 x 8 1/2,Mushroom,true,,HSFB-1948 heat resistant metal base insulation cover/pad available for some models. Grouped Hoffman/New Yorker/Rheem catalog table row.
dc-hoffman-ny-rheem-w-1-pro-818,Buckeye Dry Cleaning Pads & Covers 2026,/catalogs/dry-cleaning-catalog.pdf,40,Hoffman/New Yorker/Rheem buck pads and head plates,Hoffman/New Yorker/Rheem,W-1,Pad/Cover,PRO-818,Tan Pro-Finish 861,18 x 8 1/2,Mushroom,true,,HSFB-1948 heat resistant metal base insulation cover/pad available for some models. Grouped Hoffman/New Yorker/Rheem catalog table row.
dc-hoffman-ny-rheem-w-1-rpro-818,Buckeye Dry Cleaning Pads & Covers 2026,/catalogs/dry-cleaning-catalog.pdf,40,Hoffman/New Yorker/Rheem buck pads and head plates,Hoffman/New Yorker/Rheem,W-1,Pad/Cover,RPRO-818,Red Pro-Finish 861,18 x 8 1/2,Mushroom,true,,HSFB-1948 heat resistant metal base insulation cover/pad available for some models. Grouped Hoffman/New Yorker/Rheem catalog table row.
dc-hoffman-ny-rheem-w-1-mfhp-3,Buckeye Dry Cleaning Pads & Covers 2026,/catalogs/dry-cleaning-catalog.pdf,40,Hoffman/New Yorker/Rheem buck pads and head plates,Hoffman/New Yorker/Rheem,W-1,Head Plate,MFHP-3,White Master Finish,18 x 8 1/2,Mushroom,true,,HSFB-1948 heat resistant metal base insulation cover/pad available for some models. Grouped Hoffman/New Yorker/Rheem catalog table row.
dc-hoffman-ny-rheem-w-1-bmfhp-3,Buckeye Dry Cleaning Pads & Covers 2026,/catalogs/dry-cleaning-catalog.pdf,40,Hoffman/New Yorker/Rheem buck pads and head plates,Hoffman/New Yorker/Rheem,W-1,Head Plate,BMFHP-3,Black Master Finish,18 x 8 1/2,Mushroom,true,,HSFB-1948 heat resistant metal base insulation cover/pad available for some models. Grouped Hoffman/New Yorker/Rheem catalog table row.
dc-hoffman-ny-rheem-w-1-tgp-3,Buckeye Dry Cleaning Pads & Covers 2026,/catalogs/dry-cleaning-catalog.pdf,40,Hoffman/New Yorker/Rheem buck pads and head plates,Hoffman/New Yorker/Rheem,W-1,Teflon Grid Plate,TGP-3,Teflon Grid Plate,18 x 8 1/2,Mushroom,true,,HSFB-1948 heat resistant metal base insulation cover/pad available for some models. Grouped Hoffman/New Yorker/Rheem catalog table row.
dc-hoffman-ny-rheem-w-2-pro-818,Buckeye Dry Cleaning Pads & Covers 2026,/catalogs/dry-cleaning-catalog.pdf,40,Hoffman/New Yorker/Rheem buck pads and head plates,Hoffman/New Yorker/Rheem,W-2,Pad/Cover,PRO-818,Tan Pro-Finish 861,18 x 8 1/2,Mushroom,true,,HSFB-1948 heat resistant metal base insulation cover/pad available for some models. Grouped Hoffman/New Yorker/Rheem catalog table row.
dc-hoffman-ny-rheem-w-2-rpro-818,Buckeye Dry Cleaning Pads & Covers 2026,/catalogs/dry-cleaning-catalog.pdf,40,Hoffman/New Yorker/Rheem buck pads and head plates,Hoffman/New Yorker/Rheem,W-2,Pad/Cover,RPRO-818,Red Pro-Finish 861,18 x 8 1/2,Mushroom,true,,HSFB-1948 heat resistant metal base insulation cover/pad available for some models. Grouped Hoffman/New Yorker/Rheem catalog table row.
dc-hoffman-ny-rheem-w-2-mfhp-3,Buckeye Dry Cleaning Pads & Covers 2026,/catalogs/dry-cleaning-catalog.pdf,40,Hoffman/New Yorker/Rheem buck pads and head plates,Hoffman/New Yorker/Rheem,W-2,Head Plate,MFHP-3,White Master Finish,18 x 8 1/2,Mushroom,true,,HSFB-1948 heat resistant metal base insulation cover/pad available for some models. Grouped Hoffman/New Yorker/Rheem catalog table row.
dc-hoffman-ny-rheem-w-2-bmfhp-3,Buckeye Dry Cleaning Pads & Covers 2026,/catalogs/dry-cleaning-catalog.pdf,40,Hoffman/New Yorker/Rheem buck pads and head plates,Hoffman/New Yorker/Rheem,W-2,Head Plate,BMFHP-3,Black Master Finish,18 x 8 1/2,Mushroom,true,,HSFB-1948 heat resistant metal base insulation cover/pad available for some models. Grouped Hoffman/New Yorker/Rheem catalog table row.
dc-hoffman-ny-rheem-w-2-tgp-3,Buckeye Dry Cleaning Pads & Covers 2026,/catalogs/dry-cleaning-catalog.pdf,40,Hoffman/New Yorker/Rheem buck pads and head plates,Hoffman/New Yorker/Rheem,W-2,Teflon Grid Plate,TGP-3,Teflon Grid Plate,18 x 8 1/2,Mushroom,true,,HSFB-1948 heat resistant metal base insulation cover/pad available for some models. Grouped Hoffman/New Yorker/Rheem catalog table row.
dc-hoffman-ny-rheem-w-12-pro-818,Buckeye Dry Cleaning Pads & Covers 2026,/catalogs/dry-cleaning-catalog.pdf,40,Hoffman/New Yorker/Rheem buck pads and head plates,Hoffman/New Yorker/Rheem,W-12,Pad/Cover,PRO-818,Tan Pro-Finish 861,18 x 8 1/2,Mushroom,true,,HSFB-1948 heat resistant metal base insulation cover/pad available for some models. Grouped Hoffman/New Yorker/Rheem catalog table row.
dc-hoffman-ny-rheem-w-12-rpro-818,Buckeye Dry Cleaning Pads & Covers 2026,/catalogs/dry-cleaning-catalog.pdf,40,Hoffman/New Yorker/Rheem buck pads and head plates,Hoffman/New Yorker/Rheem,W-12,Pad/Cover,RPRO-818,Red Pro-Finish 861,18 x 8 1/2,Mushroom,true,,HSFB-1948 heat resistant metal base insulation cover/pad available for some models. Grouped Hoffman/New Yorker/Rheem catalog table row.
dc-hoffman-ny-rheem-w-12-mfhp-3,Buckeye Dry Cleaning Pads & Covers 2026,/catalogs/dry-cleaning-catalog.pdf,40,Hoffman/New Yorker/Rheem buck pads and head plates,Hoffman/New Yorker/Rheem,W-12,Head Plate,MFHP-3,White Master Finish,18 x 8 1/2,Mushroom,true,,HSFB-1948 heat resistant metal base insulation cover/pad available for some models. Grouped Hoffman/New Yorker/Rheem catalog table row.
dc-hoffman-ny-rheem-w-12-bmfhp-3,Buckeye Dry Cleaning Pads & Covers 2026,/catalogs/dry-cleaning-catalog.pdf,40,Hoffman/New Yorker/Rheem buck pads and head plates,Hoffman/New Yorker/Rheem,W-12,Head Plate,BMFHP-3,Black Master Finish,18 x 8 1/2,Mushroom,true,,HSFB-1948 heat resistant metal base insulation cover/pad available for some models. Grouped Hoffman/New Yorker/Rheem catalog table row.
dc-hoffman-ny-rheem-w-12-tgp-3,Buckeye Dry Cleaning Pads & Covers 2026,/catalogs/dry-cleaning-catalog.pdf,40,Hoffman/New Yorker/Rheem buck pads and head plates,Hoffman/New Yorker/Rheem,W-12,Teflon Grid Plate,TGP-3,Teflon Grid Plate,18 x 8 1/2,Mushroom,true,,HSFB-1948 heat resistant metal base insulation cover/pad available for some models. Grouped Hoffman/New Yorker/Rheem catalog table row.
dc-hoffman-ny-rheem-cf-2-pro-851,Buckeye Dry Cleaning Pads & Covers 2026,/catalogs/dry-cleaning-catalog.pdf,40,Hoffman/New Yorker/Rheem buck pads and head plates,Hoffman/New Yorker/Rheem,CF-2,Pad/Cover,PRO-851,Tan Pro-Finish 861,51 x 14 1/2 x 12 1/2,Utility,true,,Grouped Hoffman/New Yorker/Rheem catalog table row.
dc-hoffman-ny-rheem-cf-2-rpro-851,Buckeye Dry Cleaning Pads & Covers 2026,/catalogs/dry-cleaning-catalog.pdf,40,Hoffman/New Yorker/Rheem buck pads and head plates,Hoffman/New Yorker/Rheem,CF-2,Pad/Cover,RPRO-851,Red Pro-Finish 861,51 x 14 1/2 x 12 1/2,Utility,true,,Grouped Hoffman/New Yorker/Rheem catalog table row.
dc-hoffman-ny-rheem-cf-2-mfhp-56,Buckeye Dry Cleaning Pads & Covers 2026,/catalogs/dry-cleaning-catalog.pdf,40,Hoffman/New Yorker/Rheem buck pads and head plates,Hoffman/New Yorker/Rheem,CF-2,Head Plate,MFHP-56,White Master Finish,51 x 14 1/2 x 12 1/2,Utility,true,,Grouped Hoffman/New Yorker/Rheem catalog table row.
dc-hoffman-ny-rheem-cf-2-bmfhp-56,Buckeye Dry Cleaning Pads & Covers 2026,/catalogs/dry-cleaning-catalog.pdf,40,Hoffman/New Yorker/Rheem buck pads and head plates,Hoffman/New Yorker/Rheem,CF-2,Head Plate,BMFHP-56,Black Master Finish,51 x 14 1/2 x 12 1/2,Utility,true,,Grouped Hoffman/New Yorker/Rheem catalog table row.
dc-hoffman-ny-rheem-cf-2-tgp-56,Buckeye Dry Cleaning Pads & Covers 2026,/catalogs/dry-cleaning-catalog.pdf,40,Hoffman/New Yorker/Rheem buck pads and head plates,Hoffman/New Yorker/Rheem,CF-2,Teflon Grid Plate,TGP-56,Teflon Grid Plate,51 x 14 1/2 x 12 1/2,Utility,true,,Grouped Hoffman/New Yorker/Rheem catalog table row.
dc-hoffman-ny-rheem-co-2-pro-851,Buckeye Dry Cleaning Pads & Covers 2026,/catalogs/dry-cleaning-catalog.pdf,40,Hoffman/New Yorker/Rheem buck pads and head plates,Hoffman/New Yorker/Rheem,CO-2,Pad/Cover,PRO-851,Tan Pro-Finish 861,51 x 14 1/2 x 12 1/2,Utility,true,,Grouped Hoffman/New Yorker/Rheem catalog table row.
dc-hoffman-ny-rheem-co-2-rpro-851,Buckeye Dry Cleaning Pads & Covers 2026,/catalogs/dry-cleaning-catalog.pdf,40,Hoffman/New Yorker/Rheem buck pads and head plates,Hoffman/New Yorker/Rheem,CO-2,Pad/Cover,RPRO-851,Red Pro-Finish 861,51 x 14 1/2 x 12 1/2,Utility,true,,Grouped Hoffman/New Yorker/Rheem catalog table row.
dc-hoffman-ny-rheem-co-2-mfhp-56,Buckeye Dry Cleaning Pads & Covers 2026,/catalogs/dry-cleaning-catalog.pdf,40,Hoffman/New Yorker/Rheem buck pads and head plates,Hoffman/New Yorker/Rheem,CO-2,Head Plate,MFHP-56,White Master Finish,51 x 14 1/2 x 12 1/2,Utility,true,,Grouped Hoffman/New Yorker/Rheem catalog table row.
dc-hoffman-ny-rheem-co-2-bmfhp-56,Buckeye Dry Cleaning Pads & Covers 2026,/catalogs/dry-cleaning-catalog.pdf,40,Hoffman/New Yorker/Rheem buck pads and head plates,Hoffman/New Yorker/Rheem,CO-2,Head Plate,BMFHP-56,Black Master Finish,51 x 14 1/2 x 12 1/2,Utility,true,,Grouped Hoffman/New Yorker/Rheem catalog table row.
dc-hoffman-ny-rheem-co-2-tgp-56,Buckeye Dry Cleaning Pads & Covers 2026,/catalogs/dry-cleaning-catalog.pdf,40,Hoffman/New Yorker/Rheem buck pads and head plates,Hoffman/New Yorker/Rheem,CO-2,Teflon Grid Plate,TGP-56,Teflon Grid Plate,51 x 14 1/2 x 12 1/2,Utility,true,,Grouped Hoffman/New Yorker/Rheem catalog table row.
dc-hoffman-ny-rheem-cf-4-pro-851,Buckeye Dry Cleaning Pads & Covers 2026,/catalogs/dry-cleaning-catalog.pdf,40,Hoffman/New Yorker/Rheem buck pads and head plates,Hoffman/New Yorker/Rheem,CF-4,Pad/Cover,PRO-851,Tan Pro-Finish 861,51 x 14 1/2 x 12 1/2,Utility,true,,Grouped Hoffman/New Yorker/Rheem catalog table row.
dc-hoffman-ny-rheem-cf-4-rpro-851,Buckeye Dry Cleaning Pads & Covers 2026,/catalogs/dry-cleaning-catalog.pdf,40,Hoffman/New Yorker/Rheem buck pads and head plates,Hoffman/New Yorker/Rheem,CF-4,Pad/Cover,RPRO-851,Red Pro-Finish 861,51 x 14 1/2 x 12 1/2,Utility,true,,Grouped Hoffman/New Yorker/Rheem catalog table row.
dc-hoffman-ny-rheem-cf-4-mfhp-56,Buckeye Dry Cleaning Pads & Covers 2026,/catalogs/dry-cleaning-catalog.pdf,40,Hoffman/New Yorker/Rheem buck pads and head plates,Hoffman/New Yorker/Rheem,CF-4,Head Plate,MFHP-56,White Master Finish,51 x 14 1/2 x 12 1/2,Utility,true,,Grouped Hoffman/New Yorker/Rheem catalog table row.
dc-hoffman-ny-rheem-cf-4-bmfhp-56,Buckeye Dry Cleaning Pads & Covers 2026,/catalogs/dry-cleaning-catalog.pdf,40,Hoffman/New Yorker/Rheem buck pads and head plates,Hoffman/New Yorker/Rheem,CF-4,Head Plate,BMFHP-56,Black Master Finish,51 x 14 1/2 x 12 1/2,Utility,true,,Grouped Hoffman/New Yorker/Rheem catalog table row.
dc-hoffman-ny-rheem-cf-4-tgp-56,Buckeye Dry Cleaning Pads & Covers 2026,/catalogs/dry-cleaning-catalog.pdf,40,Hoffman/New Yorker/Rheem buck pads and head plates,Hoffman/New Yorker/Rheem,CF-4,Teflon Grid Plate,TGP-56,Teflon Grid Plate,51 x 14 1/2 x 12 1/2,Utility,true,,Grouped Hoffman/New Yorker/Rheem catalog table row.
dc-hoffman-ny-rheem-co-4-pro-851,Buckeye Dry Cleaning Pads & Covers 2026,/catalogs/dry-cleaning-catalog.pdf,40,Hoffman/New Yorker/Rheem buck pads and head plates,Hoffman/New Yorker/Rheem,CO-4,Pad/Cover,PRO-851,Tan Pro-Finish 861,51 x 14 1/2 x 12 1/2,Utility,true,,Grouped Hoffman/New Yorker/Rheem catalog table row.
dc-hoffman-ny-rheem-co-4-rpro-851,Buckeye Dry Cleaning Pads & Covers 2026,/catalogs/dry-cleaning-catalog.pdf,40,Hoffman/New Yorker/Rheem buck pads and head plates,Hoffman/New Yorker/Rheem,CO-4,Pad/Cover,RPRO-851,Red Pro-Finish 861,51 x 14 1/2 x 12 1/2,Utility,true,,Grouped Hoffman/New Yorker/Rheem catalog table row.
dc-hoffman-ny-rheem-co-4-mfhp-56,Buckeye Dry Cleaning Pads & Covers 2026,/catalogs/dry-cleaning-catalog.pdf,40,Hoffman/New Yorker/Rheem buck pads and head plates,Hoffman/New Yorker/Rheem,CO-4,Head Plate,MFHP-56,White Master Finish,51 x 14 1/2 x 12 1/2,Utility,true,,Grouped Hoffman/New Yorker/Rheem catalog table row.
dc-hoffman-ny-rheem-co-4-bmfhp-56,Buckeye Dry Cleaning Pads & Covers 2026,/catalogs/dry-cleaning-catalog.pdf,40,Hoffman/New Yorker/Rheem buck pads and head plates,Hoffman/New Yorker/Rheem,CO-4,Head Plate,BMFHP-56,Black Master Finish,51 x 14 1/2 x 12 1/2,Utility,true,,Grouped Hoffman/New Yorker/Rheem catalog table row.
dc-hoffman-ny-rheem-co-4-tgp-56,Buckeye Dry Cleaning Pads & Covers 2026,/catalogs/dry-cleaning-catalog.pdf,40,Hoffman/New Yorker/Rheem buck pads and head plates,Hoffman/New Yorker/Rheem,CO-4,Teflon Grid Plate,TGP-56,Teflon Grid Plate,51 x 14 1/2 x 12 1/2,Utility,true,,Grouped Hoffman/New Yorker/Rheem catalog table row.
dc-hoffman-ny-rheem-asf-4-pro-848,Buckeye Dry Cleaning Pads & Covers 2026,/catalogs/dry-cleaning-catalog.pdf,40,Hoffman/New Yorker/Rheem buck pads and head plates,Hoffman/New Yorker/Rheem,ASF-4,Pad/Cover,PRO-848,Tan Pro-Finish 861,48 x 19 1/2 x 12 1/2,Legger w/cut-out,true,,Grouped Hoffman/New Yorker/Rheem catalog table row.
dc-hoffman-ny-rheem-asf-4-rpro-848,Buckeye Dry Cleaning Pads & Covers 2026,/catalogs/dry-cleaning-catalog.pdf,40,Hoffman/New Yorker/Rheem buck pads and head plates,Hoffman/New Yorker/Rheem,ASF-4,Pad/Cover,RPRO-848,Red Pro-Finish 861,48 x 19 1/2 x 12 1/2,Legger w/cut-out,true,,Grouped Hoffman/New Yorker/Rheem catalog table row.
dc-hoffman-ny-rheem-asf-4-mfhp-64,Buckeye Dry Cleaning Pads & Covers 2026,/catalogs/dry-cleaning-catalog.pdf,40,Hoffman/New Yorker/Rheem buck pads and head plates,Hoffman/New Yorker/Rheem,ASF-4,Head Plate,MFHP-64,White Master Finish,48 x 19 1/2 x 12 1/2,Legger w/cut-out,true,,Grouped Hoffman/New Yorker/Rheem catalog table row.
dc-hoffman-ny-rheem-asf-4-bmfhp-64,Buckeye Dry Cleaning Pads & Covers 2026,/catalogs/dry-cleaning-catalog.pdf,40,Hoffman/New Yorker/Rheem buck pads and head plates,Hoffman/New Yorker/Rheem,ASF-4,Head Plate,BMFHP-64,Black Master Finish,48 x 19 1/2 x 12 1/2,Legger w/cut-out,true,,Grouped Hoffman/New Yorker/Rheem catalog table row.
dc-hoffman-ny-rheem-asf-4-tgp-64,Buckeye Dry Cleaning Pads & Covers 2026,/catalogs/dry-cleaning-catalog.pdf,40,Hoffman/New Yorker/Rheem buck pads and head plates,Hoffman/New Yorker/Rheem,ASF-4,Teflon Grid Plate,TGP-64,Teflon Grid Plate,48 x 19 1/2 x 12 1/2,Legger w/cut-out,true,,Grouped Hoffman/New Yorker/Rheem catalog table row.
dc-hoffman-ny-rheem-e-4-pro-848,Buckeye Dry Cleaning Pads & Covers 2026,/catalogs/dry-cleaning-catalog.pdf,40,Hoffman/New Yorker/Rheem buck pads and head plates,Hoffman/New Yorker/Rheem,E-4,Pad/Cover,PRO-848,Tan Pro-Finish 861,48 x 19 1/2 x 12 1/2,Legger w/cut-out,true,,Grouped Hoffman/New Yorker/Rheem catalog table row.
dc-hoffman-ny-rheem-e-4-rpro-848,Buckeye Dry Cleaning Pads & Covers 2026,/catalogs/dry-cleaning-catalog.pdf,40,Hoffman/New Yorker/Rheem buck pads and head plates,Hoffman/New Yorker/Rheem,E-4,Pad/Cover,RPRO-848,Red Pro-Finish 861,48 x 19 1/2 x 12 1/2,Legger w/cut-out,true,,Grouped Hoffman/New Yorker/Rheem catalog table row.
dc-hoffman-ny-rheem-e-4-mfhp-64,Buckeye Dry Cleaning Pads & Covers 2026,/catalogs/dry-cleaning-catalog.pdf,40,Hoffman/New Yorker/Rheem buck pads and head plates,Hoffman/New Yorker/Rheem,E-4,Head Plate,MFHP-64,White Master Finish,48 x 19 1/2 x 12 1/2,Legger w/cut-out,true,,Grouped Hoffman/New Yorker/Rheem catalog table row.
dc-hoffman-ny-rheem-e-4-bmfhp-64,Buckeye Dry Cleaning Pads & Covers 2026,/catalogs/dry-cleaning-catalog.pdf,40,Hoffman/New Yorker/Rheem buck pads and head plates,Hoffman/New Yorker/Rheem,E-4,Head Plate,BMFHP-64,Black Master Finish,48 x 19 1/2 x 12 1/2,Legger w/cut-out,true,,Grouped Hoffman/New Yorker/Rheem catalog table row.
dc-hoffman-ny-rheem-e-4-tgp-64,Buckeye Dry Cleaning Pads & Covers 2026,/catalogs/dry-cleaning-catalog.pdf,40,Hoffman/New Yorker/Rheem buck pads and head plates,Hoffman/New Yorker/Rheem,E-4,Teflon Grid Plate,TGP-64,Teflon Grid Plate,48 x 19 1/2 x 12 1/2,Legger w/cut-out,true,,Grouped Hoffman/New Yorker/Rheem catalog table row.
dc-hoffman-ny-rheem-fxl-4-pro-848,Buckeye Dry Cleaning Pads & Covers 2026,/catalogs/dry-cleaning-catalog.pdf,40,Hoffman/New Yorker/Rheem buck pads and head plates,Hoffman/New Yorker/Rheem,FXL-4,Pad/Cover,PRO-848,Tan Pro-Finish 861,48 x 19 1/2 x 12 1/2,Legger w/cut-out,true,,Grouped Hoffman/New Yorker/Rheem catalog table row.
dc-hoffman-ny-rheem-fxl-4-rpro-848,Buckeye Dry Cleaning Pads & Covers 2026,/catalogs/dry-cleaning-catalog.pdf,40,Hoffman/New Yorker/Rheem buck pads and head plates,Hoffman/New Yorker/Rheem,FXL-4,Pad/Cover,RPRO-848,Red Pro-Finish 861,48 x 19 1/2 x 12 1/2,Legger w/cut-out,true,,Grouped Hoffman/New Yorker/Rheem catalog table row.
dc-hoffman-ny-rheem-fxl-4-mfhp-64,Buckeye Dry Cleaning Pads & Covers 2026,/catalogs/dry-cleaning-catalog.pdf,40,Hoffman/New Yorker/Rheem buck pads and head plates,Hoffman/New Yorker/Rheem,FXL-4,Head Plate,MFHP-64,White Master Finish,48 x 19 1/2 x 12 1/2,Legger w/cut-out,true,,Grouped Hoffman/New Yorker/Rheem catalog table row.
dc-hoffman-ny-rheem-fxl-4-bmfhp-64,Buckeye Dry Cleaning Pads & Covers 2026,/catalogs/dry-cleaning-catalog.pdf,40,Hoffman/New Yorker/Rheem buck pads and head plates,Hoffman/New Yorker/Rheem,FXL-4,Head Plate,BMFHP-64,Black Master Finish,48 x 19 1/2 x 12 1/2,Legger w/cut-out,true,,Grouped Hoffman/New Yorker/Rheem catalog table row.
dc-hoffman-ny-rheem-fxl-4-tgp-64,Buckeye Dry Cleaning Pads & Covers 2026,/catalogs/dry-cleaning-catalog.pdf,40,Hoffman/New Yorker/Rheem buck pads and head plates,Hoffman/New Yorker/Rheem,FXL-4,Teflon Grid Plate,TGP-64,Teflon Grid Plate,48 x 19 1/2 x 12 1/2,Legger w/cut-out,true,,Grouped Hoffman/New Yorker/Rheem catalog table row.
dc-hoffman-ny-rheem-l-5-pro-848,Buckeye Dry Cleaning Pads & Covers 2026,/catalogs/dry-cleaning-catalog.pdf,40,Hoffman/New Yorker/Rheem buck pads and head plates,Hoffman/New Yorker/Rheem,L-5,Pad/Cover,PRO-848,Tan Pro-Finish 861,48 x 19 1/2 x 12 1/2,Legger w/cut-out,true,,Grouped Hoffman/New Yorker/Rheem catalog table row.
dc-hoffman-ny-rheem-l-5-rpro-848,Buckeye Dry Cleaning Pads & Covers 2026,/catalogs/dry-cleaning-catalog.pdf,40,Hoffman/New Yorker/Rheem buck pads and head plates,Hoffman/New Yorker/Rheem,L-5,Pad/Cover,RPRO-848,Red Pro-Finish 861,48 x 19 1/2 x 12 1/2,Legger w/cut-out,true,,Grouped Hoffman/New Yorker/Rheem catalog table row.
dc-hoffman-ny-rheem-l-5-mfhp-64,Buckeye Dry Cleaning Pads & Covers 2026,/catalogs/dry-cleaning-catalog.pdf,40,Hoffman/New Yorker/Rheem buck pads and head plates,Hoffman/New Yorker/Rheem,L-5,Head Plate,MFHP-64,White Master Finish,48 x 19 1/2 x 12 1/2,Legger w/cut-out,true,,Grouped Hoffman/New Yorker/Rheem catalog table row.
dc-hoffman-ny-rheem-l-5-bmfhp-64,Buckeye Dry Cleaning Pads & Covers 2026,/catalogs/dry-cleaning-catalog.pdf,40,Hoffman/New Yorker/Rheem buck pads and head plates,Hoffman/New Yorker/Rheem,L-5,Head Plate,BMFHP-64,Black Master Finish,48 x 19 1/2 x 12 1/2,Legger w/cut-out,true,,Grouped Hoffman/New Yorker/Rheem catalog table row.
dc-hoffman-ny-rheem-l-5-tgp-64,Buckeye Dry Cleaning Pads & Covers 2026,/catalogs/dry-cleaning-catalog.pdf,40,Hoffman/New Yorker/Rheem buck pads and head plates,Hoffman/New Yorker/Rheem,L-5,Teflon Grid Plate,TGP-64,Teflon Grid Plate,48 x 19 1/2 x 12 1/2,Legger w/cut-out,true,,Grouped Hoffman/New Yorker/Rheem catalog table row.
dc-hoffman-ny-rheem-l-4-pro-848,Buckeye Dry Cleaning Pads & Covers 2026,/catalogs/dry-cleaning-catalog.pdf,40,Hoffman/New Yorker/Rheem buck pads and head plates,Hoffman/New Yorker/Rheem,L-4,Pad/Cover,PRO-848,Tan Pro-Finish 861,47 x 18 1/2 x 11 1/2,Legger w/cut-out,true,,Grouped Hoffman/New Yorker/Rheem catalog table row.
dc-hoffman-ny-rheem-l-4-rpro-848,Buckeye Dry Cleaning Pads & Covers 2026,/catalogs/dry-cleaning-catalog.pdf,40,Hoffman/New Yorker/Rheem buck pads and head plates,Hoffman/New Yorker/Rheem,L-4,Pad/Cover,RPRO-848,Red Pro-Finish 861,47 x 18 1/2 x 11 1/2,Legger w/cut-out,true,,Grouped Hoffman/New Yorker/Rheem catalog table row.
dc-hoffman-ny-rheem-l-4-mfhp-34,Buckeye Dry Cleaning Pads & Covers 2026,/catalogs/dry-cleaning-catalog.pdf,40,Hoffman/New Yorker/Rheem buck pads and head plates,Hoffman/New Yorker/Rheem,L-4,Head Plate,MFHP-34,White Master Finish,47 x 18 1/2 x 11 1/2,Legger w/cut-out,true,,Grouped Hoffman/New Yorker/Rheem catalog table row.
dc-hoffman-ny-rheem-l-4-bmfhp-34,Buckeye Dry Cleaning Pads & Covers 2026,/catalogs/dry-cleaning-catalog.pdf,40,Hoffman/New Yorker/Rheem buck pads and head plates,Hoffman/New Yorker/Rheem,L-4,Head Plate,BMFHP-34,Black Master Finish,47 x 18 1/2 x 11 1/2,Legger w/cut-out,true,,Grouped Hoffman/New Yorker/Rheem catalog table row.
dc-hoffman-ny-rheem-l-4-tgp-34,Buckeye Dry Cleaning Pads & Covers 2026,/catalogs/dry-cleaning-catalog.pdf,40,Hoffman/New Yorker/Rheem buck pads and head plates,Hoffman/New Yorker/Rheem,L-4,Teflon Grid Plate,TGP-34,Teflon Grid Plate,47 x 18 1/2 x 11 1/2,Legger w/cut-out,true,,Grouped Hoffman/New Yorker/Rheem catalog table row.
dc-hoffman-ny-rheem-cf-5-pro-842,Buckeye Dry Cleaning Pads & Covers 2026,/catalogs/dry-cleaning-catalog.pdf,40,Hoffman/New Yorker/Rheem buck pads and head plates,Hoffman/New Yorker/Rheem,CF-5,Pad/Cover,PRO-842,Tan Pro-Finish 861,42 x 12 x 9,Utility,true,,Grouped Hoffman/New Yorker/Rheem catalog table row.
dc-hoffman-ny-rheem-cf-5-rpro-842,Buckeye Dry Cleaning Pads & Covers 2026,/catalogs/dry-cleaning-catalog.pdf,40,Hoffman/New Yorker/Rheem buck pads and head plates,Hoffman/New Yorker/Rheem,CF-5,Pad/Cover,RPRO-842,Red Pro-Finish 861,42 x 12 x 9,Utility,true,,Grouped Hoffman/New Yorker/Rheem catalog table row.
dc-hoffman-ny-rheem-cf-5-mfhp-20,Buckeye Dry Cleaning Pads & Covers 2026,/catalogs/dry-cleaning-catalog.pdf,40,Hoffman/New Yorker/Rheem buck pads and head plates,Hoffman/New Yorker/Rheem,CF-5,Head Plate,MFHP-20,White Master Finish,42 x 12 x 9,Utility,true,,Grouped Hoffman/New Yorker/Rheem catalog table row.
dc-hoffman-ny-rheem-cf-5-bmfhp-20,Buckeye Dry Cleaning Pads & Covers 2026,/catalogs/dry-cleaning-catalog.pdf,40,Hoffman/New Yorker/Rheem buck pads and head plates,Hoffman/New Yorker/Rheem,CF-5,Head Plate,BMFHP-20,Black Master Finish,42 x 12 x 9,Utility,true,,Grouped Hoffman/New Yorker/Rheem catalog table row.
dc-hoffman-ny-rheem-cf-5-tgp-20,Buckeye Dry Cleaning Pads & Covers 2026,/catalogs/dry-cleaning-catalog.pdf,40,Hoffman/New Yorker/Rheem buck pads and head plates,Hoffman/New Yorker/Rheem,CF-5,Teflon Grid Plate,TGP-20,Teflon Grid Plate,42 x 12 x 9,Utility,true,,Grouped Hoffman/New Yorker/Rheem catalog table row.
dc-hoffman-ny-rheem-co-5-pro-842,Buckeye Dry Cleaning Pads & Covers 2026,/catalogs/dry-cleaning-catalog.pdf,40,Hoffman/New Yorker/Rheem buck pads and head plates,Hoffman/New Yorker/Rheem,CO-5,Pad/Cover,PRO-842,Tan Pro-Finish 861,42 x 12 x 9,Utility,true,,Grouped Hoffman/New Yorker/Rheem catalog table row.
dc-hoffman-ny-rheem-co-5-rpro-842,Buckeye Dry Cleaning Pads & Covers 2026,/catalogs/dry-cleaning-catalog.pdf,40,Hoffman/New Yorker/Rheem buck pads and head plates,Hoffman/New Yorker/Rheem,CO-5,Pad/Cover,RPRO-842,Red Pro-Finish 861,42 x 12 x 9,Utility,true,,Grouped Hoffman/New Yorker/Rheem catalog table row.
dc-hoffman-ny-rheem-co-5-mfhp-20,Buckeye Dry Cleaning Pads & Covers 2026,/catalogs/dry-cleaning-catalog.pdf,40,Hoffman/New Yorker/Rheem buck pads and head plates,Hoffman/New Yorker/Rheem,CO-5,Head Plate,MFHP-20,White Master Finish,42 x 12 x 9,Utility,true,,Grouped Hoffman/New Yorker/Rheem catalog table row.
dc-hoffman-ny-rheem-co-5-bmfhp-20,Buckeye Dry Cleaning Pads & Covers 2026,/catalogs/dry-cleaning-catalog.pdf,40,Hoffman/New Yorker/Rheem buck pads and head plates,Hoffman/New Yorker/Rheem,CO-5,Head Plate,BMFHP-20,Black Master Finish,42 x 12 x 9,Utility,true,,Grouped Hoffman/New Yorker/Rheem catalog table row.
dc-hoffman-ny-rheem-co-5-tgp-20,Buckeye Dry Cleaning Pads & Covers 2026,/catalogs/dry-cleaning-catalog.pdf,40,Hoffman/New Yorker/Rheem buck pads and head plates,Hoffman/New Yorker/Rheem,CO-5,Teflon Grid Plate,TGP-20,Teflon Grid Plate,42 x 12 x 9,Utility,true,,Grouped Hoffman/New Yorker/Rheem catalog table row.
dc-hoffman-ny-rheem-cf-6-pro-842,Buckeye Dry Cleaning Pads & Covers 2026,/catalogs/dry-cleaning-catalog.pdf,40,Hoffman/New Yorker/Rheem buck pads and head plates,Hoffman/New Yorker/Rheem,CF-6,Pad/Cover,PRO-842,Tan Pro-Finish 861,42 x 12 x 9,Utility,true,,Grouped Hoffman/New Yorker/Rheem catalog table row.
dc-hoffman-ny-rheem-cf-6-rpro-842,Buckeye Dry Cleaning Pads & Covers 2026,/catalogs/dry-cleaning-catalog.pdf,40,Hoffman/New Yorker/Rheem buck pads and head plates,Hoffman/New Yorker/Rheem,CF-6,Pad/Cover,RPRO-842,Red Pro-Finish 861,42 x 12 x 9,Utility,true,,Grouped Hoffman/New Yorker/Rheem catalog table row.
dc-hoffman-ny-rheem-cf-6-mfhp-20,Buckeye Dry Cleaning Pads & Covers 2026,/catalogs/dry-cleaning-catalog.pdf,40,Hoffman/New Yorker/Rheem buck pads and head plates,Hoffman/New Yorker/Rheem,CF-6,Head Plate,MFHP-20,White Master Finish,42 x 12 x 9,Utility,true,,Grouped Hoffman/New Yorker/Rheem catalog table row.
dc-hoffman-ny-rheem-cf-6-bmfhp-20,Buckeye Dry Cleaning Pads & Covers 2026,/catalogs/dry-cleaning-catalog.pdf,40,Hoffman/New Yorker/Rheem buck pads and head plates,Hoffman/New Yorker/Rheem,CF-6,Head Plate,BMFHP-20,Black Master Finish,42 x 12 x 9,Utility,true,,Grouped Hoffman/New Yorker/Rheem catalog table row.
dc-hoffman-ny-rheem-cf-6-tgp-20,Buckeye Dry Cleaning Pads & Covers 2026,/catalogs/dry-cleaning-catalog.pdf,40,Hoffman/New Yorker/Rheem buck pads and head plates,Hoffman/New Yorker/Rheem,CF-6,Teflon Grid Plate,TGP-20,Teflon Grid Plate,42 x 12 x 9,Utility,true,,Grouped Hoffman/New Yorker/Rheem catalog table row.
dc-hoffman-ny-rheem-co-6-pro-842,Buckeye Dry Cleaning Pads & Covers 2026,/catalogs/dry-cleaning-catalog.pdf,40,Hoffman/New Yorker/Rheem buck pads and head plates,Hoffman/New Yorker/Rheem,CO-6,Pad/Cover,PRO-842,Tan Pro-Finish 861,42 x 12 x 9,Utility,true,,Grouped Hoffman/New Yorker/Rheem catalog table row.
dc-hoffman-ny-rheem-co-6-rpro-842,Buckeye Dry Cleaning Pads & Covers 2026,/catalogs/dry-cleaning-catalog.pdf,40,Hoffman/New Yorker/Rheem buck pads and head plates,Hoffman/New Yorker/Rheem,CO-6,Pad/Cover,RPRO-842,Red Pro-Finish 861,42 x 12 x 9,Utility,true,,Grouped Hoffman/New Yorker/Rheem catalog table row.
dc-hoffman-ny-rheem-co-6-mfhp-20,Buckeye Dry Cleaning Pads & Covers 2026,/catalogs/dry-cleaning-catalog.pdf,40,Hoffman/New Yorker/Rheem buck pads and head plates,Hoffman/New Yorker/Rheem,CO-6,Head Plate,MFHP-20,White Master Finish,42 x 12 x 9,Utility,true,,Grouped Hoffman/New Yorker/Rheem catalog table row.
dc-hoffman-ny-rheem-co-6-bmfhp-20,Buckeye Dry Cleaning Pads & Covers 2026,/catalogs/dry-cleaning-catalog.pdf,40,Hoffman/New Yorker/Rheem buck pads and head plates,Hoffman/New Yorker/Rheem,CO-6,Head Plate,BMFHP-20,Black Master Finish,42 x 12 x 9,Utility,true,,Grouped Hoffman/New Yorker/Rheem catalog table row.
dc-hoffman-ny-rheem-co-6-tgp-20,Buckeye Dry Cleaning Pads & Covers 2026,/catalogs/dry-cleaning-catalog.pdf,40,Hoffman/New Yorker/Rheem buck pads and head plates,Hoffman/New Yorker/Rheem,CO-6,Teflon Grid Plate,TGP-20,Teflon Grid Plate,42 x 12 x 9,Utility,true,,Grouped Hoffman/New Yorker/Rheem catalog table row.
dc-hoffman-ny-rheem-co-7-pro-838,Buckeye Dry Cleaning Pads & Covers 2026,/catalogs/dry-cleaning-catalog.pdf,40,Hoffman/New Yorker/Rheem buck pads and head plates,Hoffman/New Yorker/Rheem,CO-7,Pad/Cover,PRO-838,Tan Pro-Finish 861,37 x 11 x 8,Utility,true,,Grouped Hoffman/New Yorker/Rheem catalog table row.
dc-hoffman-ny-rheem-co-7-rpro-838,Buckeye Dry Cleaning Pads & Covers 2026,/catalogs/dry-cleaning-catalog.pdf,40,Hoffman/New Yorker/Rheem buck pads and head plates,Hoffman/New Yorker/Rheem,CO-7,Pad/Cover,RPRO-838,Red Pro-Finish 861,37 x 11 x 8,Utility,true,,Grouped Hoffman/New Yorker/Rheem catalog table row.
dc-hoffman-ny-rheem-co-7-mfhp-11,Buckeye Dry Cleaning Pads & Covers 2026,/catalogs/dry-cleaning-catalog.pdf,40,Hoffman/New Yorker/Rheem buck pads and head plates,Hoffman/New Yorker/Rheem,CO-7,Head Plate,MFHP-11,White Master Finish,37 x 11 x 8,Utility,true,,Grouped Hoffman/New Yorker/Rheem catalog table row.
dc-hoffman-ny-rheem-co-7-bmfhp-11,Buckeye Dry Cleaning Pads & Covers 2026,/catalogs/dry-cleaning-catalog.pdf,40,Hoffman/New Yorker/Rheem buck pads and head plates,Hoffman/New Yorker/Rheem,CO-7,Head Plate,BMFHP-11,Black Master Finish,37 x 11 x 8,Utility,true,,Grouped Hoffman/New Yorker/Rheem catalog table row.
dc-hoffman-ny-rheem-co-7-tgp-11,Buckeye Dry Cleaning Pads & Covers 2026,/catalogs/dry-cleaning-catalog.pdf,40,Hoffman/New Yorker/Rheem buck pads and head plates,Hoffman/New Yorker/Rheem,CO-7,Teflon Grid Plate,TGP-11,Teflon Grid Plate,37 x 11 x 8,Utility,true,,Grouped Hoffman/New Yorker/Rheem catalog table row.
dc-hoffman-ny-rheem-bcl8s-pro-885,Buckeye Dry Cleaning Pads & Covers 2026,/catalogs/dry-cleaning-catalog.pdf,40,Hoffman/New Yorker/Rheem buck pads and head plates,Hoffman/New Yorker/Rheem,BCL8S,Pad/Cover,PRO-885,Tan Pro-Finish 861,44 3/4 x 18 x 9,Legger w/cut-out,true,,Grouped Hoffman/New Yorker/Rheem catalog table row.
dc-hoffman-ny-rheem-bcl8s-rpro-885,Buckeye Dry Cleaning Pads & Covers 2026,/catalogs/dry-cleaning-catalog.pdf,40,Hoffman/New Yorker/Rheem buck pads and head plates,Hoffman/New Yorker/Rheem,BCL8S,Pad/Cover,RPRO-885,Red Pro-Finish 861,44 3/4 x 18 x 9,Legger w/cut-out,true,,Grouped Hoffman/New Yorker/Rheem catalog table row.
dc-hoffman-ny-rheem-bcl8s-mfhp-68,Buckeye Dry Cleaning Pads & Covers 2026,/catalogs/dry-cleaning-catalog.pdf,40,Hoffman/New Yorker/Rheem buck pads and head plates,Hoffman/New Yorker/Rheem,BCL8S,Head Plate,MFHP-68,White Master Finish,44 3/4 x 18 x 9,Legger w/cut-out,true,,Grouped Hoffman/New Yorker/Rheem catalog table row.
dc-hoffman-ny-rheem-bcl8s-bmfhp-68,Buckeye Dry Cleaning Pads & Covers 2026,/catalogs/dry-cleaning-catalog.pdf,40,Hoffman/New Yorker/Rheem buck pads and head plates,Hoffman/New Yorker/Rheem,BCL8S,Head Plate,BMFHP-68,Black Master Finish,44 3/4 x 18 x 9,Legger w/cut-out,true,,Grouped Hoffman/New Yorker/Rheem catalog table row.
dc-hoffman-ny-rheem-bcl8s-tgp-68,Buckeye Dry Cleaning Pads & Covers 2026,/catalogs/dry-cleaning-catalog.pdf,40,Hoffman/New Yorker/Rheem buck pads and head plates,Hoffman/New Yorker/Rheem,BCL8S,Teflon Grid Plate,TGP-68,Teflon Grid Plate,44 3/4 x 18 x 9,Legger w/cut-out,true,,Grouped Hoffman/New Yorker/Rheem catalog table row.
dc-hoffman-ny-rheem-fb-l8s-pro-885,Buckeye Dry Cleaning Pads & Covers 2026,/catalogs/dry-cleaning-catalog.pdf,40,Hoffman/New Yorker/Rheem buck pads and head plates,Hoffman/New Yorker/Rheem,FB-L8S,Pad/Cover,PRO-885,Tan Pro-Finish 861,44 3/4 x 18 x 9,Legger w/cut-out,true,,Grouped Hoffman/New Yorker/Rheem catalog table row.
dc-hoffman-ny-rheem-fb-l8s-rpro-885,Buckeye Dry Cleaning Pads & Covers 2026,/catalogs/dry-cleaning-catalog.pdf,40,Hoffman/New Yorker/Rheem buck pads and head plates,Hoffman/New Yorker/Rheem,FB-L8S,Pad/Cover,RPRO-885,Red Pro-Finish 861,44 3/4 x 18 x 9,Legger w/cut-out,true,,Grouped Hoffman/New Yorker/Rheem catalog table row.
dc-hoffman-ny-rheem-fb-l8s-mfhp-68,Buckeye Dry Cleaning Pads & Covers 2026,/catalogs/dry-cleaning-catalog.pdf,40,Hoffman/New Yorker/Rheem buck pads and head plates,Hoffman/New Yorker/Rheem,FB-L8S,Head Plate,MFHP-68,White Master Finish,44 3/4 x 18 x 9,Legger w/cut-out,true,,Grouped Hoffman/New Yorker/Rheem catalog table row.
dc-hoffman-ny-rheem-fb-l8s-bmfhp-68,Buckeye Dry Cleaning Pads & Covers 2026,/catalogs/dry-cleaning-catalog.pdf,40,Hoffman/New Yorker/Rheem buck pads and head plates,Hoffman/New Yorker/Rheem,FB-L8S,Head Plate,BMFHP-68,Black Master Finish,44 3/4 x 18 x 9,Legger w/cut-out,true,,Grouped Hoffman/New Yorker/Rheem catalog table row.
dc-hoffman-ny-rheem-fb-l8s-tgp-68,Buckeye Dry Cleaning Pads & Covers 2026,/catalogs/dry-cleaning-catalog.pdf,40,Hoffman/New Yorker/Rheem buck pads and head plates,Hoffman/New Yorker/Rheem,FB-L8S,Teflon Grid Plate,TGP-68,Teflon Grid Plate,44 3/4 x 18 x 9,Legger w/cut-out,true,,Grouped Hoffman/New Yorker/Rheem catalog table row.
dc-hoffman-ny-rheem-fx-l8s-pro-885,Buckeye Dry Cleaning Pads & Covers 2026,/catalogs/dry-cleaning-catalog.pdf,40,Hoffman/New Yorker/Rheem buck pads and head plates,Hoffman/New Yorker/Rheem,FX-L8S,Pad/Cover,PRO-885,Tan Pro-Finish 861,44 3/4 x 18 x 9,Legger w/cut-out,true,,Grouped Hoffman/New Yorker/Rheem catalog table row.
dc-hoffman-ny-rheem-fx-l8s-rpro-885,Buckeye Dry Cleaning Pads & Covers 2026,/catalogs/dry-cleaning-catalog.pdf,40,Hoffman/New Yorker/Rheem buck pads and head plates,Hoffman/New Yorker/Rheem,FX-L8S,Pad/Cover,RPRO-885,Red Pro-Finish 861,44 3/4 x 18 x 9,Legger w/cut-out,true,,Grouped Hoffman/New Yorker/Rheem catalog table row.
dc-hoffman-ny-rheem-fx-l8s-mfhp-68,Buckeye Dry Cleaning Pads & Covers 2026,/catalogs/dry-cleaning-catalog.pdf,40,Hoffman/New Yorker/Rheem buck pads and head plates,Hoffman/New Yorker/Rheem,FX-L8S,Head Plate,MFHP-68,White Master Finish,44 3/4 x 18 x 9,Legger w/cut-out,true,,Grouped Hoffman/New Yorker/Rheem catalog table row.
dc-hoffman-ny-rheem-fx-l8s-bmfhp-68,Buckeye Dry Cleaning Pads & Covers 2026,/catalogs/dry-cleaning-catalog.pdf,40,Hoffman/New Yorker/Rheem buck pads and head plates,Hoffman/New Yorker/Rheem,FX-L8S,Head Plate,BMFHP-68,Black Master Finish,44 3/4 x 18 x 9,Legger w/cut-out,true,,Grouped Hoffman/New Yorker/Rheem catalog table row.
dc-hoffman-ny-rheem-fx-l8s-tgp-68,Buckeye Dry Cleaning Pads & Covers 2026,/catalogs/dry-cleaning-catalog.pdf,40,Hoffman/New Yorker/Rheem buck pads and head plates,Hoffman/New Yorker/Rheem,FX-L8S,Teflon Grid Plate,TGP-68,Teflon Grid Plate,44 3/4 x 18 x 9,Legger w/cut-out,true,,Grouped Hoffman/New Yorker/Rheem catalog table row.
dc-hoffman-ny-rheem-kpl-8s-pro-885,Buckeye Dry Cleaning Pads & Covers 2026,/catalogs/dry-cleaning-catalog.pdf,40,Hoffman/New Yorker/Rheem buck pads and head plates,Hoffman/New Yorker/Rheem,KPL-8S,Pad/Cover,PRO-885,Tan Pro-Finish 861,44 3/4 x 18 x 9,Legger w/cut-out,true,,Grouped Hoffman/New Yorker/Rheem catalog table row.
dc-hoffman-ny-rheem-kpl-8s-rpro-885,Buckeye Dry Cleaning Pads & Covers 2026,/catalogs/dry-cleaning-catalog.pdf,40,Hoffman/New Yorker/Rheem buck pads and head plates,Hoffman/New Yorker/Rheem,KPL-8S,Pad/Cover,RPRO-885,Red Pro-Finish 861,44 3/4 x 18 x 9,Legger w/cut-out,true,,Grouped Hoffman/New Yorker/Rheem catalog table row.
dc-hoffman-ny-rheem-kpl-8s-mfhp-68,Buckeye Dry Cleaning Pads & Covers 2026,/catalogs/dry-cleaning-catalog.pdf,40,Hoffman/New Yorker/Rheem buck pads and head plates,Hoffman/New Yorker/Rheem,KPL-8S,Head Plate,MFHP-68,White Master Finish,44 3/4 x 18 x 9,Legger w/cut-out,true,,Grouped Hoffman/New Yorker/Rheem catalog table row.
dc-hoffman-ny-rheem-kpl-8s-bmfhp-68,Buckeye Dry Cleaning Pads & Covers 2026,/catalogs/dry-cleaning-catalog.pdf,40,Hoffman/New Yorker/Rheem buck pads and head plates,Hoffman/New Yorker/Rheem,KPL-8S,Head Plate,BMFHP-68,Black Master Finish,44 3/4 x 18 x 9,Legger w/cut-out,true,,Grouped Hoffman/New Yorker/Rheem catalog table row.
dc-hoffman-ny-rheem-kpl-8s-tgp-68,Buckeye Dry Cleaning Pads & Covers 2026,/catalogs/dry-cleaning-catalog.pdf,40,Hoffman/New Yorker/Rheem buck pads and head plates,Hoffman/New Yorker/Rheem,KPL-8S,Teflon Grid Plate,TGP-68,Teflon Grid Plate,44 3/4 x 18 x 9,Legger w/cut-out,true,,Grouped Hoffman/New Yorker/Rheem catalog table row.
dc-hoffman-ny-rheem-l-8-pro-885,Buckeye Dry Cleaning Pads & Covers 2026,/catalogs/dry-cleaning-catalog.pdf,40,Hoffman/New Yorker/Rheem buck pads and head plates,Hoffman/New Yorker/Rheem,L-8,Pad/Cover,PRO-885,Tan Pro-Finish 861,44 3/4 x 18 x 9,Legger w/cut-out,true,,Grouped Hoffman/New Yorker/Rheem catalog table row.
dc-hoffman-ny-rheem-l-8-rpro-885,Buckeye Dry Cleaning Pads & Covers 2026,/catalogs/dry-cleaning-catalog.pdf,40,Hoffman/New Yorker/Rheem buck pads and head plates,Hoffman/New Yorker/Rheem,L-8,Pad/Cover,RPRO-885,Red Pro-Finish 861,44 3/4 x 18 x 9,Legger w/cut-out,true,,Grouped Hoffman/New Yorker/Rheem catalog table row.
dc-hoffman-ny-rheem-l-8-mfhp-68,Buckeye Dry Cleaning Pads & Covers 2026,/catalogs/dry-cleaning-catalog.pdf,40,Hoffman/New Yorker/Rheem buck pads and head plates,Hoffman/New Yorker/Rheem,L-8,Head Plate,MFHP-68,White Master Finish,44 3/4 x 18 x 9,Legger w/cut-out,true,,Grouped Hoffman/New Yorker/Rheem catalog table row.
dc-hoffman-ny-rheem-l-8-bmfhp-68,Buckeye Dry Cleaning Pads & Covers 2026,/catalogs/dry-cleaning-catalog.pdf,40,Hoffman/New Yorker/Rheem buck pads and head plates,Hoffman/New Yorker/Rheem,L-8,Head Plate,BMFHP-68,Black Master Finish,44 3/4 x 18 x 9,Legger w/cut-out,true,,Grouped Hoffman/New Yorker/Rheem catalog table row.
dc-hoffman-ny-rheem-l-8-tgp-68,Buckeye Dry Cleaning Pads & Covers 2026,/catalogs/dry-cleaning-catalog.pdf,40,Hoffman/New Yorker/Rheem buck pads and head plates,Hoffman/New Yorker/Rheem,L-8,Teflon Grid Plate,TGP-68,Teflon Grid Plate,44 3/4 x 18 x 9,Legger w/cut-out,true,,Grouped Hoffman/New Yorker/Rheem catalog table row.
dc-hoffman-ny-rheem-l-8s-pro-885,Buckeye Dry Cleaning Pads & Covers 2026,/catalogs/dry-cleaning-catalog.pdf,40,Hoffman/New Yorker/Rheem buck pads and head plates,Hoffman/New Yorker/Rheem,L-8S,Pad/Cover,PRO-885,Tan Pro-Finish 861,44 3/4 x 18 x 9,Legger w/cut-out,true,,Grouped Hoffman/New Yorker/Rheem catalog table row.
dc-hoffman-ny-rheem-l-8s-rpro-885,Buckeye Dry Cleaning Pads & Covers 2026,/catalogs/dry-cleaning-catalog.pdf,40,Hoffman/New Yorker/Rheem buck pads and head plates,Hoffman/New Yorker/Rheem,L-8S,Pad/Cover,RPRO-885,Red Pro-Finish 861,44 3/4 x 18 x 9,Legger w/cut-out,true,,Grouped Hoffman/New Yorker/Rheem catalog table row.
dc-hoffman-ny-rheem-l-8s-mfhp-68,Buckeye Dry Cleaning Pads & Covers 2026,/catalogs/dry-cleaning-catalog.pdf,40,Hoffman/New Yorker/Rheem buck pads and head plates,Hoffman/New Yorker/Rheem,L-8S,Head Plate,MFHP-68,White Master Finish,44 3/4 x 18 x 9,Legger w/cut-out,true,,Grouped Hoffman/New Yorker/Rheem catalog table row.
dc-hoffman-ny-rheem-l-8s-bmfhp-68,Buckeye Dry Cleaning Pads & Covers 2026,/catalogs/dry-cleaning-catalog.pdf,40,Hoffman/New Yorker/Rheem buck pads and head plates,Hoffman/New Yorker/Rheem,L-8S,Head Plate,BMFHP-68,Black Master Finish,44 3/4 x 18 x 9,Legger w/cut-out,true,,Grouped Hoffman/New Yorker/Rheem catalog table row.
dc-hoffman-ny-rheem-l-8s-tgp-68,Buckeye Dry Cleaning Pads & Covers 2026,/catalogs/dry-cleaning-catalog.pdf,40,Hoffman/New Yorker/Rheem buck pads and head plates,Hoffman/New Yorker/Rheem,L-8S,Teflon Grid Plate,TGP-68,Teflon Grid Plate,44 3/4 x 18 x 9,Legger w/cut-out,true,,Grouped Hoffman/New Yorker/Rheem catalog table row.
dc-hoffman-ny-rheem-gh-12-pro-885,Buckeye Dry Cleaning Pads & Covers 2026,/catalogs/dry-cleaning-catalog.pdf,40,Hoffman/New Yorker/Rheem buck pads and head plates,Hoffman/New Yorker/Rheem,GH-12,Pad/Cover,PRO-885,Tan Pro-Finish 861,44 3/4 x 18 x 9,Legger w/cut-out,true,,Grouped Hoffman/New Yorker/Rheem catalog table row.
dc-hoffman-ny-rheem-gh-12-rpro-885,Buckeye Dry Cleaning Pads & Covers 2026,/catalogs/dry-cleaning-catalog.pdf,40,Hoffman/New Yorker/Rheem buck pads and head plates,Hoffman/New Yorker/Rheem,GH-12,Pad/Cover,RPRO-885,Red Pro-Finish 861,44 3/4 x 18 x 9,Legger w/cut-out,true,,Grouped Hoffman/New Yorker/Rheem catalog table row.
dc-hoffman-ny-rheem-gh-12-mfhp-68,Buckeye Dry Cleaning Pads & Covers 2026,/catalogs/dry-cleaning-catalog.pdf,40,Hoffman/New Yorker/Rheem buck pads and head plates,Hoffman/New Yorker/Rheem,GH-12,Head Plate,MFHP-68,White Master Finish,44 3/4 x 18 x 9,Legger w/cut-out,true,,Grouped Hoffman/New Yorker/Rheem catalog table row.
dc-hoffman-ny-rheem-gh-12-bmfhp-68,Buckeye Dry Cleaning Pads & Covers 2026,/catalogs/dry-cleaning-catalog.pdf,40,Hoffman/New Yorker/Rheem buck pads and head plates,Hoffman/New Yorker/Rheem,GH-12,Head Plate,BMFHP-68,Black Master Finish,44 3/4 x 18 x 9,Legger w/cut-out,true,,Grouped Hoffman/New Yorker/Rheem catalog table row.
dc-hoffman-ny-rheem-gh-12-tgp-68,Buckeye Dry Cleaning Pads & Covers 2026,/catalogs/dry-cleaning-catalog.pdf,40,Hoffman/New Yorker/Rheem buck pads and head plates,Hoffman/New Yorker/Rheem,GH-12,Teflon Grid Plate,TGP-68,Teflon Grid Plate,44 3/4 x 18 x 9,Legger w/cut-out,true,,Grouped Hoffman/New Yorker/Rheem catalog table row.
dc-hoffman-ny-rheem-cf-9-pro-847,Buckeye Dry Cleaning Pads & Covers 2026,/catalogs/dry-cleaning-catalog.pdf,40,Hoffman/New Yorker/Rheem buck pads and head plates,Hoffman/New Yorker/Rheem,CF-9,Pad/Cover,PRO-847,Tan Pro-Finish 861,46 x 12 1/2 x 8 1/2,Utility,true,,Grouped Hoffman/New Yorker/Rheem catalog table row.
dc-hoffman-ny-rheem-cf-9-rpro-847,Buckeye Dry Cleaning Pads & Covers 2026,/catalogs/dry-cleaning-catalog.pdf,40,Hoffman/New Yorker/Rheem buck pads and head plates,Hoffman/New Yorker/Rheem,CF-9,Pad/Cover,RPRO-847,Red Pro-Finish 861,46 x 12 1/2 x 8 1/2,Utility,true,,Grouped Hoffman/New Yorker/Rheem catalog table row.
dc-hoffman-ny-rheem-cf-9-mfhp-22,Buckeye Dry Cleaning Pads & Covers 2026,/catalogs/dry-cleaning-catalog.pdf,40,Hoffman/New Yorker/Rheem buck pads and head plates,Hoffman/New Yorker/Rheem,CF-9,Head Plate,MFHP-22,White Master Finish,46 x 12 1/2 x 8 1/2,Utility,true,,Grouped Hoffman/New Yorker/Rheem catalog table row.
dc-hoffman-ny-rheem-cf-9-bmfhp-22,Buckeye Dry Cleaning Pads & Covers 2026,/catalogs/dry-cleaning-catalog.pdf,40,Hoffman/New Yorker/Rheem buck pads and head plates,Hoffman/New Yorker/Rheem,CF-9,Head Plate,BMFHP-22,Black Master Finish,46 x 12 1/2 x 8 1/2,Utility,true,,Grouped Hoffman/New Yorker/Rheem catalog table row.
dc-hoffman-ny-rheem-cf-9-tgp-22,Buckeye Dry Cleaning Pads & Covers 2026,/catalogs/dry-cleaning-catalog.pdf,40,Hoffman/New Yorker/Rheem buck pads and head plates,Hoffman/New Yorker/Rheem,CF-9,Teflon Grid Plate,TGP-22,Teflon Grid Plate,46 x 12 1/2 x 8 1/2,Utility,true,,Grouped Hoffman/New Yorker/Rheem catalog table row.
dc-hoffman-ny-rheem-co-9-pro-847,Buckeye Dry Cleaning Pads & Covers 2026,/catalogs/dry-cleaning-catalog.pdf,40,Hoffman/New Yorker/Rheem buck pads and head plates,Hoffman/New Yorker/Rheem,CO-9,Pad/Cover,PRO-847,Tan Pro-Finish 861,46 x 12 1/2 x 8 1/2,Utility,true,,Grouped Hoffman/New Yorker/Rheem catalog table row.
dc-hoffman-ny-rheem-co-9-rpro-847,Buckeye Dry Cleaning Pads & Covers 2026,/catalogs/dry-cleaning-catalog.pdf,40,Hoffman/New Yorker/Rheem buck pads and head plates,Hoffman/New Yorker/Rheem,CO-9,Pad/Cover,RPRO-847,Red Pro-Finish 861,46 x 12 1/2 x 8 1/2,Utility,true,,Grouped Hoffman/New Yorker/Rheem catalog table row.
dc-hoffman-ny-rheem-co-9-mfhp-22,Buckeye Dry Cleaning Pads & Covers 2026,/catalogs/dry-cleaning-catalog.pdf,40,Hoffman/New Yorker/Rheem buck pads and head plates,Hoffman/New Yorker/Rheem,CO-9,Head Plate,MFHP-22,White Master Finish,46 x 12 1/2 x 8 1/2,Utility,true,,Grouped Hoffman/New Yorker/Rheem catalog table row.
dc-hoffman-ny-rheem-co-9-bmfhp-22,Buckeye Dry Cleaning Pads & Covers 2026,/catalogs/dry-cleaning-catalog.pdf,40,Hoffman/New Yorker/Rheem buck pads and head plates,Hoffman/New Yorker/Rheem,CO-9,Head Plate,BMFHP-22,Black Master Finish,46 x 12 1/2 x 8 1/2,Utility,true,,Grouped Hoffman/New Yorker/Rheem catalog table row.
dc-hoffman-ny-rheem-co-9-tgp-22,Buckeye Dry Cleaning Pads & Covers 2026,/catalogs/dry-cleaning-catalog.pdf,40,Hoffman/New Yorker/Rheem buck pads and head plates,Hoffman/New Yorker/Rheem,CO-9,Teflon Grid Plate,TGP-22,Teflon Grid Plate,46 x 12 1/2 x 8 1/2,Utility,true,,Grouped Hoffman/New Yorker/Rheem catalog table row.
dc-hoffman-ny-rheem-cf-10-pro-847,Buckeye Dry Cleaning Pads & Covers 2026,/catalogs/dry-cleaning-catalog.pdf,40,Hoffman/New Yorker/Rheem buck pads and head plates,Hoffman/New Yorker/Rheem,CF-10,Pad/Cover,PRO-847,Tan Pro-Finish 861,46 x 12 1/2 x 8 1/2,Utility,true,,Grouped Hoffman/New Yorker/Rheem catalog table row.
dc-hoffman-ny-rheem-cf-10-rpro-847,Buckeye Dry Cleaning Pads & Covers 2026,/catalogs/dry-cleaning-catalog.pdf,40,Hoffman/New Yorker/Rheem buck pads and head plates,Hoffman/New Yorker/Rheem,CF-10,Pad/Cover,RPRO-847,Red Pro-Finish 861,46 x 12 1/2 x 8 1/2,Utility,true,,Grouped Hoffman/New Yorker/Rheem catalog table row.
dc-hoffman-ny-rheem-cf-10-mfhp-22,Buckeye Dry Cleaning Pads & Covers 2026,/catalogs/dry-cleaning-catalog.pdf,40,Hoffman/New Yorker/Rheem buck pads and head plates,Hoffman/New Yorker/Rheem,CF-10,Head Plate,MFHP-22,White Master Finish,46 x 12 1/2 x 8 1/2,Utility,true,,Grouped Hoffman/New Yorker/Rheem catalog table row.
dc-hoffman-ny-rheem-cf-10-bmfhp-22,Buckeye Dry Cleaning Pads & Covers 2026,/catalogs/dry-cleaning-catalog.pdf,40,Hoffman/New Yorker/Rheem buck pads and head plates,Hoffman/New Yorker/Rheem,CF-10,Head Plate,BMFHP-22,Black Master Finish,46 x 12 1/2 x 8 1/2,Utility,true,,Grouped Hoffman/New Yorker/Rheem catalog table row.
dc-hoffman-ny-rheem-cf-10-tgp-22,Buckeye Dry Cleaning Pads & Covers 2026,/catalogs/dry-cleaning-catalog.pdf,40,Hoffman/New Yorker/Rheem buck pads and head plates,Hoffman/New Yorker/Rheem,CF-10,Teflon Grid Plate,TGP-22,Teflon Grid Plate,46 x 12 1/2 x 8 1/2,Utility,true,,Grouped Hoffman/New Yorker/Rheem catalog table row.
dc-hoffman-ny-rheem-co-10-pro-847,Buckeye Dry Cleaning Pads & Covers 2026,/catalogs/dry-cleaning-catalog.pdf,40,Hoffman/New Yorker/Rheem buck pads and head plates,Hoffman/New Yorker/Rheem,CO-10,Pad/Cover,PRO-847,Tan Pro-Finish 861,46 x 12 1/2 x 8 1/2,Utility,true,,Grouped Hoffman/New Yorker/Rheem catalog table row.
dc-hoffman-ny-rheem-co-10-rpro-847,Buckeye Dry Cleaning Pads & Covers 2026,/catalogs/dry-cleaning-catalog.pdf,40,Hoffman/New Yorker/Rheem buck pads and head plates,Hoffman/New Yorker/Rheem,CO-10,Pad/Cover,RPRO-847,Red Pro-Finish 861,46 x 12 1/2 x 8 1/2,Utility,true,,Grouped Hoffman/New Yorker/Rheem catalog table row.
dc-hoffman-ny-rheem-co-10-mfhp-22,Buckeye Dry Cleaning Pads & Covers 2026,/catalogs/dry-cleaning-catalog.pdf,40,Hoffman/New Yorker/Rheem buck pads and head plates,Hoffman/New Yorker/Rheem,CO-10,Head Plate,MFHP-22,White Master Finish,46 x 12 1/2 x 8 1/2,Utility,true,,Grouped Hoffman/New Yorker/Rheem catalog table row.
dc-hoffman-ny-rheem-co-10-bmfhp-22,Buckeye Dry Cleaning Pads & Covers 2026,/catalogs/dry-cleaning-catalog.pdf,40,Hoffman/New Yorker/Rheem buck pads and head plates,Hoffman/New Yorker/Rheem,CO-10,Head Plate,BMFHP-22,Black Master Finish,46 x 12 1/2 x 8 1/2,Utility,true,,Grouped Hoffman/New Yorker/Rheem catalog table row.
dc-hoffman-ny-rheem-co-10-tgp-22,Buckeye Dry Cleaning Pads & Covers 2026,/catalogs/dry-cleaning-catalog.pdf,40,Hoffman/New Yorker/Rheem buck pads and head plates,Hoffman/New Yorker/Rheem,CO-10,Teflon Grid Plate,TGP-22,Teflon Grid Plate,46 x 12 1/2 x 8 1/2,Utility,true,,Grouped Hoffman/New Yorker/Rheem catalog table row.
dc-hoffman-ny-rheem-b-10-pro-820,Buckeye Dry Cleaning Pads & Covers 2026,/catalogs/dry-cleaning-catalog.pdf,40,Hoffman/New Yorker/Rheem buck pads and head plates,Hoffman/New Yorker/Rheem,B-10,Pad/Cover,PRO-820,Tan Pro-Finish 861,21 x 10 x 8,Topper,true,,Grouped Hoffman/New Yorker/Rheem catalog table row.
dc-hoffman-ny-rheem-b-10-rpro-820,Buckeye Dry Cleaning Pads & Covers 2026,/catalogs/dry-cleaning-catalog.pdf,40,Hoffman/New Yorker/Rheem buck pads and head plates,Hoffman/New Yorker/Rheem,B-10,Pad/Cover,RPRO-820,Red Pro-Finish 861,21 x 10 x 8,Topper,true,,Grouped Hoffman/New Yorker/Rheem catalog table row.
dc-hoffman-ny-rheem-b-10-mfhp-5,Buckeye Dry Cleaning Pads & Covers 2026,/catalogs/dry-cleaning-catalog.pdf,40,Hoffman/New Yorker/Rheem buck pads and head plates,Hoffman/New Yorker/Rheem,B-10,Head Plate,MFHP-5,White Master Finish,21 x 10 x 8,Topper,true,,Grouped Hoffman/New Yorker/Rheem catalog table row.
dc-hoffman-ny-rheem-b-10-bmfhp-5,Buckeye Dry Cleaning Pads & Covers 2026,/catalogs/dry-cleaning-catalog.pdf,40,Hoffman/New Yorker/Rheem buck pads and head plates,Hoffman/New Yorker/Rheem,B-10,Head Plate,BMFHP-5,Black Master Finish,21 x 10 x 8,Topper,true,,Grouped Hoffman/New Yorker/Rheem catalog table row.
dc-hoffman-ny-rheem-b-10-tgp-5,Buckeye Dry Cleaning Pads & Covers 2026,/catalogs/dry-cleaning-catalog.pdf,40,Hoffman/New Yorker/Rheem buck pads and head plates,Hoffman/New Yorker/Rheem,B-10,Teflon Grid Plate,TGP-5,Teflon Grid Plate,21 x 10 x 8,Topper,true,,Grouped Hoffman/New Yorker/Rheem catalog table row.
dc-hoffman-ny-rheem-t-10-pro-820,Buckeye Dry Cleaning Pads & Covers 2026,/catalogs/dry-cleaning-catalog.pdf,40,Hoffman/New Yorker/Rheem buck pads and head plates,Hoffman/New Yorker/Rheem,T-10,Pad/Cover,PRO-820,Tan Pro-Finish 861,21 x 10 x 8,Topper,true,,Grouped Hoffman/New Yorker/Rheem catalog table row.
dc-hoffman-ny-rheem-t-10-rpro-820,Buckeye Dry Cleaning Pads & Covers 2026,/catalogs/dry-cleaning-catalog.pdf,40,Hoffman/New Yorker/Rheem buck pads and head plates,Hoffman/New Yorker/Rheem,T-10,Pad/Cover,RPRO-820,Red Pro-Finish 861,21 x 10 x 8,Topper,true,,Grouped Hoffman/New Yorker/Rheem catalog table row.
dc-hoffman-ny-rheem-t-10-mfhp-5,Buckeye Dry Cleaning Pads & Covers 2026,/catalogs/dry-cleaning-catalog.pdf,40,Hoffman/New Yorker/Rheem buck pads and head plates,Hoffman/New Yorker/Rheem,T-10,Head Plate,MFHP-5,White Master Finish,21 x 10 x 8,Topper,true,,Grouped Hoffman/New Yorker/Rheem catalog table row.
dc-hoffman-ny-rheem-t-10-bmfhp-5,Buckeye Dry Cleaning Pads & Covers 2026,/catalogs/dry-cleaning-catalog.pdf,40,Hoffman/New Yorker/Rheem buck pads and head plates,Hoffman/New Yorker/Rheem,T-10,Head Plate,BMFHP-5,Black Master Finish,21 x 10 x 8,Topper,true,,Grouped Hoffman/New Yorker/Rheem catalog table row.
dc-hoffman-ny-rheem-t-10-tgp-5,Buckeye Dry Cleaning Pads & Covers 2026,/catalogs/dry-cleaning-catalog.pdf,40,Hoffman/New Yorker/Rheem buck pads and head plates,Hoffman/New Yorker/Rheem,T-10,Teflon Grid Plate,TGP-5,Teflon Grid Plate,21 x 10 x 8,Topper,true,,Grouped Hoffman/New Yorker/Rheem catalog table row.
dc-hoffman-ny-rheem-t-11-pro-820,Buckeye Dry Cleaning Pads & Covers 2026,/catalogs/dry-cleaning-catalog.pdf,40,Hoffman/New Yorker/Rheem buck pads and head plates,Hoffman/New Yorker/Rheem,T-11,Pad/Cover,PRO-820,Tan Pro-Finish 861,21 x 10 x 8,Topper,true,,Grouped Hoffman/New Yorker/Rheem catalog table row.
dc-hoffman-ny-rheem-t-11-rpro-820,Buckeye Dry Cleaning Pads & Covers 2026,/catalogs/dry-cleaning-catalog.pdf,40,Hoffman/New Yorker/Rheem buck pads and head plates,Hoffman/New Yorker/Rheem,T-11,Pad/Cover,RPRO-820,Red Pro-Finish 861,21 x 10 x 8,Topper,true,,Grouped Hoffman/New Yorker/Rheem catalog table row.
dc-hoffman-ny-rheem-t-11-mfhp-5,Buckeye Dry Cleaning Pads & Covers 2026,/catalogs/dry-cleaning-catalog.pdf,40,Hoffman/New Yorker/Rheem buck pads and head plates,Hoffman/New Yorker/Rheem,T-11,Head Plate,MFHP-5,White Master Finish,21 x 10 x 8,Topper,true,,Grouped Hoffman/New Yorker/Rheem catalog table row.
dc-hoffman-ny-rheem-t-11-bmfhp-5,Buckeye Dry Cleaning Pads & Covers 2026,/catalogs/dry-cleaning-catalog.pdf,40,Hoffman/New Yorker/Rheem buck pads and head plates,Hoffman/New Yorker/Rheem,T-11,Head Plate,BMFHP-5,Black Master Finish,21 x 10 x 8,Topper,true,,Grouped Hoffman/New Yorker/Rheem catalog table row.
dc-hoffman-ny-rheem-t-11-tgp-5,Buckeye Dry Cleaning Pads & Covers 2026,/catalogs/dry-cleaning-catalog.pdf,40,Hoffman/New Yorker/Rheem buck pads and head plates,Hoffman/New Yorker/Rheem,T-11,Teflon Grid Plate,TGP-5,Teflon Grid Plate,21 x 10 x 8,Topper,true,,Grouped Hoffman/New Yorker/Rheem catalog table row.
dc-hoffman-ny-rheem-t-11-a-pro-820,Buckeye Dry Cleaning Pads & Covers 2026,/catalogs/dry-cleaning-catalog.pdf,40,Hoffman/New Yorker/Rheem buck pads and head plates,Hoffman/New Yorker/Rheem,T-11-A,Pad/Cover,PRO-820,Tan Pro-Finish 861,21 x 10 x 8,Topper,true,,Grouped Hoffman/New Yorker/Rheem catalog table row.
dc-hoffman-ny-rheem-t-11-a-rpro-820,Buckeye Dry Cleaning Pads & Covers 2026,/catalogs/dry-cleaning-catalog.pdf,40,Hoffman/New Yorker/Rheem buck pads and head plates,Hoffman/New Yorker/Rheem,T-11-A,Pad/Cover,RPRO-820,Red Pro-Finish 861,21 x 10 x 8,Topper,true,,Grouped Hoffman/New Yorker/Rheem catalog table row.
dc-hoffman-ny-rheem-t-11-a-mfhp-5,Buckeye Dry Cleaning Pads & Covers 2026,/catalogs/dry-cleaning-catalog.pdf,40,Hoffman/New Yorker/Rheem buck pads and head plates,Hoffman/New Yorker/Rheem,T-11-A,Head Plate,MFHP-5,White Master Finish,21 x 10 x 8,Topper,true,,Grouped Hoffman/New Yorker/Rheem catalog table row.
dc-hoffman-ny-rheem-t-11-a-bmfhp-5,Buckeye Dry Cleaning Pads & Covers 2026,/catalogs/dry-cleaning-catalog.pdf,40,Hoffman/New Yorker/Rheem buck pads and head plates,Hoffman/New Yorker/Rheem,T-11-A,Head Plate,BMFHP-5,Black Master Finish,21 x 10 x 8,Topper,true,,Grouped Hoffman/New Yorker/Rheem catalog table row.
dc-hoffman-ny-rheem-t-11-a-tgp-5,Buckeye Dry Cleaning Pads & Covers 2026,/catalogs/dry-cleaning-catalog.pdf,40,Hoffman/New Yorker/Rheem buck pads and head plates,Hoffman/New Yorker/Rheem,T-11-A,Teflon Grid Plate,TGP-5,Teflon Grid Plate,21 x 10 x 8,Topper,true,,Grouped Hoffman/New Yorker/Rheem catalog table row.
dc-hoffman-ny-rheem-e-10-pro-843,Buckeye Dry Cleaning Pads & Covers 2026,/catalogs/dry-cleaning-catalog.pdf,40,Hoffman/New Yorker/Rheem buck pads and head plates,Hoffman/New Yorker/Rheem,E-10,Pad/Cover,PRO-843,Tan Pro-Finish 861,42 x 18 1/2 x 11 1/2,Legger w/cut-out,true,,Grouped Hoffman/New Yorker/Rheem catalog table row.
dc-hoffman-ny-rheem-e-10-rpro-843,Buckeye Dry Cleaning Pads & Covers 2026,/catalogs/dry-cleaning-catalog.pdf,40,Hoffman/New Yorker/Rheem buck pads and head plates,Hoffman/New Yorker/Rheem,E-10,Pad/Cover,RPRO-843,Red Pro-Finish 861,42 x 18 1/2 x 11 1/2,Legger w/cut-out,true,,Grouped Hoffman/New Yorker/Rheem catalog table row.
dc-hoffman-ny-rheem-e-10-mfhp-29,Buckeye Dry Cleaning Pads & Covers 2026,/catalogs/dry-cleaning-catalog.pdf,40,Hoffman/New Yorker/Rheem buck pads and head plates,Hoffman/New Yorker/Rheem,E-10,Head Plate,MFHP-29,White Master Finish,42 x 18 1/2 x 11 1/2,Legger w/cut-out,true,,Grouped Hoffman/New Yorker/Rheem catalog table row.
dc-hoffman-ny-rheem-e-10-bmfhp-29,Buckeye Dry Cleaning Pads & Covers 2026,/catalogs/dry-cleaning-catalog.pdf,40,Hoffman/New Yorker/Rheem buck pads and head plates,Hoffman/New Yorker/Rheem,E-10,Head Plate,BMFHP-29,Black Master Finish,42 x 18 1/2 x 11 1/2,Legger w/cut-out,true,,Grouped Hoffman/New Yorker/Rheem catalog table row.
dc-hoffman-ny-rheem-e-10-tgp-29,Buckeye Dry Cleaning Pads & Covers 2026,/catalogs/dry-cleaning-catalog.pdf,40,Hoffman/New Yorker/Rheem buck pads and head plates,Hoffman/New Yorker/Rheem,E-10,Teflon Grid Plate,TGP-29,Teflon Grid Plate,42 x 18 1/2 x 11 1/2,Legger w/cut-out,true,,Grouped Hoffman/New Yorker/Rheem catalog table row.
dc-hoffman-ny-rheem-b-15-pro-822,Buckeye Dry Cleaning Pads & Covers 2026,/catalogs/dry-cleaning-catalog.pdf,41,Hoffman/New Yorker/Rheem buck pads and head plates,Hoffman/New Yorker/Rheem,B-15,Pad/Cover,PRO-822,Tan Pro-Finish 861,23 x 10 1/2 x 8,Topper,true,,Grouped Hoffman/New Yorker/Rheem catalog table row.
dc-hoffman-ny-rheem-b-15-rpro-822,Buckeye Dry Cleaning Pads & Covers 2026,/catalogs/dry-cleaning-catalog.pdf,41,Hoffman/New Yorker/Rheem buck pads and head plates,Hoffman/New Yorker/Rheem,B-15,Pad/Cover,RPRO-822,Red Pro-Finish 861,23 x 10 1/2 x 8,Topper,true,,Grouped Hoffman/New Yorker/Rheem catalog table row.
dc-hoffman-ny-rheem-b-15-mfhp-106,Buckeye Dry Cleaning Pads & Covers 2026,/catalogs/dry-cleaning-catalog.pdf,41,Hoffman/New Yorker/Rheem buck pads and head plates,Hoffman/New Yorker/Rheem,B-15,Head Plate,MFHP-106,White Master Finish,23 x 10 1/2 x 8,Topper,true,,Grouped Hoffman/New Yorker/Rheem catalog table row.
dc-hoffman-ny-rheem-b-15-bmfhp-106,Buckeye Dry Cleaning Pads & Covers 2026,/catalogs/dry-cleaning-catalog.pdf,41,Hoffman/New Yorker/Rheem buck pads and head plates,Hoffman/New Yorker/Rheem,B-15,Head Plate,BMFHP-106,Black Master Finish,23 x 10 1/2 x 8,Topper,true,,Grouped Hoffman/New Yorker/Rheem catalog table row.
dc-hoffman-ny-rheem-b-15-tgp-106,Buckeye Dry Cleaning Pads & Covers 2026,/catalogs/dry-cleaning-catalog.pdf,41,Hoffman/New Yorker/Rheem buck pads and head plates,Hoffman/New Yorker/Rheem,B-15,Teflon Grid Plate,TGP-106,Teflon Grid Plate,23 x 10 1/2 x 8,Topper,true,,Grouped Hoffman/New Yorker/Rheem catalog table row.
dc-hoffman-ny-rheem-b-16-pro-820,Buckeye Dry Cleaning Pads & Covers 2026,/catalogs/dry-cleaning-catalog.pdf,41,Hoffman/New Yorker/Rheem buck pads and head plates,Hoffman/New Yorker/Rheem,B-16,Pad/Cover,PRO-820,Tan Pro-Finish 861,21 x 10 x 8,Topper,true,,Grouped Hoffman/New Yorker/Rheem catalog table row.
dc-hoffman-ny-rheem-b-16-rpro-820,Buckeye Dry Cleaning Pads & Covers 2026,/catalogs/dry-cleaning-catalog.pdf,41,Hoffman/New Yorker/Rheem buck pads and head plates,Hoffman/New Yorker/Rheem,B-16,Pad/Cover,RPRO-820,Red Pro-Finish 861,21 x 10 x 8,Topper,true,,Grouped Hoffman/New Yorker/Rheem catalog table row.
dc-hoffman-ny-rheem-b-16-mfhp-5,Buckeye Dry Cleaning Pads & Covers 2026,/catalogs/dry-cleaning-catalog.pdf,41,Hoffman/New Yorker/Rheem buck pads and head plates,Hoffman/New Yorker/Rheem,B-16,Head Plate,MFHP-5,White Master Finish,21 x 10 x 8,Topper,true,,Grouped Hoffman/New Yorker/Rheem catalog table row.
dc-hoffman-ny-rheem-b-16-bmfhp-5,Buckeye Dry Cleaning Pads & Covers 2026,/catalogs/dry-cleaning-catalog.pdf,41,Hoffman/New Yorker/Rheem buck pads and head plates,Hoffman/New Yorker/Rheem,B-16,Head Plate,BMFHP-5,Black Master Finish,21 x 10 x 8,Topper,true,,Grouped Hoffman/New Yorker/Rheem catalog table row.
dc-hoffman-ny-rheem-b-16-tgp-5,Buckeye Dry Cleaning Pads & Covers 2026,/catalogs/dry-cleaning-catalog.pdf,41,Hoffman/New Yorker/Rheem buck pads and head plates,Hoffman/New Yorker/Rheem,B-16,Teflon Grid Plate,TGP-5,Teflon Grid Plate,21 x 10 x 8,Topper,true,,Grouped Hoffman/New Yorker/Rheem catalog table row.
dc-hoffman-ny-rheem-b-17-pro-820,Buckeye Dry Cleaning Pads & Covers 2026,/catalogs/dry-cleaning-catalog.pdf,41,Hoffman/New Yorker/Rheem buck pads and head plates,Hoffman/New Yorker/Rheem,B-17,Pad/Cover,PRO-820,Tan Pro-Finish 861,21 x 10 x 8,Topper,true,,Grouped Hoffman/New Yorker/Rheem catalog table row.
dc-hoffman-ny-rheem-b-17-rpro-820,Buckeye Dry Cleaning Pads & Covers 2026,/catalogs/dry-cleaning-catalog.pdf,41,Hoffman/New Yorker/Rheem buck pads and head plates,Hoffman/New Yorker/Rheem,B-17,Pad/Cover,RPRO-820,Red Pro-Finish 861,21 x 10 x 8,Topper,true,,Grouped Hoffman/New Yorker/Rheem catalog table row.
dc-hoffman-ny-rheem-b-17-mfhp-5,Buckeye Dry Cleaning Pads & Covers 2026,/catalogs/dry-cleaning-catalog.pdf,41,Hoffman/New Yorker/Rheem buck pads and head plates,Hoffman/New Yorker/Rheem,B-17,Head Plate,MFHP-5,White Master Finish,21 x 10 x 8,Topper,true,,Grouped Hoffman/New Yorker/Rheem catalog table row.
dc-hoffman-ny-rheem-b-17-bmfhp-5,Buckeye Dry Cleaning Pads & Covers 2026,/catalogs/dry-cleaning-catalog.pdf,41,Hoffman/New Yorker/Rheem buck pads and head plates,Hoffman/New Yorker/Rheem,B-17,Head Plate,BMFHP-5,Black Master Finish,21 x 10 x 8,Topper,true,,Grouped Hoffman/New Yorker/Rheem catalog table row.
dc-hoffman-ny-rheem-b-17-tgp-5,Buckeye Dry Cleaning Pads & Covers 2026,/catalogs/dry-cleaning-catalog.pdf,41,Hoffman/New Yorker/Rheem buck pads and head plates,Hoffman/New Yorker/Rheem,B-17,Teflon Grid Plate,TGP-5,Teflon Grid Plate,21 x 10 x 8,Topper,true,,Grouped Hoffman/New Yorker/Rheem catalog table row.
dc-hoffman-ny-rheem-21-ct-pro-820,Buckeye Dry Cleaning Pads & Covers 2026,/catalogs/dry-cleaning-catalog.pdf,41,Hoffman/New Yorker/Rheem buck pads and head plates,Hoffman/New Yorker/Rheem,21-CT,Pad/Cover,PRO-820,Tan Pro-Finish 861,21 x 10 x 8,Topper,true,,Grouped Hoffman/New Yorker/Rheem catalog table row.
dc-hoffman-ny-rheem-21-ct-rpro-820,Buckeye Dry Cleaning Pads & Covers 2026,/catalogs/dry-cleaning-catalog.pdf,41,Hoffman/New Yorker/Rheem buck pads and head plates,Hoffman/New Yorker/Rheem,21-CT,Pad/Cover,RPRO-820,Red Pro-Finish 861,21 x 10 x 8,Topper,true,,Grouped Hoffman/New Yorker/Rheem catalog table row.
dc-hoffman-ny-rheem-21-ct-mfhp-5,Buckeye Dry Cleaning Pads & Covers 2026,/catalogs/dry-cleaning-catalog.pdf,41,Hoffman/New Yorker/Rheem buck pads and head plates,Hoffman/New Yorker/Rheem,21-CT,Head Plate,MFHP-5,White Master Finish,21 x 10 x 8,Topper,true,,Grouped Hoffman/New Yorker/Rheem catalog table row.
dc-hoffman-ny-rheem-21-ct-bmfhp-5,Buckeye Dry Cleaning Pads & Covers 2026,/catalogs/dry-cleaning-catalog.pdf,41,Hoffman/New Yorker/Rheem buck pads and head plates,Hoffman/New Yorker/Rheem,21-CT,Head Plate,BMFHP-5,Black Master Finish,21 x 10 x 8,Topper,true,,Grouped Hoffman/New Yorker/Rheem catalog table row.
dc-hoffman-ny-rheem-21-ct-tgp-5,Buckeye Dry Cleaning Pads & Covers 2026,/catalogs/dry-cleaning-catalog.pdf,41,Hoffman/New Yorker/Rheem buck pads and head plates,Hoffman/New Yorker/Rheem,21-CT,Teflon Grid Plate,TGP-5,Teflon Grid Plate,21 x 10 x 8,Topper,true,,Grouped Hoffman/New Yorker/Rheem catalog table row.
dc-hoffman-ny-rheem-21-ctx-pro-820,Buckeye Dry Cleaning Pads & Covers 2026,/catalogs/dry-cleaning-catalog.pdf,41,Hoffman/New Yorker/Rheem buck pads and head plates,Hoffman/New Yorker/Rheem,21-CTX,Pad/Cover,PRO-820,Tan Pro-Finish 861,21 x 10 x 8,Topper,true,,Grouped Hoffman/New Yorker/Rheem catalog table row.
dc-hoffman-ny-rheem-21-ctx-rpro-820,Buckeye Dry Cleaning Pads & Covers 2026,/catalogs/dry-cleaning-catalog.pdf,41,Hoffman/New Yorker/Rheem buck pads and head plates,Hoffman/New Yorker/Rheem,21-CTX,Pad/Cover,RPRO-820,Red Pro-Finish 861,21 x 10 x 8,Topper,true,,Grouped Hoffman/New Yorker/Rheem catalog table row.
dc-hoffman-ny-rheem-21-ctx-mfhp-5,Buckeye Dry Cleaning Pads & Covers 2026,/catalogs/dry-cleaning-catalog.pdf,41,Hoffman/New Yorker/Rheem buck pads and head plates,Hoffman/New Yorker/Rheem,21-CTX,Head Plate,MFHP-5,White Master Finish,21 x 10 x 8,Topper,true,,Grouped Hoffman/New Yorker/Rheem catalog table row.
dc-hoffman-ny-rheem-21-ctx-bmfhp-5,Buckeye Dry Cleaning Pads & Covers 2026,/catalogs/dry-cleaning-catalog.pdf,41,Hoffman/New Yorker/Rheem buck pads and head plates,Hoffman/New Yorker/Rheem,21-CTX,Head Plate,BMFHP-5,Black Master Finish,21 x 10 x 8,Topper,true,,Grouped Hoffman/New Yorker/Rheem catalog table row.
dc-hoffman-ny-rheem-21-ctx-tgp-5,Buckeye Dry Cleaning Pads & Covers 2026,/catalogs/dry-cleaning-catalog.pdf,41,Hoffman/New Yorker/Rheem buck pads and head plates,Hoffman/New Yorker/Rheem,21-CTX,Teflon Grid Plate,TGP-5,Teflon Grid Plate,21 x 10 x 8,Topper,true,,Grouped Hoffman/New Yorker/Rheem catalog table row.
dc-hoffman-ny-rheem-21-st-pro-820,Buckeye Dry Cleaning Pads & Covers 2026,/catalogs/dry-cleaning-catalog.pdf,41,Hoffman/New Yorker/Rheem buck pads and head plates,Hoffman/New Yorker/Rheem,21-ST,Pad/Cover,PRO-820,Tan Pro-Finish 861,21 x 10 x 8,Topper,true,,Grouped Hoffman/New Yorker/Rheem catalog table row.
dc-hoffman-ny-rheem-21-st-rpro-820,Buckeye Dry Cleaning Pads & Covers 2026,/catalogs/dry-cleaning-catalog.pdf,41,Hoffman/New Yorker/Rheem buck pads and head plates,Hoffman/New Yorker/Rheem,21-ST,Pad/Cover,RPRO-820,Red Pro-Finish 861,21 x 10 x 8,Topper,true,,Grouped Hoffman/New Yorker/Rheem catalog table row.
dc-hoffman-ny-rheem-21-st-mfhp-5,Buckeye Dry Cleaning Pads & Covers 2026,/catalogs/dry-cleaning-catalog.pdf,41,Hoffman/New Yorker/Rheem buck pads and head plates,Hoffman/New Yorker/Rheem,21-ST,Head Plate,MFHP-5,White Master Finish,21 x 10 x 8,Topper,true,,Grouped Hoffman/New Yorker/Rheem catalog table row.
dc-hoffman-ny-rheem-21-st-bmfhp-5,Buckeye Dry Cleaning Pads & Covers 2026,/catalogs/dry-cleaning-catalog.pdf,41,Hoffman/New Yorker/Rheem buck pads and head plates,Hoffman/New Yorker/Rheem,21-ST,Head Plate,BMFHP-5,Black Master Finish,21 x 10 x 8,Topper,true,,Grouped Hoffman/New Yorker/Rheem catalog table row.
dc-hoffman-ny-rheem-21-st-tgp-5,Buckeye Dry Cleaning Pads & Covers 2026,/catalogs/dry-cleaning-catalog.pdf,41,Hoffman/New Yorker/Rheem buck pads and head plates,Hoffman/New Yorker/Rheem,21-ST,Teflon Grid Plate,TGP-5,Teflon Grid Plate,21 x 10 x 8,Topper,true,,Grouped Hoffman/New Yorker/Rheem catalog table row.
dc-hoffman-ny-rheem-21-stx-pro-820,Buckeye Dry Cleaning Pads & Covers 2026,/catalogs/dry-cleaning-catalog.pdf,41,Hoffman/New Yorker/Rheem buck pads and head plates,Hoffman/New Yorker/Rheem,21-STX,Pad/Cover,PRO-820,Tan Pro-Finish 861,21 x 10 x 8,Topper,true,,Grouped Hoffman/New Yorker/Rheem catalog table row.
dc-hoffman-ny-rheem-21-stx-rpro-820,Buckeye Dry Cleaning Pads & Covers 2026,/catalogs/dry-cleaning-catalog.pdf,41,Hoffman/New Yorker/Rheem buck pads and head plates,Hoffman/New Yorker/Rheem,21-STX,Pad/Cover,RPRO-820,Red Pro-Finish 861,21 x 10 x 8,Topper,true,,Grouped Hoffman/New Yorker/Rheem catalog table row.
dc-hoffman-ny-rheem-21-stx-mfhp-5,Buckeye Dry Cleaning Pads & Covers 2026,/catalogs/dry-cleaning-catalog.pdf,41,Hoffman/New Yorker/Rheem buck pads and head plates,Hoffman/New Yorker/Rheem,21-STX,Head Plate,MFHP-5,White Master Finish,21 x 10 x 8,Topper,true,,Grouped Hoffman/New Yorker/Rheem catalog table row.
dc-hoffman-ny-rheem-21-stx-bmfhp-5,Buckeye Dry Cleaning Pads & Covers 2026,/catalogs/dry-cleaning-catalog.pdf,41,Hoffman/New Yorker/Rheem buck pads and head plates,Hoffman/New Yorker/Rheem,21-STX,Head Plate,BMFHP-5,Black Master Finish,21 x 10 x 8,Topper,true,,Grouped Hoffman/New Yorker/Rheem catalog table row.
dc-hoffman-ny-rheem-21-stx-tgp-5,Buckeye Dry Cleaning Pads & Covers 2026,/catalogs/dry-cleaning-catalog.pdf,41,Hoffman/New Yorker/Rheem buck pads and head plates,Hoffman/New Yorker/Rheem,21-STX,Teflon Grid Plate,TGP-5,Teflon Grid Plate,21 x 10 x 8,Topper,true,,Grouped Hoffman/New Yorker/Rheem catalog table row.
dc-hoffman-ny-rheem-co-17-pro-887,Buckeye Dry Cleaning Pads & Covers 2026,/catalogs/dry-cleaning-catalog.pdf,41,Hoffman/New Yorker/Rheem buck pads and head plates,Hoffman/New Yorker/Rheem,CO-17,Pad/Cover,PRO-887,Tan Pro-Finish 861,47 x 12 x 9,Utility,true,,Grouped Hoffman/New Yorker/Rheem catalog table row.
dc-hoffman-ny-rheem-co-17-rpro-887,Buckeye Dry Cleaning Pads & Covers 2026,/catalogs/dry-cleaning-catalog.pdf,41,Hoffman/New Yorker/Rheem buck pads and head plates,Hoffman/New Yorker/Rheem,CO-17,Pad/Cover,RPRO-887,Red Pro-Finish 861,47 x 12 x 9,Utility,true,,Grouped Hoffman/New Yorker/Rheem catalog table row.
dc-hoffman-ny-rheem-co-17-mfhp-46,Buckeye Dry Cleaning Pads & Covers 2026,/catalogs/dry-cleaning-catalog.pdf,41,Hoffman/New Yorker/Rheem buck pads and head plates,Hoffman/New Yorker/Rheem,CO-17,Head Plate,MFHP-46,White Master Finish,47 x 12 x 9,Utility,true,,Grouped Hoffman/New Yorker/Rheem catalog table row.
dc-hoffman-ny-rheem-co-17-bmfhp-46,Buckeye Dry Cleaning Pads & Covers 2026,/catalogs/dry-cleaning-catalog.pdf,41,Hoffman/New Yorker/Rheem buck pads and head plates,Hoffman/New Yorker/Rheem,CO-17,Head Plate,BMFHP-46,Black Master Finish,47 x 12 x 9,Utility,true,,Grouped Hoffman/New Yorker/Rheem catalog table row.
dc-hoffman-ny-rheem-co-17-tgp-46,Buckeye Dry Cleaning Pads & Covers 2026,/catalogs/dry-cleaning-catalog.pdf,41,Hoffman/New Yorker/Rheem buck pads and head plates,Hoffman/New Yorker/Rheem,CO-17,Teflon Grid Plate,TGP-46,Teflon Grid Plate,47 x 12 x 9,Utility,true,,Grouped Hoffman/New Yorker/Rheem catalog table row.
dc-hoffman-ny-rheem-co-18-pro-887,Buckeye Dry Cleaning Pads & Covers 2026,/catalogs/dry-cleaning-catalog.pdf,41,Hoffman/New Yorker/Rheem buck pads and head plates,Hoffman/New Yorker/Rheem,CO-18,Pad/Cover,PRO-887,Tan Pro-Finish 861,47 x 12 x 9,Utility,true,,Grouped Hoffman/New Yorker/Rheem catalog table row.
dc-hoffman-ny-rheem-co-18-rpro-887,Buckeye Dry Cleaning Pads & Covers 2026,/catalogs/dry-cleaning-catalog.pdf,41,Hoffman/New Yorker/Rheem buck pads and head plates,Hoffman/New Yorker/Rheem,CO-18,Pad/Cover,RPRO-887,Red Pro-Finish 861,47 x 12 x 9,Utility,true,,Grouped Hoffman/New Yorker/Rheem catalog table row.
dc-hoffman-ny-rheem-co-18-mfhp-46,Buckeye Dry Cleaning Pads & Covers 2026,/catalogs/dry-cleaning-catalog.pdf,41,Hoffman/New Yorker/Rheem buck pads and head plates,Hoffman/New Yorker/Rheem,CO-18,Head Plate,MFHP-46,White Master Finish,47 x 12 x 9,Utility,true,,Grouped Hoffman/New Yorker/Rheem catalog table row.
dc-hoffman-ny-rheem-co-18-bmfhp-46,Buckeye Dry Cleaning Pads & Covers 2026,/catalogs/dry-cleaning-catalog.pdf,41,Hoffman/New Yorker/Rheem buck pads and head plates,Hoffman/New Yorker/Rheem,CO-18,Head Plate,BMFHP-46,Black Master Finish,47 x 12 x 9,Utility,true,,Grouped Hoffman/New Yorker/Rheem catalog table row.
dc-hoffman-ny-rheem-co-18-tgp-46,Buckeye Dry Cleaning Pads & Covers 2026,/catalogs/dry-cleaning-catalog.pdf,41,Hoffman/New Yorker/Rheem buck pads and head plates,Hoffman/New Yorker/Rheem,CO-18,Teflon Grid Plate,TGP-46,Teflon Grid Plate,47 x 12 x 9,Utility,true,,Grouped Hoffman/New Yorker/Rheem catalog table row.
dc-hoffman-ny-rheem-t-17-pro-817,Buckeye Dry Cleaning Pads & Covers 2026,/catalogs/dry-cleaning-catalog.pdf,41,Hoffman/New Yorker/Rheem buck pads and head plates,Hoffman/New Yorker/Rheem,T-17,Pad/Cover,PRO-817,Tan Pro-Finish 861,20 x 9 x 8,Topper,true,,Grouped Hoffman/New Yorker/Rheem catalog table row.
dc-hoffman-ny-rheem-t-17-rpro-817,Buckeye Dry Cleaning Pads & Covers 2026,/catalogs/dry-cleaning-catalog.pdf,41,Hoffman/New Yorker/Rheem buck pads and head plates,Hoffman/New Yorker/Rheem,T-17,Pad/Cover,RPRO-817,Red Pro-Finish 861,20 x 9 x 8,Topper,true,,Grouped Hoffman/New Yorker/Rheem catalog table row.
dc-hoffman-ny-rheem-t-17-mfhp-69,Buckeye Dry Cleaning Pads & Covers 2026,/catalogs/dry-cleaning-catalog.pdf,41,Hoffman/New Yorker/Rheem buck pads and head plates,Hoffman/New Yorker/Rheem,T-17,Head Plate,MFHP-69,White Master Finish,20 x 9 x 8,Topper,true,,Grouped Hoffman/New Yorker/Rheem catalog table row.
dc-hoffman-ny-rheem-t-17-bmfhp-69,Buckeye Dry Cleaning Pads & Covers 2026,/catalogs/dry-cleaning-catalog.pdf,41,Hoffman/New Yorker/Rheem buck pads and head plates,Hoffman/New Yorker/Rheem,T-17,Head Plate,BMFHP-69,Black Master Finish,20 x 9 x 8,Topper,true,,Grouped Hoffman/New Yorker/Rheem catalog table row.
dc-hoffman-ny-rheem-t-17-tgp-69,Buckeye Dry Cleaning Pads & Covers 2026,/catalogs/dry-cleaning-catalog.pdf,41,Hoffman/New Yorker/Rheem buck pads and head plates,Hoffman/New Yorker/Rheem,T-17,Teflon Grid Plate,TGP-69,Teflon Grid Plate,20 x 9 x 8,Topper,true,,Grouped Hoffman/New Yorker/Rheem catalog table row.
dc-hoffman-ny-rheem-19-cm-pro-818,Buckeye Dry Cleaning Pads & Covers 2026,/catalogs/dry-cleaning-catalog.pdf,41,Hoffman/New Yorker/Rheem buck pads and head plates,Hoffman/New Yorker/Rheem,19-CM,Pad/Cover,PRO-818,Tan Pro-Finish 861,18 x 8 1/2,Mushroom,true,,Grouped Hoffman/New Yorker/Rheem catalog table row.
dc-hoffman-ny-rheem-19-cm-rpro-818,Buckeye Dry Cleaning Pads & Covers 2026,/catalogs/dry-cleaning-catalog.pdf,41,Hoffman/New Yorker/Rheem buck pads and head plates,Hoffman/New Yorker/Rheem,19-CM,Pad/Cover,RPRO-818,Red Pro-Finish 861,18 x 8 1/2,Mushroom,true,,Grouped Hoffman/New Yorker/Rheem catalog table row.
dc-hoffman-ny-rheem-19-cm-mfhp-3,Buckeye Dry Cleaning Pads & Covers 2026,/catalogs/dry-cleaning-catalog.pdf,41,Hoffman/New Yorker/Rheem buck pads and head plates,Hoffman/New Yorker/Rheem,19-CM,Head Plate,MFHP-3,White Master Finish,18 x 8 1/2,Mushroom,true,,Grouped Hoffman/New Yorker/Rheem catalog table row.
dc-hoffman-ny-rheem-19-cm-bmfhp-3,Buckeye Dry Cleaning Pads & Covers 2026,/catalogs/dry-cleaning-catalog.pdf,41,Hoffman/New Yorker/Rheem buck pads and head plates,Hoffman/New Yorker/Rheem,19-CM,Head Plate,BMFHP-3,Black Master Finish,18 x 8 1/2,Mushroom,true,,Grouped Hoffman/New Yorker/Rheem catalog table row.
dc-hoffman-ny-rheem-19-cm-tgp-3,Buckeye Dry Cleaning Pads & Covers 2026,/catalogs/dry-cleaning-catalog.pdf,41,Hoffman/New Yorker/Rheem buck pads and head plates,Hoffman/New Yorker/Rheem,19-CM,Teflon Grid Plate,TGP-3,Teflon Grid Plate,18 x 8 1/2,Mushroom,true,,Grouped Hoffman/New Yorker/Rheem catalog table row.
dc-hoffman-ny-rheem-19-cmx-pro-818,Buckeye Dry Cleaning Pads & Covers 2026,/catalogs/dry-cleaning-catalog.pdf,41,Hoffman/New Yorker/Rheem buck pads and head plates,Hoffman/New Yorker/Rheem,19-CMX,Pad/Cover,PRO-818,Tan Pro-Finish 861,18 x 8 1/2,Mushroom,true,,Grouped Hoffman/New Yorker/Rheem catalog table row.
dc-hoffman-ny-rheem-19-cmx-rpro-818,Buckeye Dry Cleaning Pads & Covers 2026,/catalogs/dry-cleaning-catalog.pdf,41,Hoffman/New Yorker/Rheem buck pads and head plates,Hoffman/New Yorker/Rheem,19-CMX,Pad/Cover,RPRO-818,Red Pro-Finish 861,18 x 8 1/2,Mushroom,true,,Grouped Hoffman/New Yorker/Rheem catalog table row.
dc-hoffman-ny-rheem-19-cmx-mfhp-3,Buckeye Dry Cleaning Pads & Covers 2026,/catalogs/dry-cleaning-catalog.pdf,41,Hoffman/New Yorker/Rheem buck pads and head plates,Hoffman/New Yorker/Rheem,19-CMX,Head Plate,MFHP-3,White Master Finish,18 x 8 1/2,Mushroom,true,,Grouped Hoffman/New Yorker/Rheem catalog table row.
dc-hoffman-ny-rheem-19-cmx-bmfhp-3,Buckeye Dry Cleaning Pads & Covers 2026,/catalogs/dry-cleaning-catalog.pdf,41,Hoffman/New Yorker/Rheem buck pads and head plates,Hoffman/New Yorker/Rheem,19-CMX,Head Plate,BMFHP-3,Black Master Finish,18 x 8 1/2,Mushroom,true,,Grouped Hoffman/New Yorker/Rheem catalog table row.
dc-hoffman-ny-rheem-19-cmx-tgp-3,Buckeye Dry Cleaning Pads & Covers 2026,/catalogs/dry-cleaning-catalog.pdf,41,Hoffman/New Yorker/Rheem buck pads and head plates,Hoffman/New Yorker/Rheem,19-CMX,Teflon Grid Plate,TGP-3,Teflon Grid Plate,18 x 8 1/2,Mushroom,true,,Grouped Hoffman/New Yorker/Rheem catalog table row.
dc-hoffman-ny-rheem-19-sm-pro-818,Buckeye Dry Cleaning Pads & Covers 2026,/catalogs/dry-cleaning-catalog.pdf,41,Hoffman/New Yorker/Rheem buck pads and head plates,Hoffman/New Yorker/Rheem,19-SM,Pad/Cover,PRO-818,Tan Pro-Finish 861,18 x 8 1/2,Mushroom,true,,Grouped Hoffman/New Yorker/Rheem catalog table row.
dc-hoffman-ny-rheem-19-sm-rpro-818,Buckeye Dry Cleaning Pads & Covers 2026,/catalogs/dry-cleaning-catalog.pdf,41,Hoffman/New Yorker/Rheem buck pads and head plates,Hoffman/New Yorker/Rheem,19-SM,Pad/Cover,RPRO-818,Red Pro-Finish 861,18 x 8 1/2,Mushroom,true,,Grouped Hoffman/New Yorker/Rheem catalog table row.
dc-hoffman-ny-rheem-19-sm-mfhp-3,Buckeye Dry Cleaning Pads & Covers 2026,/catalogs/dry-cleaning-catalog.pdf,41,Hoffman/New Yorker/Rheem buck pads and head plates,Hoffman/New Yorker/Rheem,19-SM,Head Plate,MFHP-3,White Master Finish,18 x 8 1/2,Mushroom,true,,Grouped Hoffman/New Yorker/Rheem catalog table row.
dc-hoffman-ny-rheem-19-sm-bmfhp-3,Buckeye Dry Cleaning Pads & Covers 2026,/catalogs/dry-cleaning-catalog.pdf,41,Hoffman/New Yorker/Rheem buck pads and head plates,Hoffman/New Yorker/Rheem,19-SM,Head Plate,BMFHP-3,Black Master Finish,18 x 8 1/2,Mushroom,true,,Grouped Hoffman/New Yorker/Rheem catalog table row.
dc-hoffman-ny-rheem-19-sm-tgp-3,Buckeye Dry Cleaning Pads & Covers 2026,/catalogs/dry-cleaning-catalog.pdf,41,Hoffman/New Yorker/Rheem buck pads and head plates,Hoffman/New Yorker/Rheem,19-SM,Teflon Grid Plate,TGP-3,Teflon Grid Plate,18 x 8 1/2,Mushroom,true,,Grouped Hoffman/New Yorker/Rheem catalog table row.
dc-hoffman-ny-rheem-19-smx-pro-818,Buckeye Dry Cleaning Pads & Covers 2026,/catalogs/dry-cleaning-catalog.pdf,41,Hoffman/New Yorker/Rheem buck pads and head plates,Hoffman/New Yorker/Rheem,19-SMX,Pad/Cover,PRO-818,Tan Pro-Finish 861,18 x 8 1/2,Mushroom,true,,Grouped Hoffman/New Yorker/Rheem catalog table row.
dc-hoffman-ny-rheem-19-smx-rpro-818,Buckeye Dry Cleaning Pads & Covers 2026,/catalogs/dry-cleaning-catalog.pdf,41,Hoffman/New Yorker/Rheem buck pads and head plates,Hoffman/New Yorker/Rheem,19-SMX,Pad/Cover,RPRO-818,Red Pro-Finish 861,18 x 8 1/2,Mushroom,true,,Grouped Hoffman/New Yorker/Rheem catalog table row.
dc-hoffman-ny-rheem-19-smx-mfhp-3,Buckeye Dry Cleaning Pads & Covers 2026,/catalogs/dry-cleaning-catalog.pdf,41,Hoffman/New Yorker/Rheem buck pads and head plates,Hoffman/New Yorker/Rheem,19-SMX,Head Plate,MFHP-3,White Master Finish,18 x 8 1/2,Mushroom,true,,Grouped Hoffman/New Yorker/Rheem catalog table row.
dc-hoffman-ny-rheem-19-smx-bmfhp-3,Buckeye Dry Cleaning Pads & Covers 2026,/catalogs/dry-cleaning-catalog.pdf,41,Hoffman/New Yorker/Rheem buck pads and head plates,Hoffman/New Yorker/Rheem,19-SMX,Head Plate,BMFHP-3,Black Master Finish,18 x 8 1/2,Mushroom,true,,Grouped Hoffman/New Yorker/Rheem catalog table row.
dc-hoffman-ny-rheem-19-smx-tgp-3,Buckeye Dry Cleaning Pads & Covers 2026,/catalogs/dry-cleaning-catalog.pdf,41,Hoffman/New Yorker/Rheem buck pads and head plates,Hoffman/New Yorker/Rheem,19-SMX,Teflon Grid Plate,TGP-3,Teflon Grid Plate,18 x 8 1/2,Mushroom,true,,Grouped Hoffman/New Yorker/Rheem catalog table row.
dc-hoffman-ny-rheem-ua-m1-19-pro-843,Buckeye Dry Cleaning Pads & Covers 2026,/catalogs/dry-cleaning-catalog.pdf,41,Hoffman/New Yorker/Rheem buck pads and head plates,Hoffman/New Yorker/Rheem,UA M1-19,Pad/Cover,PRO-843,Tan Pro-Finish 861,18 x 8 1/4,Mushroom,true,,Grouped Hoffman/New Yorker/Rheem catalog table row.
dc-hoffman-ny-rheem-ua-m1-19-rpro-843,Buckeye Dry Cleaning Pads & Covers 2026,/catalogs/dry-cleaning-catalog.pdf,41,Hoffman/New Yorker/Rheem buck pads and head plates,Hoffman/New Yorker/Rheem,UA M1-19,Pad/Cover,RPRO-843,Red Pro-Finish 861,18 x 8 1/4,Mushroom,true,,Grouped Hoffman/New Yorker/Rheem catalog table row.
dc-hoffman-ny-rheem-ua-m1-19-mfhp-29,Buckeye Dry Cleaning Pads & Covers 2026,/catalogs/dry-cleaning-catalog.pdf,41,Hoffman/New Yorker/Rheem buck pads and head plates,Hoffman/New Yorker/Rheem,UA M1-19,Head Plate,MFHP-29,White Master Finish,18 x 8 1/4,Mushroom,true,,Grouped Hoffman/New Yorker/Rheem catalog table row.
dc-hoffman-ny-rheem-ua-m1-19-bmfhp-29,Buckeye Dry Cleaning Pads & Covers 2026,/catalogs/dry-cleaning-catalog.pdf,41,Hoffman/New Yorker/Rheem buck pads and head plates,Hoffman/New Yorker/Rheem,UA M1-19,Head Plate,BMFHP-29,Black Master Finish,18 x 8 1/4,Mushroom,true,,Grouped Hoffman/New Yorker/Rheem catalog table row.
dc-hoffman-ny-rheem-ua-m1-19-tgp-29,Buckeye Dry Cleaning Pads & Covers 2026,/catalogs/dry-cleaning-catalog.pdf,41,Hoffman/New Yorker/Rheem buck pads and head plates,Hoffman/New Yorker/Rheem,UA M1-19,Teflon Grid Plate,TGP-29,Teflon Grid Plate,18 x 8 1/4,Mushroom,true,,Grouped Hoffman/New Yorker/Rheem catalog table row.
dc-hoffman-ny-rheem-hse-20-p-pro-851,Buckeye Dry Cleaning Pads & Covers 2026,/catalogs/dry-cleaning-catalog.pdf,41,Hoffman/New Yorker/Rheem buck pads and head plates,Hoffman/New Yorker/Rheem,HSE-20-P,Pad/Cover,PRO-851,Tan Pro-Finish 861,42 x 18 1/4 x 9 1/2,Legger w/cut-out,true,,Grouped Hoffman/New Yorker/Rheem catalog table row.
dc-hoffman-ny-rheem-hse-20-p-rpro-851,Buckeye Dry Cleaning Pads & Covers 2026,/catalogs/dry-cleaning-catalog.pdf,41,Hoffman/New Yorker/Rheem buck pads and head plates,Hoffman/New Yorker/Rheem,HSE-20-P,Pad/Cover,RPRO-851,Red Pro-Finish 861,42 x 18 1/4 x 9 1/2,Legger w/cut-out,true,,Grouped Hoffman/New Yorker/Rheem catalog table row.
dc-hoffman-ny-rheem-hse-20-p-mfhp-56,Buckeye Dry Cleaning Pads & Covers 2026,/catalogs/dry-cleaning-catalog.pdf,41,Hoffman/New Yorker/Rheem buck pads and head plates,Hoffman/New Yorker/Rheem,HSE-20-P,Head Plate,MFHP-56,White Master Finish,42 x 18 1/4 x 9 1/2,Legger w/cut-out,true,,Grouped Hoffman/New Yorker/Rheem catalog table row.
dc-hoffman-ny-rheem-hse-20-p-bmfhp-56,Buckeye Dry Cleaning Pads & Covers 2026,/catalogs/dry-cleaning-catalog.pdf,41,Hoffman/New Yorker/Rheem buck pads and head plates,Hoffman/New Yorker/Rheem,HSE-20-P,Head Plate,BMFHP-56,Black Master Finish,42 x 18 1/4 x 9 1/2,Legger w/cut-out,true,,Grouped Hoffman/New Yorker/Rheem catalog table row.
dc-hoffman-ny-rheem-hse-20-p-tgp-56,Buckeye Dry Cleaning Pads & Covers 2026,/catalogs/dry-cleaning-catalog.pdf,41,Hoffman/New Yorker/Rheem buck pads and head plates,Hoffman/New Yorker/Rheem,HSE-20-P,Teflon Grid Plate,TGP-56,Teflon Grid Plate,42 x 18 1/4 x 9 1/2,Legger w/cut-out,true,,Grouped Hoffman/New Yorker/Rheem catalog table row.
dc-hoffman-ny-rheem-cf-24-pro-838,Buckeye Dry Cleaning Pads & Covers 2026,/catalogs/dry-cleaning-catalog.pdf,41,Hoffman/New Yorker/Rheem buck pads and head plates,Hoffman/New Yorker/Rheem,CF-24,Pad/Cover,PRO-838,Tan Pro-Finish 861,51 x 14 1/2 x 8 1/2,Utility,true,,Grouped Hoffman/New Yorker/Rheem catalog table row.
dc-hoffman-ny-rheem-cf-24-rpro-838,Buckeye Dry Cleaning Pads & Covers 2026,/catalogs/dry-cleaning-catalog.pdf,41,Hoffman/New Yorker/Rheem buck pads and head plates,Hoffman/New Yorker/Rheem,CF-24,Pad/Cover,RPRO-838,Red Pro-Finish 861,51 x 14 1/2 x 8 1/2,Utility,true,,Grouped Hoffman/New Yorker/Rheem catalog table row.
dc-hoffman-ny-rheem-cf-24-mfhp-11,Buckeye Dry Cleaning Pads & Covers 2026,/catalogs/dry-cleaning-catalog.pdf,41,Hoffman/New Yorker/Rheem buck pads and head plates,Hoffman/New Yorker/Rheem,CF-24,Head Plate,MFHP-11,White Master Finish,51 x 14 1/2 x 8 1/2,Utility,true,,Grouped Hoffman/New Yorker/Rheem catalog table row.
dc-hoffman-ny-rheem-cf-24-bmfhp-11,Buckeye Dry Cleaning Pads & Covers 2026,/catalogs/dry-cleaning-catalog.pdf,41,Hoffman/New Yorker/Rheem buck pads and head plates,Hoffman/New Yorker/Rheem,CF-24,Head Plate,BMFHP-11,Black Master Finish,51 x 14 1/2 x 8 1/2,Utility,true,,Grouped Hoffman/New Yorker/Rheem catalog table row.
dc-hoffman-ny-rheem-cf-24-tgp-11,Buckeye Dry Cleaning Pads & Covers 2026,/catalogs/dry-cleaning-catalog.pdf,41,Hoffman/New Yorker/Rheem buck pads and head plates,Hoffman/New Yorker/Rheem,CF-24,Teflon Grid Plate,TGP-11,Teflon Grid Plate,51 x 14 1/2 x 8 1/2,Utility,true,,Grouped Hoffman/New Yorker/Rheem catalog table row.
dc-hoffman-ny-rheem-co-24-pro-838,Buckeye Dry Cleaning Pads & Covers 2026,/catalogs/dry-cleaning-catalog.pdf,41,Hoffman/New Yorker/Rheem buck pads and head plates,Hoffman/New Yorker/Rheem,CO-24,Pad/Cover,PRO-838,Tan Pro-Finish 861,51 x 14 1/2 x 8 1/2,Utility,true,,Grouped Hoffman/New Yorker/Rheem catalog table row.
dc-hoffman-ny-rheem-co-24-rpro-838,Buckeye Dry Cleaning Pads & Covers 2026,/catalogs/dry-cleaning-catalog.pdf,41,Hoffman/New Yorker/Rheem buck pads and head plates,Hoffman/New Yorker/Rheem,CO-24,Pad/Cover,RPRO-838,Red Pro-Finish 861,51 x 14 1/2 x 8 1/2,Utility,true,,Grouped Hoffman/New Yorker/Rheem catalog table row.
dc-hoffman-ny-rheem-co-24-mfhp-11,Buckeye Dry Cleaning Pads & Covers 2026,/catalogs/dry-cleaning-catalog.pdf,41,Hoffman/New Yorker/Rheem buck pads and head plates,Hoffman/New Yorker/Rheem,CO-24,Head Plate,MFHP-11,White Master Finish,51 x 14 1/2 x 8 1/2,Utility,true,,Grouped Hoffman/New Yorker/Rheem catalog table row.
dc-hoffman-ny-rheem-co-24-bmfhp-11,Buckeye Dry Cleaning Pads & Covers 2026,/catalogs/dry-cleaning-catalog.pdf,41,Hoffman/New Yorker/Rheem buck pads and head plates,Hoffman/New Yorker/Rheem,CO-24,Head Plate,BMFHP-11,Black Master Finish,51 x 14 1/2 x 8 1/2,Utility,true,,Grouped Hoffman/New Yorker/Rheem catalog table row.
dc-hoffman-ny-rheem-co-24-tgp-11,Buckeye Dry Cleaning Pads & Covers 2026,/catalogs/dry-cleaning-catalog.pdf,41,Hoffman/New Yorker/Rheem buck pads and head plates,Hoffman/New Yorker/Rheem,CO-24,Teflon Grid Plate,TGP-11,Teflon Grid Plate,51 x 14 1/2 x 8 1/2,Utility,true,,Grouped Hoffman/New Yorker/Rheem catalog table row.
dc-hoffman-ny-rheem-38-pro-848,Buckeye Dry Cleaning Pads & Covers 2026,/catalogs/dry-cleaning-catalog.pdf,41,Hoffman/New Yorker/Rheem buck pads and head plates,Hoffman/New Yorker/Rheem,38,Pad/Cover,PRO-848,Tan Pro-Finish 861,38 x 12 x 9,Utility,true,,Grouped Hoffman/New Yorker/Rheem catalog table row.
dc-hoffman-ny-rheem-38-rpro-848,Buckeye Dry Cleaning Pads & Covers 2026,/catalogs/dry-cleaning-catalog.pdf,41,Hoffman/New Yorker/Rheem buck pads and head plates,Hoffman/New Yorker/Rheem,38,Pad/Cover,RPRO-848,Red Pro-Finish 861,38 x 12 x 9,Utility,true,,Grouped Hoffman/New Yorker/Rheem catalog table row.
dc-hoffman-ny-rheem-38-mfhp-34,Buckeye Dry Cleaning Pads & Covers 2026,/catalogs/dry-cleaning-catalog.pdf,41,Hoffman/New Yorker/Rheem buck pads and head plates,Hoffman/New Yorker/Rheem,38,Head Plate,MFHP-34,White Master Finish,38 x 12 x 9,Utility,true,,Grouped Hoffman/New Yorker/Rheem catalog table row.
dc-hoffman-ny-rheem-38-bmfhp-34,Buckeye Dry Cleaning Pads & Covers 2026,/catalogs/dry-cleaning-catalog.pdf,41,Hoffman/New Yorker/Rheem buck pads and head plates,Hoffman/New Yorker/Rheem,38,Head Plate,BMFHP-34,Black Master Finish,38 x 12 x 9,Utility,true,,Grouped Hoffman/New Yorker/Rheem catalog table row.
dc-hoffman-ny-rheem-38-tgp-34,Buckeye Dry Cleaning Pads & Covers 2026,/catalogs/dry-cleaning-catalog.pdf,41,Hoffman/New Yorker/Rheem buck pads and head plates,Hoffman/New Yorker/Rheem,38,Teflon Grid Plate,TGP-34,Teflon Grid Plate,38 x 12 x 9,Utility,true,,Grouped Hoffman/New Yorker/Rheem catalog table row.
dc-hoffman-ny-rheem-38-cg-pro-848,Buckeye Dry Cleaning Pads & Covers 2026,/catalogs/dry-cleaning-catalog.pdf,41,Hoffman/New Yorker/Rheem buck pads and head plates,Hoffman/New Yorker/Rheem,38-CG,Pad/Cover,PRO-848,Tan Pro-Finish 861,38 x 12 x 9,Utility,true,,Grouped Hoffman/New Yorker/Rheem catalog table row.
dc-hoffman-ny-rheem-38-cg-rpro-848,Buckeye Dry Cleaning Pads & Covers 2026,/catalogs/dry-cleaning-catalog.pdf,41,Hoffman/New Yorker/Rheem buck pads and head plates,Hoffman/New Yorker/Rheem,38-CG,Pad/Cover,RPRO-848,Red Pro-Finish 861,38 x 12 x 9,Utility,true,,Grouped Hoffman/New Yorker/Rheem catalog table row.
dc-hoffman-ny-rheem-38-cg-mfhp-34,Buckeye Dry Cleaning Pads & Covers 2026,/catalogs/dry-cleaning-catalog.pdf,41,Hoffman/New Yorker/Rheem buck pads and head plates,Hoffman/New Yorker/Rheem,38-CG,Head Plate,MFHP-34,White Master Finish,38 x 12 x 9,Utility,true,,Grouped Hoffman/New Yorker/Rheem catalog table row.
dc-hoffman-ny-rheem-38-cg-bmfhp-34,Buckeye Dry Cleaning Pads & Covers 2026,/catalogs/dry-cleaning-catalog.pdf,41,Hoffman/New Yorker/Rheem buck pads and head plates,Hoffman/New Yorker/Rheem,38-CG,Head Plate,BMFHP-34,Black Master Finish,38 x 12 x 9,Utility,true,,Grouped Hoffman/New Yorker/Rheem catalog table row.
dc-hoffman-ny-rheem-38-cg-tgp-34,Buckeye Dry Cleaning Pads & Covers 2026,/catalogs/dry-cleaning-catalog.pdf,41,Hoffman/New Yorker/Rheem buck pads and head plates,Hoffman/New Yorker/Rheem,38-CG,Teflon Grid Plate,TGP-34,Teflon Grid Plate,38 x 12 x 9,Utility,true,,Grouped Hoffman/New Yorker/Rheem catalog table row.
dc-hoffman-ny-rheem-38-sg-pro-848,Buckeye Dry Cleaning Pads & Covers 2026,/catalogs/dry-cleaning-catalog.pdf,41,Hoffman/New Yorker/Rheem buck pads and head plates,Hoffman/New Yorker/Rheem,38-SG,Pad/Cover,PRO-848,Tan Pro-Finish 861,38 x 12 x 9,Utility,true,,Grouped Hoffman/New Yorker/Rheem catalog table row.
dc-hoffman-ny-rheem-38-sg-rpro-848,Buckeye Dry Cleaning Pads & Covers 2026,/catalogs/dry-cleaning-catalog.pdf,41,Hoffman/New Yorker/Rheem buck pads and head plates,Hoffman/New Yorker/Rheem,38-SG,Pad/Cover,RPRO-848,Red Pro-Finish 861,38 x 12 x 9,Utility,true,,Grouped Hoffman/New Yorker/Rheem catalog table row.
dc-hoffman-ny-rheem-38-sg-mfhp-34,Buckeye Dry Cleaning Pads & Covers 2026,/catalogs/dry-cleaning-catalog.pdf,41,Hoffman/New Yorker/Rheem buck pads and head plates,Hoffman/New Yorker/Rheem,38-SG,Head Plate,MFHP-34,White Master Finish,38 x 12 x 9,Utility,true,,Grouped Hoffman/New Yorker/Rheem catalog table row.
dc-hoffman-ny-rheem-38-sg-bmfhp-34,Buckeye Dry Cleaning Pads & Covers 2026,/catalogs/dry-cleaning-catalog.pdf,41,Hoffman/New Yorker/Rheem buck pads and head plates,Hoffman/New Yorker/Rheem,38-SG,Head Plate,BMFHP-34,Black Master Finish,38 x 12 x 9,Utility,true,,Grouped Hoffman/New Yorker/Rheem catalog table row.
dc-hoffman-ny-rheem-38-sg-tgp-34,Buckeye Dry Cleaning Pads & Covers 2026,/catalogs/dry-cleaning-catalog.pdf,41,Hoffman/New Yorker/Rheem buck pads and head plates,Hoffman/New Yorker/Rheem,38-SG,Teflon Grid Plate,TGP-34,Teflon Grid Plate,38 x 12 x 9,Utility,true,,Grouped Hoffman/New Yorker/Rheem catalog table row.
dc-hoffman-ny-rheem-38-sgx-pro-848,Buckeye Dry Cleaning Pads & Covers 2026,/catalogs/dry-cleaning-catalog.pdf,41,Hoffman/New Yorker/Rheem buck pads and head plates,Hoffman/New Yorker/Rheem,38-SGX,Pad/Cover,PRO-848,Tan Pro-Finish 861,38 x 12 x 9,Utility,true,,Grouped Hoffman/New Yorker/Rheem catalog table row.
dc-hoffman-ny-rheem-38-sgx-rpro-848,Buckeye Dry Cleaning Pads & Covers 2026,/catalogs/dry-cleaning-catalog.pdf,41,Hoffman/New Yorker/Rheem buck pads and head plates,Hoffman/New Yorker/Rheem,38-SGX,Pad/Cover,RPRO-848,Red Pro-Finish 861,38 x 12 x 9,Utility,true,,Grouped Hoffman/New Yorker/Rheem catalog table row.
dc-hoffman-ny-rheem-38-sgx-mfhp-34,Buckeye Dry Cleaning Pads & Covers 2026,/catalogs/dry-cleaning-catalog.pdf,41,Hoffman/New Yorker/Rheem buck pads and head plates,Hoffman/New Yorker/Rheem,38-SGX,Head Plate,MFHP-34,White Master Finish,38 x 12 x 9,Utility,true,,Grouped Hoffman/New Yorker/Rheem catalog table row.
dc-hoffman-ny-rheem-38-sgx-bmfhp-34,Buckeye Dry Cleaning Pads & Covers 2026,/catalogs/dry-cleaning-catalog.pdf,41,Hoffman/New Yorker/Rheem buck pads and head plates,Hoffman/New Yorker/Rheem,38-SGX,Head Plate,BMFHP-34,Black Master Finish,38 x 12 x 9,Utility,true,,Grouped Hoffman/New Yorker/Rheem catalog table row.
dc-hoffman-ny-rheem-38-sgx-tgp-34,Buckeye Dry Cleaning Pads & Covers 2026,/catalogs/dry-cleaning-catalog.pdf,41,Hoffman/New Yorker/Rheem buck pads and head plates,Hoffman/New Yorker/Rheem,38-SGX,Teflon Grid Plate,TGP-34,Teflon Grid Plate,38 x 12 x 9,Utility,true,,Grouped Hoffman/New Yorker/Rheem catalog table row.
dc-hoffman-ny-rheem-seald-40-pro-842,Buckeye Dry Cleaning Pads & Covers 2026,/catalogs/dry-cleaning-catalog.pdf,41,Hoffman/New Yorker/Rheem buck pads and head plates,Hoffman/New Yorker/Rheem,SEALD-40,Pad/Cover,PRO-842,Tan Pro-Finish 861,47 x 18 x 11,Legger w/cut-out,true,,Grouped Hoffman/New Yorker/Rheem catalog table row.
dc-hoffman-ny-rheem-seald-40-rpro-842,Buckeye Dry Cleaning Pads & Covers 2026,/catalogs/dry-cleaning-catalog.pdf,41,Hoffman/New Yorker/Rheem buck pads and head plates,Hoffman/New Yorker/Rheem,SEALD-40,Pad/Cover,RPRO-842,Red Pro-Finish 861,47 x 18 x 11,Legger w/cut-out,true,,Grouped Hoffman/New Yorker/Rheem catalog table row.
dc-hoffman-ny-rheem-seald-40-mfhp-20,Buckeye Dry Cleaning Pads & Covers 2026,/catalogs/dry-cleaning-catalog.pdf,41,Hoffman/New Yorker/Rheem buck pads and head plates,Hoffman/New Yorker/Rheem,SEALD-40,Head Plate,MFHP-20,White Master Finish,47 x 18 x 11,Legger w/cut-out,true,,Grouped Hoffman/New Yorker/Rheem catalog table row.
dc-hoffman-ny-rheem-seald-40-bmfhp-20,Buckeye Dry Cleaning Pads & Covers 2026,/catalogs/dry-cleaning-catalog.pdf,41,Hoffman/New Yorker/Rheem buck pads and head plates,Hoffman/New Yorker/Rheem,SEALD-40,Head Plate,BMFHP-20,Black Master Finish,47 x 18 x 11,Legger w/cut-out,true,,Grouped Hoffman/New Yorker/Rheem catalog table row.
dc-hoffman-ny-rheem-seald-40-tgp-20,Buckeye Dry Cleaning Pads & Covers 2026,/catalogs/dry-cleaning-catalog.pdf,41,Hoffman/New Yorker/Rheem buck pads and head plates,Hoffman/New Yorker/Rheem,SEALD-40,Teflon Grid Plate,TGP-20,Teflon Grid Plate,47 x 18 x 11,Legger w/cut-out,true,,Grouped Hoffman/New Yorker/Rheem catalog table row.
dc-hoffman-ny-rheem-42-pro-842,Buckeye Dry Cleaning Pads & Covers 2026,/catalogs/dry-cleaning-catalog.pdf,41,Hoffman/New Yorker/Rheem buck pads and head plates,Hoffman/New Yorker/Rheem,42,Pad/Cover,PRO-842,Tan Pro-Finish 861,42 x 12 x 9,Utility,true,,Grouped Hoffman/New Yorker/Rheem catalog table row.
dc-hoffman-ny-rheem-42-rpro-842,Buckeye Dry Cleaning Pads & Covers 2026,/catalogs/dry-cleaning-catalog.pdf,41,Hoffman/New Yorker/Rheem buck pads and head plates,Hoffman/New Yorker/Rheem,42,Pad/Cover,RPRO-842,Red Pro-Finish 861,42 x 12 x 9,Utility,true,,Grouped Hoffman/New Yorker/Rheem catalog table row.
dc-hoffman-ny-rheem-42-mfhp-20,Buckeye Dry Cleaning Pads & Covers 2026,/catalogs/dry-cleaning-catalog.pdf,41,Hoffman/New Yorker/Rheem buck pads and head plates,Hoffman/New Yorker/Rheem,42,Head Plate,MFHP-20,White Master Finish,42 x 12 x 9,Utility,true,,Grouped Hoffman/New Yorker/Rheem catalog table row.
dc-hoffman-ny-rheem-42-bmfhp-20,Buckeye Dry Cleaning Pads & Covers 2026,/catalogs/dry-cleaning-catalog.pdf,41,Hoffman/New Yorker/Rheem buck pads and head plates,Hoffman/New Yorker/Rheem,42,Head Plate,BMFHP-20,Black Master Finish,42 x 12 x 9,Utility,true,,Grouped Hoffman/New Yorker/Rheem catalog table row.
dc-hoffman-ny-rheem-42-tgp-20,Buckeye Dry Cleaning Pads & Covers 2026,/catalogs/dry-cleaning-catalog.pdf,41,Hoffman/New Yorker/Rheem buck pads and head plates,Hoffman/New Yorker/Rheem,42,Teflon Grid Plate,TGP-20,Teflon Grid Plate,42 x 12 x 9,Utility,true,,Grouped Hoffman/New Yorker/Rheem catalog table row.
dc-hoffman-ny-rheem-42-cg-pro-842,Buckeye Dry Cleaning Pads & Covers 2026,/catalogs/dry-cleaning-catalog.pdf,41,Hoffman/New Yorker/Rheem buck pads and head plates,Hoffman/New Yorker/Rheem,42-CG,Pad/Cover,PRO-842,Tan Pro-Finish 861,42 x 12 x 9,Utility,true,,Grouped Hoffman/New Yorker/Rheem catalog table row.
dc-hoffman-ny-rheem-42-cg-rpro-842,Buckeye Dry Cleaning Pads & Covers 2026,/catalogs/dry-cleaning-catalog.pdf,41,Hoffman/New Yorker/Rheem buck pads and head plates,Hoffman/New Yorker/Rheem,42-CG,Pad/Cover,RPRO-842,Red Pro-Finish 861,42 x 12 x 9,Utility,true,,Grouped Hoffman/New Yorker/Rheem catalog table row.
dc-hoffman-ny-rheem-42-cg-mfhp-20,Buckeye Dry Cleaning Pads & Covers 2026,/catalogs/dry-cleaning-catalog.pdf,41,Hoffman/New Yorker/Rheem buck pads and head plates,Hoffman/New Yorker/Rheem,42-CG,Head Plate,MFHP-20,White Master Finish,42 x 12 x 9,Utility,true,,Grouped Hoffman/New Yorker/Rheem catalog table row.
dc-hoffman-ny-rheem-42-cg-bmfhp-20,Buckeye Dry Cleaning Pads & Covers 2026,/catalogs/dry-cleaning-catalog.pdf,41,Hoffman/New Yorker/Rheem buck pads and head plates,Hoffman/New Yorker/Rheem,42-CG,Head Plate,BMFHP-20,Black Master Finish,42 x 12 x 9,Utility,true,,Grouped Hoffman/New Yorker/Rheem catalog table row.
dc-hoffman-ny-rheem-42-cg-tgp-20,Buckeye Dry Cleaning Pads & Covers 2026,/catalogs/dry-cleaning-catalog.pdf,41,Hoffman/New Yorker/Rheem buck pads and head plates,Hoffman/New Yorker/Rheem,42-CG,Teflon Grid Plate,TGP-20,Teflon Grid Plate,42 x 12 x 9,Utility,true,,Grouped Hoffman/New Yorker/Rheem catalog table row.
dc-hoffman-ny-rheem-42-sg-pro-842,Buckeye Dry Cleaning Pads & Covers 2026,/catalogs/dry-cleaning-catalog.pdf,41,Hoffman/New Yorker/Rheem buck pads and head plates,Hoffman/New Yorker/Rheem,42-SG,Pad/Cover,PRO-842,Tan Pro-Finish 861,42 x 12 x 9,Utility,true,,Grouped Hoffman/New Yorker/Rheem catalog table row.
dc-hoffman-ny-rheem-42-sg-rpro-842,Buckeye Dry Cleaning Pads & Covers 2026,/catalogs/dry-cleaning-catalog.pdf,41,Hoffman/New Yorker/Rheem buck pads and head plates,Hoffman/New Yorker/Rheem,42-SG,Pad/Cover,RPRO-842,Red Pro-Finish 861,42 x 12 x 9,Utility,true,,Grouped Hoffman/New Yorker/Rheem catalog table row.
dc-hoffman-ny-rheem-42-sg-mfhp-20,Buckeye Dry Cleaning Pads & Covers 2026,/catalogs/dry-cleaning-catalog.pdf,41,Hoffman/New Yorker/Rheem buck pads and head plates,Hoffman/New Yorker/Rheem,42-SG,Head Plate,MFHP-20,White Master Finish,42 x 12 x 9,Utility,true,,Grouped Hoffman/New Yorker/Rheem catalog table row.
dc-hoffman-ny-rheem-42-sg-bmfhp-20,Buckeye Dry Cleaning Pads & Covers 2026,/catalogs/dry-cleaning-catalog.pdf,41,Hoffman/New Yorker/Rheem buck pads and head plates,Hoffman/New Yorker/Rheem,42-SG,Head Plate,BMFHP-20,Black Master Finish,42 x 12 x 9,Utility,true,,Grouped Hoffman/New Yorker/Rheem catalog table row.
dc-hoffman-ny-rheem-42-sg-tgp-20,Buckeye Dry Cleaning Pads & Covers 2026,/catalogs/dry-cleaning-catalog.pdf,41,Hoffman/New Yorker/Rheem buck pads and head plates,Hoffman/New Yorker/Rheem,42-SG,Teflon Grid Plate,TGP-20,Teflon Grid Plate,42 x 12 x 9,Utility,true,,Grouped Hoffman/New Yorker/Rheem catalog table row.
dc-hoffman-ny-rheem-42-sgx-pro-842,Buckeye Dry Cleaning Pads & Covers 2026,/catalogs/dry-cleaning-catalog.pdf,41,Hoffman/New Yorker/Rheem buck pads and head plates,Hoffman/New Yorker/Rheem,42-SGX,Pad/Cover,PRO-842,Tan Pro-Finish 861,42 x 12 x 9,Utility,true,,Grouped Hoffman/New Yorker/Rheem catalog table row.
dc-hoffman-ny-rheem-42-sgx-rpro-842,Buckeye Dry Cleaning Pads & Covers 2026,/catalogs/dry-cleaning-catalog.pdf,41,Hoffman/New Yorker/Rheem buck pads and head plates,Hoffman/New Yorker/Rheem,42-SGX,Pad/Cover,RPRO-842,Red Pro-Finish 861,42 x 12 x 9,Utility,true,,Grouped Hoffman/New Yorker/Rheem catalog table row.
dc-hoffman-ny-rheem-42-sgx-mfhp-20,Buckeye Dry Cleaning Pads & Covers 2026,/catalogs/dry-cleaning-catalog.pdf,41,Hoffman/New Yorker/Rheem buck pads and head plates,Hoffman/New Yorker/Rheem,42-SGX,Head Plate,MFHP-20,White Master Finish,42 x 12 x 9,Utility,true,,Grouped Hoffman/New Yorker/Rheem catalog table row.
dc-hoffman-ny-rheem-42-sgx-bmfhp-20,Buckeye Dry Cleaning Pads & Covers 2026,/catalogs/dry-cleaning-catalog.pdf,41,Hoffman/New Yorker/Rheem buck pads and head plates,Hoffman/New Yorker/Rheem,42-SGX,Head Plate,BMFHP-20,Black Master Finish,42 x 12 x 9,Utility,true,,Grouped Hoffman/New Yorker/Rheem catalog table row.
dc-hoffman-ny-rheem-42-sgx-tgp-20,Buckeye Dry Cleaning Pads & Covers 2026,/catalogs/dry-cleaning-catalog.pdf,41,Hoffman/New Yorker/Rheem buck pads and head plates,Hoffman/New Yorker/Rheem,42-SGX,Teflon Grid Plate,TGP-20,Teflon Grid Plate,42 x 12 x 9,Utility,true,,Grouped Hoffman/New Yorker/Rheem catalog table row.
dc-hoffman-ny-rheem-42-cl-pro-843,Buckeye Dry Cleaning Pads & Covers 2026,/catalogs/dry-cleaning-catalog.pdf,41,Hoffman/New Yorker/Rheem buck pads and head plates,Hoffman/New Yorker/Rheem,42-CL,Pad/Cover,PRO-843,Tan Pro-Finish 861,42 x 18 1/2 x 11 1/2,Legger w/cut-out,true,,Grouped Hoffman/New Yorker/Rheem catalog table row.
dc-hoffman-ny-rheem-42-cl-rpro-843,Buckeye Dry Cleaning Pads & Covers 2026,/catalogs/dry-cleaning-catalog.pdf,41,Hoffman/New Yorker/Rheem buck pads and head plates,Hoffman/New Yorker/Rheem,42-CL,Pad/Cover,RPRO-843,Red Pro-Finish 861,42 x 18 1/2 x 11 1/2,Legger w/cut-out,true,,Grouped Hoffman/New Yorker/Rheem catalog table row.
dc-hoffman-ny-rheem-42-cl-mfhp-29,Buckeye Dry Cleaning Pads & Covers 2026,/catalogs/dry-cleaning-catalog.pdf,41,Hoffman/New Yorker/Rheem buck pads and head plates,Hoffman/New Yorker/Rheem,42-CL,Head Plate,MFHP-29,White Master Finish,42 x 18 1/2 x 11 1/2,Legger w/cut-out,true,,Grouped Hoffman/New Yorker/Rheem catalog table row.
dc-hoffman-ny-rheem-42-cl-bmfhp-29,Buckeye Dry Cleaning Pads & Covers 2026,/catalogs/dry-cleaning-catalog.pdf,41,Hoffman/New Yorker/Rheem buck pads and head plates,Hoffman/New Yorker/Rheem,42-CL,Head Plate,BMFHP-29,Black Master Finish,42 x 18 1/2 x 11 1/2,Legger w/cut-out,true,,Grouped Hoffman/New Yorker/Rheem catalog table row.
dc-hoffman-ny-rheem-42-cl-tgp-29,Buckeye Dry Cleaning Pads & Covers 2026,/catalogs/dry-cleaning-catalog.pdf,41,Hoffman/New Yorker/Rheem buck pads and head plates,Hoffman/New Yorker/Rheem,42-CL,Teflon Grid Plate,TGP-29,Teflon Grid Plate,42 x 18 1/2 x 11 1/2,Legger w/cut-out,true,,Grouped Hoffman/New Yorker/Rheem catalog table row.
dc-hoffman-ny-rheem-42-clx-pro-843,Buckeye Dry Cleaning Pads & Covers 2026,/catalogs/dry-cleaning-catalog.pdf,41,Hoffman/New Yorker/Rheem buck pads and head plates,Hoffman/New Yorker/Rheem,42-CLX,Pad/Cover,PRO-843,Tan Pro-Finish 861,42 x 18 1/2 x 11 1/2,Legger w/cut-out,true,,Grouped Hoffman/New Yorker/Rheem catalog table row.
dc-hoffman-ny-rheem-42-clx-rpro-843,Buckeye Dry Cleaning Pads & Covers 2026,/catalogs/dry-cleaning-catalog.pdf,41,Hoffman/New Yorker/Rheem buck pads and head plates,Hoffman/New Yorker/Rheem,42-CLX,Pad/Cover,RPRO-843,Red Pro-Finish 861,42 x 18 1/2 x 11 1/2,Legger w/cut-out,true,,Grouped Hoffman/New Yorker/Rheem catalog table row.
dc-hoffman-ny-rheem-42-clx-mfhp-29,Buckeye Dry Cleaning Pads & Covers 2026,/catalogs/dry-cleaning-catalog.pdf,41,Hoffman/New Yorker/Rheem buck pads and head plates,Hoffman/New Yorker/Rheem,42-CLX,Head Plate,MFHP-29,White Master Finish,42 x 18 1/2 x 11 1/2,Legger w/cut-out,true,,Grouped Hoffman/New Yorker/Rheem catalog table row.
dc-hoffman-ny-rheem-42-clx-bmfhp-29,Buckeye Dry Cleaning Pads & Covers 2026,/catalogs/dry-cleaning-catalog.pdf,41,Hoffman/New Yorker/Rheem buck pads and head plates,Hoffman/New Yorker/Rheem,42-CLX,Head Plate,BMFHP-29,Black Master Finish,42 x 18 1/2 x 11 1/2,Legger w/cut-out,true,,Grouped Hoffman/New Yorker/Rheem catalog table row.
dc-hoffman-ny-rheem-42-clx-tgp-29,Buckeye Dry Cleaning Pads & Covers 2026,/catalogs/dry-cleaning-catalog.pdf,41,Hoffman/New Yorker/Rheem buck pads and head plates,Hoffman/New Yorker/Rheem,42-CLX,Teflon Grid Plate,TGP-29,Teflon Grid Plate,42 x 18 1/2 x 11 1/2,Legger w/cut-out,true,,Grouped Hoffman/New Yorker/Rheem catalog table row.
dc-hoffman-ny-rheem-42-sl-pro-843,Buckeye Dry Cleaning Pads & Covers 2026,/catalogs/dry-cleaning-catalog.pdf,41,Hoffman/New Yorker/Rheem buck pads and head plates,Hoffman/New Yorker/Rheem,42-SL,Pad/Cover,PRO-843,Tan Pro-Finish 861,42 x 18 1/2 x 11 1/2,Legger w/cut-out,true,,Grouped Hoffman/New Yorker/Rheem catalog table row.
dc-hoffman-ny-rheem-42-sl-rpro-843,Buckeye Dry Cleaning Pads & Covers 2026,/catalogs/dry-cleaning-catalog.pdf,41,Hoffman/New Yorker/Rheem buck pads and head plates,Hoffman/New Yorker/Rheem,42-SL,Pad/Cover,RPRO-843,Red Pro-Finish 861,42 x 18 1/2 x 11 1/2,Legger w/cut-out,true,,Grouped Hoffman/New Yorker/Rheem catalog table row.
dc-hoffman-ny-rheem-42-sl-mfhp-29,Buckeye Dry Cleaning Pads & Covers 2026,/catalogs/dry-cleaning-catalog.pdf,41,Hoffman/New Yorker/Rheem buck pads and head plates,Hoffman/New Yorker/Rheem,42-SL,Head Plate,MFHP-29,White Master Finish,42 x 18 1/2 x 11 1/2,Legger w/cut-out,true,,Grouped Hoffman/New Yorker/Rheem catalog table row.
dc-hoffman-ny-rheem-42-sl-bmfhp-29,Buckeye Dry Cleaning Pads & Covers 2026,/catalogs/dry-cleaning-catalog.pdf,41,Hoffman/New Yorker/Rheem buck pads and head plates,Hoffman/New Yorker/Rheem,42-SL,Head Plate,BMFHP-29,Black Master Finish,42 x 18 1/2 x 11 1/2,Legger w/cut-out,true,,Grouped Hoffman/New Yorker/Rheem catalog table row.
dc-hoffman-ny-rheem-42-sl-tgp-29,Buckeye Dry Cleaning Pads & Covers 2026,/catalogs/dry-cleaning-catalog.pdf,41,Hoffman/New Yorker/Rheem buck pads and head plates,Hoffman/New Yorker/Rheem,42-SL,Teflon Grid Plate,TGP-29,Teflon Grid Plate,42 x 18 1/2 x 11 1/2,Legger w/cut-out,true,,Grouped Hoffman/New Yorker/Rheem catalog table row.
dc-hoffman-ny-rheem-42-slx-pro-843,Buckeye Dry Cleaning Pads & Covers 2026,/catalogs/dry-cleaning-catalog.pdf,41,Hoffman/New Yorker/Rheem buck pads and head plates,Hoffman/New Yorker/Rheem,42-SLX,Pad/Cover,PRO-843,Tan Pro-Finish 861,42 x 18 1/2 x 11 1/2,Legger w/cut-out,true,,Grouped Hoffman/New Yorker/Rheem catalog table row.
dc-hoffman-ny-rheem-42-slx-rpro-843,Buckeye Dry Cleaning Pads & Covers 2026,/catalogs/dry-cleaning-catalog.pdf,41,Hoffman/New Yorker/Rheem buck pads and head plates,Hoffman/New Yorker/Rheem,42-SLX,Pad/Cover,RPRO-843,Red Pro-Finish 861,42 x 18 1/2 x 11 1/2,Legger w/cut-out,true,,Grouped Hoffman/New Yorker/Rheem catalog table row.
dc-hoffman-ny-rheem-42-slx-mfhp-29,Buckeye Dry Cleaning Pads & Covers 2026,/catalogs/dry-cleaning-catalog.pdf,41,Hoffman/New Yorker/Rheem buck pads and head plates,Hoffman/New Yorker/Rheem,42-SLX,Head Plate,MFHP-29,White Master Finish,42 x 18 1/2 x 11 1/2,Legger w/cut-out,true,,Grouped Hoffman/New Yorker/Rheem catalog table row.
dc-hoffman-ny-rheem-42-slx-bmfhp-29,Buckeye Dry Cleaning Pads & Covers 2026,/catalogs/dry-cleaning-catalog.pdf,41,Hoffman/New Yorker/Rheem buck pads and head plates,Hoffman/New Yorker/Rheem,42-SLX,Head Plate,BMFHP-29,Black Master Finish,42 x 18 1/2 x 11 1/2,Legger w/cut-out,true,,Grouped Hoffman/New Yorker/Rheem catalog table row.
dc-hoffman-ny-rheem-42-slx-tgp-29,Buckeye Dry Cleaning Pads & Covers 2026,/catalogs/dry-cleaning-catalog.pdf,41,Hoffman/New Yorker/Rheem buck pads and head plates,Hoffman/New Yorker/Rheem,42-SLX,Teflon Grid Plate,TGP-29,Teflon Grid Plate,42 x 18 1/2 x 11 1/2,Legger w/cut-out,true,,Grouped Hoffman/New Yorker/Rheem catalog table row.
dc-hoffman-ny-rheem-aa-42-pro-842,Buckeye Dry Cleaning Pads & Covers 2026,/catalogs/dry-cleaning-catalog.pdf,42,Hoffman/New Yorker/Rheem buck pads and head plates,Hoffman/New Yorker/Rheem,AA-42,Pad/Cover,PRO-842,Tan Pro-Finish 861,42 x 12 x 9,Utility,true,,Grouped Hoffman/New Yorker/Rheem catalog table row.
dc-hoffman-ny-rheem-aa-42-rpro-842,Buckeye Dry Cleaning Pads & Covers 2026,/catalogs/dry-cleaning-catalog.pdf,42,Hoffman/New Yorker/Rheem buck pads and head plates,Hoffman/New Yorker/Rheem,AA-42,Pad/Cover,RPRO-842,Red Pro-Finish 861,42 x 12 x 9,Utility,true,,Grouped Hoffman/New Yorker/Rheem catalog table row.
dc-hoffman-ny-rheem-aa-42-mfhp-20,Buckeye Dry Cleaning Pads & Covers 2026,/catalogs/dry-cleaning-catalog.pdf,42,Hoffman/New Yorker/Rheem buck pads and head plates,Hoffman/New Yorker/Rheem,AA-42,Head Plate,MFHP-20,White Master Finish,42 x 12 x 9,Utility,true,,Grouped Hoffman/New Yorker/Rheem catalog table row.
dc-hoffman-ny-rheem-aa-42-bmfhp-20,Buckeye Dry Cleaning Pads & Covers 2026,/catalogs/dry-cleaning-catalog.pdf,42,Hoffman/New Yorker/Rheem buck pads and head plates,Hoffman/New Yorker/Rheem,AA-42,Head Plate,BMFHP-20,Black Master Finish,42 x 12 x 9,Utility,true,,Grouped Hoffman/New Yorker/Rheem catalog table row.
dc-hoffman-ny-rheem-aa-42-tgp-20,Buckeye Dry Cleaning Pads & Covers 2026,/catalogs/dry-cleaning-catalog.pdf,42,Hoffman/New Yorker/Rheem buck pads and head plates,Hoffman/New Yorker/Rheem,AA-42,Teflon Grid Plate,TGP-20,Teflon Grid Plate,42 x 12 x 9,Utility,true,,Grouped Hoffman/New Yorker/Rheem catalog table row.
dc-hoffman-ny-rheem-bc-42-pro-842,Buckeye Dry Cleaning Pads & Covers 2026,/catalogs/dry-cleaning-catalog.pdf,42,Hoffman/New Yorker/Rheem buck pads and head plates,Hoffman/New Yorker/Rheem,BC-42,Pad/Cover,PRO-842,Tan Pro-Finish 861,42 x 12 x 9,Utility,true,,Grouped Hoffman/New Yorker/Rheem catalog table row.
dc-hoffman-ny-rheem-bc-42-rpro-842,Buckeye Dry Cleaning Pads & Covers 2026,/catalogs/dry-cleaning-catalog.pdf,42,Hoffman/New Yorker/Rheem buck pads and head plates,Hoffman/New Yorker/Rheem,BC-42,Pad/Cover,RPRO-842,Red Pro-Finish 861,42 x 12 x 9,Utility,true,,Grouped Hoffman/New Yorker/Rheem catalog table row.
dc-hoffman-ny-rheem-bc-42-mfhp-20,Buckeye Dry Cleaning Pads & Covers 2026,/catalogs/dry-cleaning-catalog.pdf,42,Hoffman/New Yorker/Rheem buck pads and head plates,Hoffman/New Yorker/Rheem,BC-42,Head Plate,MFHP-20,White Master Finish,42 x 12 x 9,Utility,true,,Grouped Hoffman/New Yorker/Rheem catalog table row.
dc-hoffman-ny-rheem-bc-42-bmfhp-20,Buckeye Dry Cleaning Pads & Covers 2026,/catalogs/dry-cleaning-catalog.pdf,42,Hoffman/New Yorker/Rheem buck pads and head plates,Hoffman/New Yorker/Rheem,BC-42,Head Plate,BMFHP-20,Black Master Finish,42 x 12 x 9,Utility,true,,Grouped Hoffman/New Yorker/Rheem catalog table row.
dc-hoffman-ny-rheem-bc-42-tgp-20,Buckeye Dry Cleaning Pads & Covers 2026,/catalogs/dry-cleaning-catalog.pdf,42,Hoffman/New Yorker/Rheem buck pads and head plates,Hoffman/New Yorker/Rheem,BC-42,Teflon Grid Plate,TGP-20,Teflon Grid Plate,42 x 12 x 9,Utility,true,,Grouped Hoffman/New Yorker/Rheem catalog table row.
dc-hoffman-ny-rheem-bc-42sc-pro-842,Buckeye Dry Cleaning Pads & Covers 2026,/catalogs/dry-cleaning-catalog.pdf,42,Hoffman/New Yorker/Rheem buck pads and head plates,Hoffman/New Yorker/Rheem,BC-42SC,Pad/Cover,PRO-842,Tan Pro-Finish 861,42 x 12 x 9,Utility,true,,Grouped Hoffman/New Yorker/Rheem catalog table row.
dc-hoffman-ny-rheem-bc-42sc-rpro-842,Buckeye Dry Cleaning Pads & Covers 2026,/catalogs/dry-cleaning-catalog.pdf,42,Hoffman/New Yorker/Rheem buck pads and head plates,Hoffman/New Yorker/Rheem,BC-42SC,Pad/Cover,RPRO-842,Red Pro-Finish 861,42 x 12 x 9,Utility,true,,Grouped Hoffman/New Yorker/Rheem catalog table row.
dc-hoffman-ny-rheem-bc-42sc-mfhp-20,Buckeye Dry Cleaning Pads & Covers 2026,/catalogs/dry-cleaning-catalog.pdf,42,Hoffman/New Yorker/Rheem buck pads and head plates,Hoffman/New Yorker/Rheem,BC-42SC,Head Plate,MFHP-20,White Master Finish,42 x 12 x 9,Utility,true,,Grouped Hoffman/New Yorker/Rheem catalog table row.
dc-hoffman-ny-rheem-bc-42sc-bmfhp-20,Buckeye Dry Cleaning Pads & Covers 2026,/catalogs/dry-cleaning-catalog.pdf,42,Hoffman/New Yorker/Rheem buck pads and head plates,Hoffman/New Yorker/Rheem,BC-42SC,Head Plate,BMFHP-20,Black Master Finish,42 x 12 x 9,Utility,true,,Grouped Hoffman/New Yorker/Rheem catalog table row.
dc-hoffman-ny-rheem-bc-42sc-tgp-20,Buckeye Dry Cleaning Pads & Covers 2026,/catalogs/dry-cleaning-catalog.pdf,42,Hoffman/New Yorker/Rheem buck pads and head plates,Hoffman/New Yorker/Rheem,BC-42SC,Teflon Grid Plate,TGP-20,Teflon Grid Plate,42 x 12 x 9,Utility,true,,Grouped Hoffman/New Yorker/Rheem catalog table row.
dc-hoffman-ny-rheem-ec-42-pro-842,Buckeye Dry Cleaning Pads & Covers 2026,/catalogs/dry-cleaning-catalog.pdf,42,Hoffman/New Yorker/Rheem buck pads and head plates,Hoffman/New Yorker/Rheem,EC-42,Pad/Cover,PRO-842,Tan Pro-Finish 861,42 x 12 x 9,Utility,true,,Grouped Hoffman/New Yorker/Rheem catalog table row.
dc-hoffman-ny-rheem-ec-42-rpro-842,Buckeye Dry Cleaning Pads & Covers 2026,/catalogs/dry-cleaning-catalog.pdf,42,Hoffman/New Yorker/Rheem buck pads and head plates,Hoffman/New Yorker/Rheem,EC-42,Pad/Cover,RPRO-842,Red Pro-Finish 861,42 x 12 x 9,Utility,true,,Grouped Hoffman/New Yorker/Rheem catalog table row.
dc-hoffman-ny-rheem-ec-42-mfhp-20,Buckeye Dry Cleaning Pads & Covers 2026,/catalogs/dry-cleaning-catalog.pdf,42,Hoffman/New Yorker/Rheem buck pads and head plates,Hoffman/New Yorker/Rheem,EC-42,Head Plate,MFHP-20,White Master Finish,42 x 12 x 9,Utility,true,,Grouped Hoffman/New Yorker/Rheem catalog table row.
dc-hoffman-ny-rheem-ec-42-bmfhp-20,Buckeye Dry Cleaning Pads & Covers 2026,/catalogs/dry-cleaning-catalog.pdf,42,Hoffman/New Yorker/Rheem buck pads and head plates,Hoffman/New Yorker/Rheem,EC-42,Head Plate,BMFHP-20,Black Master Finish,42 x 12 x 9,Utility,true,,Grouped Hoffman/New Yorker/Rheem catalog table row.
dc-hoffman-ny-rheem-ec-42-tgp-20,Buckeye Dry Cleaning Pads & Covers 2026,/catalogs/dry-cleaning-catalog.pdf,42,Hoffman/New Yorker/Rheem buck pads and head plates,Hoffman/New Yorker/Rheem,EC-42,Teflon Grid Plate,TGP-20,Teflon Grid Plate,42 x 12 x 9,Utility,true,,Grouped Hoffman/New Yorker/Rheem catalog table row.
dc-hoffman-ny-rheem-es-42-pro-842,Buckeye Dry Cleaning Pads & Covers 2026,/catalogs/dry-cleaning-catalog.pdf,42,Hoffman/New Yorker/Rheem buck pads and head plates,Hoffman/New Yorker/Rheem,ES-42,Pad/Cover,PRO-842,Tan Pro-Finish 861,42 x 12 x 9,Utility,true,,Grouped Hoffman/New Yorker/Rheem catalog table row.
dc-hoffman-ny-rheem-es-42-rpro-842,Buckeye Dry Cleaning Pads & Covers 2026,/catalogs/dry-cleaning-catalog.pdf,42,Hoffman/New Yorker/Rheem buck pads and head plates,Hoffman/New Yorker/Rheem,ES-42,Pad/Cover,RPRO-842,Red Pro-Finish 861,42 x 12 x 9,Utility,true,,Grouped Hoffman/New Yorker/Rheem catalog table row.
dc-hoffman-ny-rheem-es-42-mfhp-20,Buckeye Dry Cleaning Pads & Covers 2026,/catalogs/dry-cleaning-catalog.pdf,42,Hoffman/New Yorker/Rheem buck pads and head plates,Hoffman/New Yorker/Rheem,ES-42,Head Plate,MFHP-20,White Master Finish,42 x 12 x 9,Utility,true,,Grouped Hoffman/New Yorker/Rheem catalog table row.
dc-hoffman-ny-rheem-es-42-bmfhp-20,Buckeye Dry Cleaning Pads & Covers 2026,/catalogs/dry-cleaning-catalog.pdf,42,Hoffman/New Yorker/Rheem buck pads and head plates,Hoffman/New Yorker/Rheem,ES-42,Head Plate,BMFHP-20,Black Master Finish,42 x 12 x 9,Utility,true,,Grouped Hoffman/New Yorker/Rheem catalog table row.
dc-hoffman-ny-rheem-es-42-tgp-20,Buckeye Dry Cleaning Pads & Covers 2026,/catalogs/dry-cleaning-catalog.pdf,42,Hoffman/New Yorker/Rheem buck pads and head plates,Hoffman/New Yorker/Rheem,ES-42,Teflon Grid Plate,TGP-20,Teflon Grid Plate,42 x 12 x 9,Utility,true,,Grouped Hoffman/New Yorker/Rheem catalog table row.
dc-hoffman-ny-rheem-fb-42-pro-842,Buckeye Dry Cleaning Pads & Covers 2026,/catalogs/dry-cleaning-catalog.pdf,42,Hoffman/New Yorker/Rheem buck pads and head plates,Hoffman/New Yorker/Rheem,FB-42,Pad/Cover,PRO-842,Tan Pro-Finish 861,42 x 12 x 9,Utility,true,,Grouped Hoffman/New Yorker/Rheem catalog table row.
dc-hoffman-ny-rheem-fb-42-rpro-842,Buckeye Dry Cleaning Pads & Covers 2026,/catalogs/dry-cleaning-catalog.pdf,42,Hoffman/New Yorker/Rheem buck pads and head plates,Hoffman/New Yorker/Rheem,FB-42,Pad/Cover,RPRO-842,Red Pro-Finish 861,42 x 12 x 9,Utility,true,,Grouped Hoffman/New Yorker/Rheem catalog table row.
dc-hoffman-ny-rheem-fb-42-mfhp-20,Buckeye Dry Cleaning Pads & Covers 2026,/catalogs/dry-cleaning-catalog.pdf,42,Hoffman/New Yorker/Rheem buck pads and head plates,Hoffman/New Yorker/Rheem,FB-42,Head Plate,MFHP-20,White Master Finish,42 x 12 x 9,Utility,true,,Grouped Hoffman/New Yorker/Rheem catalog table row.
dc-hoffman-ny-rheem-fb-42-bmfhp-20,Buckeye Dry Cleaning Pads & Covers 2026,/catalogs/dry-cleaning-catalog.pdf,42,Hoffman/New Yorker/Rheem buck pads and head plates,Hoffman/New Yorker/Rheem,FB-42,Head Plate,BMFHP-20,Black Master Finish,42 x 12 x 9,Utility,true,,Grouped Hoffman/New Yorker/Rheem catalog table row.
dc-hoffman-ny-rheem-fb-42-tgp-20,Buckeye Dry Cleaning Pads & Covers 2026,/catalogs/dry-cleaning-catalog.pdf,42,Hoffman/New Yorker/Rheem buck pads and head plates,Hoffman/New Yorker/Rheem,FB-42,Teflon Grid Plate,TGP-20,Teflon Grid Plate,42 x 12 x 9,Utility,true,,Grouped Hoffman/New Yorker/Rheem catalog table row.
dc-hoffman-ny-rheem-fx-42-pro-842,Buckeye Dry Cleaning Pads & Covers 2026,/catalogs/dry-cleaning-catalog.pdf,42,Hoffman/New Yorker/Rheem buck pads and head plates,Hoffman/New Yorker/Rheem,FX-42,Pad/Cover,PRO-842,Tan Pro-Finish 861,42 x 12 x 9,Utility,true,,Grouped Hoffman/New Yorker/Rheem catalog table row.
dc-hoffman-ny-rheem-fx-42-rpro-842,Buckeye Dry Cleaning Pads & Covers 2026,/catalogs/dry-cleaning-catalog.pdf,42,Hoffman/New Yorker/Rheem buck pads and head plates,Hoffman/New Yorker/Rheem,FX-42,Pad/Cover,RPRO-842,Red Pro-Finish 861,42 x 12 x 9,Utility,true,,Grouped Hoffman/New Yorker/Rheem catalog table row.
dc-hoffman-ny-rheem-fx-42-mfhp-20,Buckeye Dry Cleaning Pads & Covers 2026,/catalogs/dry-cleaning-catalog.pdf,42,Hoffman/New Yorker/Rheem buck pads and head plates,Hoffman/New Yorker/Rheem,FX-42,Head Plate,MFHP-20,White Master Finish,42 x 12 x 9,Utility,true,,Grouped Hoffman/New Yorker/Rheem catalog table row.
dc-hoffman-ny-rheem-fx-42-bmfhp-20,Buckeye Dry Cleaning Pads & Covers 2026,/catalogs/dry-cleaning-catalog.pdf,42,Hoffman/New Yorker/Rheem buck pads and head plates,Hoffman/New Yorker/Rheem,FX-42,Head Plate,BMFHP-20,Black Master Finish,42 x 12 x 9,Utility,true,,Grouped Hoffman/New Yorker/Rheem catalog table row.
dc-hoffman-ny-rheem-fx-42-tgp-20,Buckeye Dry Cleaning Pads & Covers 2026,/catalogs/dry-cleaning-catalog.pdf,42,Hoffman/New Yorker/Rheem buck pads and head plates,Hoffman/New Yorker/Rheem,FX-42,Teflon Grid Plate,TGP-20,Teflon Grid Plate,42 x 12 x 9,Utility,true,,Grouped Hoffman/New Yorker/Rheem catalog table row.
dc-hoffman-ny-rheem-fx-42sc-pro-842,Buckeye Dry Cleaning Pads & Covers 2026,/catalogs/dry-cleaning-catalog.pdf,42,Hoffman/New Yorker/Rheem buck pads and head plates,Hoffman/New Yorker/Rheem,FX-42SC,Pad/Cover,PRO-842,Tan Pro-Finish 861,42 x 12 x 9,Utility,true,,Grouped Hoffman/New Yorker/Rheem catalog table row.
dc-hoffman-ny-rheem-fx-42sc-rpro-842,Buckeye Dry Cleaning Pads & Covers 2026,/catalogs/dry-cleaning-catalog.pdf,42,Hoffman/New Yorker/Rheem buck pads and head plates,Hoffman/New Yorker/Rheem,FX-42SC,Pad/Cover,RPRO-842,Red Pro-Finish 861,42 x 12 x 9,Utility,true,,Grouped Hoffman/New Yorker/Rheem catalog table row.
dc-hoffman-ny-rheem-fx-42sc-mfhp-20,Buckeye Dry Cleaning Pads & Covers 2026,/catalogs/dry-cleaning-catalog.pdf,42,Hoffman/New Yorker/Rheem buck pads and head plates,Hoffman/New Yorker/Rheem,FX-42SC,Head Plate,MFHP-20,White Master Finish,42 x 12 x 9,Utility,true,,Grouped Hoffman/New Yorker/Rheem catalog table row.
dc-hoffman-ny-rheem-fx-42sc-bmfhp-20,Buckeye Dry Cleaning Pads & Covers 2026,/catalogs/dry-cleaning-catalog.pdf,42,Hoffman/New Yorker/Rheem buck pads and head plates,Hoffman/New Yorker/Rheem,FX-42SC,Head Plate,BMFHP-20,Black Master Finish,42 x 12 x 9,Utility,true,,Grouped Hoffman/New Yorker/Rheem catalog table row.
dc-hoffman-ny-rheem-fx-42sc-tgp-20,Buckeye Dry Cleaning Pads & Covers 2026,/catalogs/dry-cleaning-catalog.pdf,42,Hoffman/New Yorker/Rheem buck pads and head plates,Hoffman/New Yorker/Rheem,FX-42SC,Teflon Grid Plate,TGP-20,Teflon Grid Plate,42 x 12 x 9,Utility,true,,Grouped Hoffman/New Yorker/Rheem catalog table row.
dc-hoffman-ny-rheem-hds-42-pro-842,Buckeye Dry Cleaning Pads & Covers 2026,/catalogs/dry-cleaning-catalog.pdf,42,Hoffman/New Yorker/Rheem buck pads and head plates,Hoffman/New Yorker/Rheem,HDS-42,Pad/Cover,PRO-842,Tan Pro-Finish 861,42 x 12 x 9,Utility,true,,Grouped Hoffman/New Yorker/Rheem catalog table row.
dc-hoffman-ny-rheem-hds-42-rpro-842,Buckeye Dry Cleaning Pads & Covers 2026,/catalogs/dry-cleaning-catalog.pdf,42,Hoffman/New Yorker/Rheem buck pads and head plates,Hoffman/New Yorker/Rheem,HDS-42,Pad/Cover,RPRO-842,Red Pro-Finish 861,42 x 12 x 9,Utility,true,,Grouped Hoffman/New Yorker/Rheem catalog table row.
dc-hoffman-ny-rheem-hds-42-mfhp-20,Buckeye Dry Cleaning Pads & Covers 2026,/catalogs/dry-cleaning-catalog.pdf,42,Hoffman/New Yorker/Rheem buck pads and head plates,Hoffman/New Yorker/Rheem,HDS-42,Head Plate,MFHP-20,White Master Finish,42 x 12 x 9,Utility,true,,Grouped Hoffman/New Yorker/Rheem catalog table row.
dc-hoffman-ny-rheem-hds-42-bmfhp-20,Buckeye Dry Cleaning Pads & Covers 2026,/catalogs/dry-cleaning-catalog.pdf,42,Hoffman/New Yorker/Rheem buck pads and head plates,Hoffman/New Yorker/Rheem,HDS-42,Head Plate,BMFHP-20,Black Master Finish,42 x 12 x 9,Utility,true,,Grouped Hoffman/New Yorker/Rheem catalog table row.
dc-hoffman-ny-rheem-hds-42-tgp-20,Buckeye Dry Cleaning Pads & Covers 2026,/catalogs/dry-cleaning-catalog.pdf,42,Hoffman/New Yorker/Rheem buck pads and head plates,Hoffman/New Yorker/Rheem,HDS-42,Teflon Grid Plate,TGP-20,Teflon Grid Plate,42 x 12 x 9,Utility,true,,Grouped Hoffman/New Yorker/Rheem catalog table row.
dc-hoffman-ny-rheem-ps-42-pro-842,Buckeye Dry Cleaning Pads & Covers 2026,/catalogs/dry-cleaning-catalog.pdf,42,Hoffman/New Yorker/Rheem buck pads and head plates,Hoffman/New Yorker/Rheem,PS-42,Pad/Cover,PRO-842,Tan Pro-Finish 861,42 x 12 x 9,Utility,true,,Grouped Hoffman/New Yorker/Rheem catalog table row.
dc-hoffman-ny-rheem-ps-42-rpro-842,Buckeye Dry Cleaning Pads & Covers 2026,/catalogs/dry-cleaning-catalog.pdf,42,Hoffman/New Yorker/Rheem buck pads and head plates,Hoffman/New Yorker/Rheem,PS-42,Pad/Cover,RPRO-842,Red Pro-Finish 861,42 x 12 x 9,Utility,true,,Grouped Hoffman/New Yorker/Rheem catalog table row.
dc-hoffman-ny-rheem-ps-42-mfhp-20,Buckeye Dry Cleaning Pads & Covers 2026,/catalogs/dry-cleaning-catalog.pdf,42,Hoffman/New Yorker/Rheem buck pads and head plates,Hoffman/New Yorker/Rheem,PS-42,Head Plate,MFHP-20,White Master Finish,42 x 12 x 9,Utility,true,,Grouped Hoffman/New Yorker/Rheem catalog table row.
dc-hoffman-ny-rheem-ps-42-bmfhp-20,Buckeye Dry Cleaning Pads & Covers 2026,/catalogs/dry-cleaning-catalog.pdf,42,Hoffman/New Yorker/Rheem buck pads and head plates,Hoffman/New Yorker/Rheem,PS-42,Head Plate,BMFHP-20,Black Master Finish,42 x 12 x 9,Utility,true,,Grouped Hoffman/New Yorker/Rheem catalog table row.
dc-hoffman-ny-rheem-ps-42-tgp-20,Buckeye Dry Cleaning Pads & Covers 2026,/catalogs/dry-cleaning-catalog.pdf,42,Hoffman/New Yorker/Rheem buck pads and head plates,Hoffman/New Yorker/Rheem,PS-42,Teflon Grid Plate,TGP-20,Teflon Grid Plate,42 x 12 x 9,Utility,true,,Grouped Hoffman/New Yorker/Rheem catalog table row.
dc-hoffman-ny-rheem-ua-42-pro-842,Buckeye Dry Cleaning Pads & Covers 2026,/catalogs/dry-cleaning-catalog.pdf,42,Hoffman/New Yorker/Rheem buck pads and head plates,Hoffman/New Yorker/Rheem,UA-42,Pad/Cover,PRO-842,Tan Pro-Finish 861,42 x 12 x 9,Utility,true,,Grouped Hoffman/New Yorker/Rheem catalog table row.
dc-hoffman-ny-rheem-ua-42-rpro-842,Buckeye Dry Cleaning Pads & Covers 2026,/catalogs/dry-cleaning-catalog.pdf,42,Hoffman/New Yorker/Rheem buck pads and head plates,Hoffman/New Yorker/Rheem,UA-42,Pad/Cover,RPRO-842,Red Pro-Finish 861,42 x 12 x 9,Utility,true,,Grouped Hoffman/New Yorker/Rheem catalog table row.
dc-hoffman-ny-rheem-ua-42-mfhp-20,Buckeye Dry Cleaning Pads & Covers 2026,/catalogs/dry-cleaning-catalog.pdf,42,Hoffman/New Yorker/Rheem buck pads and head plates,Hoffman/New Yorker/Rheem,UA-42,Head Plate,MFHP-20,White Master Finish,42 x 12 x 9,Utility,true,,Grouped Hoffman/New Yorker/Rheem catalog table row.
dc-hoffman-ny-rheem-ua-42-bmfhp-20,Buckeye Dry Cleaning Pads & Covers 2026,/catalogs/dry-cleaning-catalog.pdf,42,Hoffman/New Yorker/Rheem buck pads and head plates,Hoffman/New Yorker/Rheem,UA-42,Head Plate,BMFHP-20,Black Master Finish,42 x 12 x 9,Utility,true,,Grouped Hoffman/New Yorker/Rheem catalog table row.
dc-hoffman-ny-rheem-ua-42-tgp-20,Buckeye Dry Cleaning Pads & Covers 2026,/catalogs/dry-cleaning-catalog.pdf,42,Hoffman/New Yorker/Rheem buck pads and head plates,Hoffman/New Yorker/Rheem,UA-42,Teflon Grid Plate,TGP-20,Teflon Grid Plate,42 x 12 x 9,Utility,true,,Grouped Hoffman/New Yorker/Rheem catalog table row.
dc-hoffman-ny-rheem-ua-42ol-pro-842,Buckeye Dry Cleaning Pads & Covers 2026,/catalogs/dry-cleaning-catalog.pdf,42,Hoffman/New Yorker/Rheem buck pads and head plates,Hoffman/New Yorker/Rheem,UA-42OL,Pad/Cover,PRO-842,Tan Pro-Finish 861,42 x 12 x 9,Utility,true,,Grouped Hoffman/New Yorker/Rheem catalog table row.
dc-hoffman-ny-rheem-ua-42ol-rpro-842,Buckeye Dry Cleaning Pads & Covers 2026,/catalogs/dry-cleaning-catalog.pdf,42,Hoffman/New Yorker/Rheem buck pads and head plates,Hoffman/New Yorker/Rheem,UA-42OL,Pad/Cover,RPRO-842,Red Pro-Finish 861,42 x 12 x 9,Utility,true,,Grouped Hoffman/New Yorker/Rheem catalog table row.
dc-hoffman-ny-rheem-ua-42ol-mfhp-20,Buckeye Dry Cleaning Pads & Covers 2026,/catalogs/dry-cleaning-catalog.pdf,42,Hoffman/New Yorker/Rheem buck pads and head plates,Hoffman/New Yorker/Rheem,UA-42OL,Head Plate,MFHP-20,White Master Finish,42 x 12 x 9,Utility,true,,Grouped Hoffman/New Yorker/Rheem catalog table row.
dc-hoffman-ny-rheem-ua-42ol-bmfhp-20,Buckeye Dry Cleaning Pads & Covers 2026,/catalogs/dry-cleaning-catalog.pdf,42,Hoffman/New Yorker/Rheem buck pads and head plates,Hoffman/New Yorker/Rheem,UA-42OL,Head Plate,BMFHP-20,Black Master Finish,42 x 12 x 9,Utility,true,,Grouped Hoffman/New Yorker/Rheem catalog table row.
dc-hoffman-ny-rheem-ua-42ol-tgp-20,Buckeye Dry Cleaning Pads & Covers 2026,/catalogs/dry-cleaning-catalog.pdf,42,Hoffman/New Yorker/Rheem buck pads and head plates,Hoffman/New Yorker/Rheem,UA-42OL,Teflon Grid Plate,TGP-20,Teflon Grid Plate,42 x 12 x 9,Utility,true,,Grouped Hoffman/New Yorker/Rheem catalog table row.
dc-hoffman-ny-rheem-45-0-pro-845,Buckeye Dry Cleaning Pads & Covers 2026,/catalogs/dry-cleaning-catalog.pdf,42,Hoffman/New Yorker/Rheem buck pads and head plates,Hoffman/New Yorker/Rheem,45-0,Pad/Cover,PRO-845,Tan Pro-Finish 861,45 x 12 x 9,Utility,true,,Grouped Hoffman/New Yorker/Rheem catalog table row.
dc-hoffman-ny-rheem-45-0-rpro-845,Buckeye Dry Cleaning Pads & Covers 2026,/catalogs/dry-cleaning-catalog.pdf,42,Hoffman/New Yorker/Rheem buck pads and head plates,Hoffman/New Yorker/Rheem,45-0,Pad/Cover,RPRO-845,Red Pro-Finish 861,45 x 12 x 9,Utility,true,,Grouped Hoffman/New Yorker/Rheem catalog table row.
dc-hoffman-ny-rheem-45-0-mfhp-24,Buckeye Dry Cleaning Pads & Covers 2026,/catalogs/dry-cleaning-catalog.pdf,42,Hoffman/New Yorker/Rheem buck pads and head plates,Hoffman/New Yorker/Rheem,45-0,Head Plate,MFHP-24,White Master Finish,45 x 12 x 9,Utility,true,,Grouped Hoffman/New Yorker/Rheem catalog table row.
dc-hoffman-ny-rheem-45-0-bmfhp-24,Buckeye Dry Cleaning Pads & Covers 2026,/catalogs/dry-cleaning-catalog.pdf,42,Hoffman/New Yorker/Rheem buck pads and head plates,Hoffman/New Yorker/Rheem,45-0,Head Plate,BMFHP-24,Black Master Finish,45 x 12 x 9,Utility,true,,Grouped Hoffman/New Yorker/Rheem catalog table row.
dc-hoffman-ny-rheem-45-0-tgp-24,Buckeye Dry Cleaning Pads & Covers 2026,/catalogs/dry-cleaning-catalog.pdf,42,Hoffman/New Yorker/Rheem buck pads and head plates,Hoffman/New Yorker/Rheem,45-0,Teflon Grid Plate,TGP-24,Teflon Grid Plate,45 x 12 x 9,Utility,true,,Grouped Hoffman/New Yorker/Rheem catalog table row.
dc-hoffman-ny-rheem-aa-45-pro-845,Buckeye Dry Cleaning Pads & Covers 2026,/catalogs/dry-cleaning-catalog.pdf,42,Hoffman/New Yorker/Rheem buck pads and head plates,Hoffman/New Yorker/Rheem,AA-45,Pad/Cover,PRO-845,Tan Pro-Finish 861,45 x 12 x 9,Utility,true,,Grouped Hoffman/New Yorker/Rheem catalog table row.
dc-hoffman-ny-rheem-aa-45-rpro-845,Buckeye Dry Cleaning Pads & Covers 2026,/catalogs/dry-cleaning-catalog.pdf,42,Hoffman/New Yorker/Rheem buck pads and head plates,Hoffman/New Yorker/Rheem,AA-45,Pad/Cover,RPRO-845,Red Pro-Finish 861,45 x 12 x 9,Utility,true,,Grouped Hoffman/New Yorker/Rheem catalog table row.
dc-hoffman-ny-rheem-aa-45-mfhp-24,Buckeye Dry Cleaning Pads & Covers 2026,/catalogs/dry-cleaning-catalog.pdf,42,Hoffman/New Yorker/Rheem buck pads and head plates,Hoffman/New Yorker/Rheem,AA-45,Head Plate,MFHP-24,White Master Finish,45 x 12 x 9,Utility,true,,Grouped Hoffman/New Yorker/Rheem catalog table row.
dc-hoffman-ny-rheem-aa-45-bmfhp-24,Buckeye Dry Cleaning Pads & Covers 2026,/catalogs/dry-cleaning-catalog.pdf,42,Hoffman/New Yorker/Rheem buck pads and head plates,Hoffman/New Yorker/Rheem,AA-45,Head Plate,BMFHP-24,Black Master Finish,45 x 12 x 9,Utility,true,,Grouped Hoffman/New Yorker/Rheem catalog table row.
dc-hoffman-ny-rheem-aa-45-tgp-24,Buckeye Dry Cleaning Pads & Covers 2026,/catalogs/dry-cleaning-catalog.pdf,42,Hoffman/New Yorker/Rheem buck pads and head plates,Hoffman/New Yorker/Rheem,AA-45,Teflon Grid Plate,TGP-24,Teflon Grid Plate,45 x 12 x 9,Utility,true,,Grouped Hoffman/New Yorker/Rheem catalog table row.
dc-hoffman-ny-rheem-fb-45-pro-845,Buckeye Dry Cleaning Pads & Covers 2026,/catalogs/dry-cleaning-catalog.pdf,42,Hoffman/New Yorker/Rheem buck pads and head plates,Hoffman/New Yorker/Rheem,FB-45,Pad/Cover,PRO-845,Tan Pro-Finish 861,45 x 12 x 9,Utility,true,,Grouped Hoffman/New Yorker/Rheem catalog table row.
dc-hoffman-ny-rheem-fb-45-rpro-845,Buckeye Dry Cleaning Pads & Covers 2026,/catalogs/dry-cleaning-catalog.pdf,42,Hoffman/New Yorker/Rheem buck pads and head plates,Hoffman/New Yorker/Rheem,FB-45,Pad/Cover,RPRO-845,Red Pro-Finish 861,45 x 12 x 9,Utility,true,,Grouped Hoffman/New Yorker/Rheem catalog table row.
dc-hoffman-ny-rheem-fb-45-mfhp-24,Buckeye Dry Cleaning Pads & Covers 2026,/catalogs/dry-cleaning-catalog.pdf,42,Hoffman/New Yorker/Rheem buck pads and head plates,Hoffman/New Yorker/Rheem,FB-45,Head Plate,MFHP-24,White Master Finish,45 x 12 x 9,Utility,true,,Grouped Hoffman/New Yorker/Rheem catalog table row.
dc-hoffman-ny-rheem-fb-45-bmfhp-24,Buckeye Dry Cleaning Pads & Covers 2026,/catalogs/dry-cleaning-catalog.pdf,42,Hoffman/New Yorker/Rheem buck pads and head plates,Hoffman/New Yorker/Rheem,FB-45,Head Plate,BMFHP-24,Black Master Finish,45 x 12 x 9,Utility,true,,Grouped Hoffman/New Yorker/Rheem catalog table row.
dc-hoffman-ny-rheem-fb-45-tgp-24,Buckeye Dry Cleaning Pads & Covers 2026,/catalogs/dry-cleaning-catalog.pdf,42,Hoffman/New Yorker/Rheem buck pads and head plates,Hoffman/New Yorker/Rheem,FB-45,Teflon Grid Plate,TGP-24,Teflon Grid Plate,45 x 12 x 9,Utility,true,,Grouped Hoffman/New Yorker/Rheem catalog table row.
dc-hoffman-ny-rheem-fx-45-pro-845,Buckeye Dry Cleaning Pads & Covers 2026,/catalogs/dry-cleaning-catalog.pdf,42,Hoffman/New Yorker/Rheem buck pads and head plates,Hoffman/New Yorker/Rheem,FX-45,Pad/Cover,PRO-845,Tan Pro-Finish 861,45 x 12 x 9,Utility,true,,Grouped Hoffman/New Yorker/Rheem catalog table row.
dc-hoffman-ny-rheem-fx-45-rpro-845,Buckeye Dry Cleaning Pads & Covers 2026,/catalogs/dry-cleaning-catalog.pdf,42,Hoffman/New Yorker/Rheem buck pads and head plates,Hoffman/New Yorker/Rheem,FX-45,Pad/Cover,RPRO-845,Red Pro-Finish 861,45 x 12 x 9,Utility,true,,Grouped Hoffman/New Yorker/Rheem catalog table row.
dc-hoffman-ny-rheem-fx-45-mfhp-24,Buckeye Dry Cleaning Pads & Covers 2026,/catalogs/dry-cleaning-catalog.pdf,42,Hoffman/New Yorker/Rheem buck pads and head plates,Hoffman/New Yorker/Rheem,FX-45,Head Plate,MFHP-24,White Master Finish,45 x 12 x 9,Utility,true,,Grouped Hoffman/New Yorker/Rheem catalog table row.
dc-hoffman-ny-rheem-fx-45-bmfhp-24,Buckeye Dry Cleaning Pads & Covers 2026,/catalogs/dry-cleaning-catalog.pdf,42,Hoffman/New Yorker/Rheem buck pads and head plates,Hoffman/New Yorker/Rheem,FX-45,Head Plate,BMFHP-24,Black Master Finish,45 x 12 x 9,Utility,true,,Grouped Hoffman/New Yorker/Rheem catalog table row.
dc-hoffman-ny-rheem-fx-45-tgp-24,Buckeye Dry Cleaning Pads & Covers 2026,/catalogs/dry-cleaning-catalog.pdf,42,Hoffman/New Yorker/Rheem buck pads and head plates,Hoffman/New Yorker/Rheem,FX-45,Teflon Grid Plate,TGP-24,Teflon Grid Plate,45 x 12 x 9,Utility,true,,Grouped Hoffman/New Yorker/Rheem catalog table row.
dc-hoffman-ny-rheem-os-45-pro-845,Buckeye Dry Cleaning Pads & Covers 2026,/catalogs/dry-cleaning-catalog.pdf,42,Hoffman/New Yorker/Rheem buck pads and head plates,Hoffman/New Yorker/Rheem,OS-45,Pad/Cover,PRO-845,Tan Pro-Finish 861,45 x 12 x 9,Utility,true,,Grouped Hoffman/New Yorker/Rheem catalog table row.
dc-hoffman-ny-rheem-os-45-rpro-845,Buckeye Dry Cleaning Pads & Covers 2026,/catalogs/dry-cleaning-catalog.pdf,42,Hoffman/New Yorker/Rheem buck pads and head plates,Hoffman/New Yorker/Rheem,OS-45,Pad/Cover,RPRO-845,Red Pro-Finish 861,45 x 12 x 9,Utility,true,,Grouped Hoffman/New Yorker/Rheem catalog table row.
dc-hoffman-ny-rheem-os-45-mfhp-24,Buckeye Dry Cleaning Pads & Covers 2026,/catalogs/dry-cleaning-catalog.pdf,42,Hoffman/New Yorker/Rheem buck pads and head plates,Hoffman/New Yorker/Rheem,OS-45,Head Plate,MFHP-24,White Master Finish,45 x 12 x 9,Utility,true,,Grouped Hoffman/New Yorker/Rheem catalog table row.
dc-hoffman-ny-rheem-os-45-bmfhp-24,Buckeye Dry Cleaning Pads & Covers 2026,/catalogs/dry-cleaning-catalog.pdf,42,Hoffman/New Yorker/Rheem buck pads and head plates,Hoffman/New Yorker/Rheem,OS-45,Head Plate,BMFHP-24,Black Master Finish,45 x 12 x 9,Utility,true,,Grouped Hoffman/New Yorker/Rheem catalog table row.
dc-hoffman-ny-rheem-os-45-tgp-24,Buckeye Dry Cleaning Pads & Covers 2026,/catalogs/dry-cleaning-catalog.pdf,42,Hoffman/New Yorker/Rheem buck pads and head plates,Hoffman/New Yorker/Rheem,OS-45,Teflon Grid Plate,TGP-24,Teflon Grid Plate,45 x 12 x 9,Utility,true,,Grouped Hoffman/New Yorker/Rheem catalog table row.
dc-hoffman-ny-rheem-sw-45-o-pro-845,Buckeye Dry Cleaning Pads & Covers 2026,/catalogs/dry-cleaning-catalog.pdf,42,Hoffman/New Yorker/Rheem buck pads and head plates,Hoffman/New Yorker/Rheem,SW-45-O,Pad/Cover,PRO-845,Tan Pro-Finish 861,45 x 12 x 9,Utility,true,,Grouped Hoffman/New Yorker/Rheem catalog table row.
dc-hoffman-ny-rheem-sw-45-o-rpro-845,Buckeye Dry Cleaning Pads & Covers 2026,/catalogs/dry-cleaning-catalog.pdf,42,Hoffman/New Yorker/Rheem buck pads and head plates,Hoffman/New Yorker/Rheem,SW-45-O,Pad/Cover,RPRO-845,Red Pro-Finish 861,45 x 12 x 9,Utility,true,,Grouped Hoffman/New Yorker/Rheem catalog table row.
dc-hoffman-ny-rheem-sw-45-o-mfhp-24,Buckeye Dry Cleaning Pads & Covers 2026,/catalogs/dry-cleaning-catalog.pdf,42,Hoffman/New Yorker/Rheem buck pads and head plates,Hoffman/New Yorker/Rheem,SW-45-O,Head Plate,MFHP-24,White Master Finish,45 x 12 x 9,Utility,true,,Grouped Hoffman/New Yorker/Rheem catalog table row.
dc-hoffman-ny-rheem-sw-45-o-bmfhp-24,Buckeye Dry Cleaning Pads & Covers 2026,/catalogs/dry-cleaning-catalog.pdf,42,Hoffman/New Yorker/Rheem buck pads and head plates,Hoffman/New Yorker/Rheem,SW-45-O,Head Plate,BMFHP-24,Black Master Finish,45 x 12 x 9,Utility,true,,Grouped Hoffman/New Yorker/Rheem catalog table row.
dc-hoffman-ny-rheem-sw-45-o-tgp-24,Buckeye Dry Cleaning Pads & Covers 2026,/catalogs/dry-cleaning-catalog.pdf,42,Hoffman/New Yorker/Rheem buck pads and head plates,Hoffman/New Yorker/Rheem,SW-45-O,Teflon Grid Plate,TGP-24,Teflon Grid Plate,45 x 12 x 9,Utility,true,,Grouped Hoffman/New Yorker/Rheem catalog table row.
dc-hoffman-ny-rheem-sw-45-r-pro-845,Buckeye Dry Cleaning Pads & Covers 2026,/catalogs/dry-cleaning-catalog.pdf,42,Hoffman/New Yorker/Rheem buck pads and head plates,Hoffman/New Yorker/Rheem,SW-45-R,Pad/Cover,PRO-845,Tan Pro-Finish 861,45 x 12 x 9,Utility,true,,Grouped Hoffman/New Yorker/Rheem catalog table row.
dc-hoffman-ny-rheem-sw-45-r-rpro-845,Buckeye Dry Cleaning Pads & Covers 2026,/catalogs/dry-cleaning-catalog.pdf,42,Hoffman/New Yorker/Rheem buck pads and head plates,Hoffman/New Yorker/Rheem,SW-45-R,Pad/Cover,RPRO-845,Red Pro-Finish 861,45 x 12 x 9,Utility,true,,Grouped Hoffman/New Yorker/Rheem catalog table row.
dc-hoffman-ny-rheem-sw-45-r-mfhp-24,Buckeye Dry Cleaning Pads & Covers 2026,/catalogs/dry-cleaning-catalog.pdf,42,Hoffman/New Yorker/Rheem buck pads and head plates,Hoffman/New Yorker/Rheem,SW-45-R,Head Plate,MFHP-24,White Master Finish,45 x 12 x 9,Utility,true,,Grouped Hoffman/New Yorker/Rheem catalog table row.
dc-hoffman-ny-rheem-sw-45-r-bmfhp-24,Buckeye Dry Cleaning Pads & Covers 2026,/catalogs/dry-cleaning-catalog.pdf,42,Hoffman/New Yorker/Rheem buck pads and head plates,Hoffman/New Yorker/Rheem,SW-45-R,Head Plate,BMFHP-24,Black Master Finish,45 x 12 x 9,Utility,true,,Grouped Hoffman/New Yorker/Rheem catalog table row.
dc-hoffman-ny-rheem-sw-45-r-tgp-24,Buckeye Dry Cleaning Pads & Covers 2026,/catalogs/dry-cleaning-catalog.pdf,42,Hoffman/New Yorker/Rheem buck pads and head plates,Hoffman/New Yorker/Rheem,SW-45-R,Teflon Grid Plate,TGP-24,Teflon Grid Plate,45 x 12 x 9,Utility,true,,Grouped Hoffman/New Yorker/Rheem catalog table row.
dc-hoffman-ny-rheem-ua-45-pro-845,Buckeye Dry Cleaning Pads & Covers 2026,/catalogs/dry-cleaning-catalog.pdf,42,Hoffman/New Yorker/Rheem buck pads and head plates,Hoffman/New Yorker/Rheem,UA-45,Pad/Cover,PRO-845,Tan Pro-Finish 861,45 x 12 x 9,Utility,true,,Grouped Hoffman/New Yorker/Rheem catalog table row.
dc-hoffman-ny-rheem-ua-45-rpro-845,Buckeye Dry Cleaning Pads & Covers 2026,/catalogs/dry-cleaning-catalog.pdf,42,Hoffman/New Yorker/Rheem buck pads and head plates,Hoffman/New Yorker/Rheem,UA-45,Pad/Cover,RPRO-845,Red Pro-Finish 861,45 x 12 x 9,Utility,true,,Grouped Hoffman/New Yorker/Rheem catalog table row.
dc-hoffman-ny-rheem-ua-45-mfhp-24,Buckeye Dry Cleaning Pads & Covers 2026,/catalogs/dry-cleaning-catalog.pdf,42,Hoffman/New Yorker/Rheem buck pads and head plates,Hoffman/New Yorker/Rheem,UA-45,Head Plate,MFHP-24,White Master Finish,45 x 12 x 9,Utility,true,,Grouped Hoffman/New Yorker/Rheem catalog table row.
dc-hoffman-ny-rheem-ua-45-bmfhp-24,Buckeye Dry Cleaning Pads & Covers 2026,/catalogs/dry-cleaning-catalog.pdf,42,Hoffman/New Yorker/Rheem buck pads and head plates,Hoffman/New Yorker/Rheem,UA-45,Head Plate,BMFHP-24,Black Master Finish,45 x 12 x 9,Utility,true,,Grouped Hoffman/New Yorker/Rheem catalog table row.
dc-hoffman-ny-rheem-ua-45-tgp-24,Buckeye Dry Cleaning Pads & Covers 2026,/catalogs/dry-cleaning-catalog.pdf,42,Hoffman/New Yorker/Rheem buck pads and head plates,Hoffman/New Yorker/Rheem,UA-45,Teflon Grid Plate,TGP-24,Teflon Grid Plate,45 x 12 x 9,Utility,true,,Grouped Hoffman/New Yorker/Rheem catalog table row.
dc-hoffman-ny-rheem-ua-45ol-pro-845,Buckeye Dry Cleaning Pads & Covers 2026,/catalogs/dry-cleaning-catalog.pdf,42,Hoffman/New Yorker/Rheem buck pads and head plates,Hoffman/New Yorker/Rheem,UA-45OL,Pad/Cover,PRO-845,Tan Pro-Finish 861,45 x 12 x 9,Utility,true,,Grouped Hoffman/New Yorker/Rheem catalog table row.
dc-hoffman-ny-rheem-ua-45ol-rpro-845,Buckeye Dry Cleaning Pads & Covers 2026,/catalogs/dry-cleaning-catalog.pdf,42,Hoffman/New Yorker/Rheem buck pads and head plates,Hoffman/New Yorker/Rheem,UA-45OL,Pad/Cover,RPRO-845,Red Pro-Finish 861,45 x 12 x 9,Utility,true,,Grouped Hoffman/New Yorker/Rheem catalog table row.
dc-hoffman-ny-rheem-ua-45ol-mfhp-24,Buckeye Dry Cleaning Pads & Covers 2026,/catalogs/dry-cleaning-catalog.pdf,42,Hoffman/New Yorker/Rheem buck pads and head plates,Hoffman/New Yorker/Rheem,UA-45OL,Head Plate,MFHP-24,White Master Finish,45 x 12 x 9,Utility,true,,Grouped Hoffman/New Yorker/Rheem catalog table row.
dc-hoffman-ny-rheem-ua-45ol-bmfhp-24,Buckeye Dry Cleaning Pads & Covers 2026,/catalogs/dry-cleaning-catalog.pdf,42,Hoffman/New Yorker/Rheem buck pads and head plates,Hoffman/New Yorker/Rheem,UA-45OL,Head Plate,BMFHP-24,Black Master Finish,45 x 12 x 9,Utility,true,,Grouped Hoffman/New Yorker/Rheem catalog table row.
dc-hoffman-ny-rheem-ua-45ol-tgp-24,Buckeye Dry Cleaning Pads & Covers 2026,/catalogs/dry-cleaning-catalog.pdf,42,Hoffman/New Yorker/Rheem buck pads and head plates,Hoffman/New Yorker/Rheem,UA-45OL,Teflon Grid Plate,TGP-24,Teflon Grid Plate,45 x 12 x 9,Utility,true,,Grouped Hoffman/New Yorker/Rheem catalog table row.
dc-hoffman-ny-rheem-46-cg-pro-847,Buckeye Dry Cleaning Pads & Covers 2026,/catalogs/dry-cleaning-catalog.pdf,42,Hoffman/New Yorker/Rheem buck pads and head plates,Hoffman/New Yorker/Rheem,46-CG,Pad/Cover,PRO-847,Tan Pro-Finish 861,46 x 14 1/2 x 8 1/2,Utility,true,,Grouped Hoffman/New Yorker/Rheem catalog table row.
dc-hoffman-ny-rheem-46-cg-rpro-847,Buckeye Dry Cleaning Pads & Covers 2026,/catalogs/dry-cleaning-catalog.pdf,42,Hoffman/New Yorker/Rheem buck pads and head plates,Hoffman/New Yorker/Rheem,46-CG,Pad/Cover,RPRO-847,Red Pro-Finish 861,46 x 14 1/2 x 8 1/2,Utility,true,,Grouped Hoffman/New Yorker/Rheem catalog table row.
dc-hoffman-ny-rheem-46-cg-mfhp-22,Buckeye Dry Cleaning Pads & Covers 2026,/catalogs/dry-cleaning-catalog.pdf,42,Hoffman/New Yorker/Rheem buck pads and head plates,Hoffman/New Yorker/Rheem,46-CG,Head Plate,MFHP-22,White Master Finish,46 x 14 1/2 x 8 1/2,Utility,true,,Grouped Hoffman/New Yorker/Rheem catalog table row.
dc-hoffman-ny-rheem-46-cg-bmfhp-22,Buckeye Dry Cleaning Pads & Covers 2026,/catalogs/dry-cleaning-catalog.pdf,42,Hoffman/New Yorker/Rheem buck pads and head plates,Hoffman/New Yorker/Rheem,46-CG,Head Plate,BMFHP-22,Black Master Finish,46 x 14 1/2 x 8 1/2,Utility,true,,Grouped Hoffman/New Yorker/Rheem catalog table row.
dc-hoffman-ny-rheem-46-cg-tgp-22,Buckeye Dry Cleaning Pads & Covers 2026,/catalogs/dry-cleaning-catalog.pdf,42,Hoffman/New Yorker/Rheem buck pads and head plates,Hoffman/New Yorker/Rheem,46-CG,Teflon Grid Plate,TGP-22,Teflon Grid Plate,46 x 14 1/2 x 8 1/2,Utility,true,,Grouped Hoffman/New Yorker/Rheem catalog table row.
dc-hoffman-ny-rheem-46-cgx-pro-847,Buckeye Dry Cleaning Pads & Covers 2026,/catalogs/dry-cleaning-catalog.pdf,42,Hoffman/New Yorker/Rheem buck pads and head plates,Hoffman/New Yorker/Rheem,46-CGX,Pad/Cover,PRO-847,Tan Pro-Finish 861,46 x 14 1/2 x 8 1/2,Utility,true,,Grouped Hoffman/New Yorker/Rheem catalog table row.
dc-hoffman-ny-rheem-46-cgx-rpro-847,Buckeye Dry Cleaning Pads & Covers 2026,/catalogs/dry-cleaning-catalog.pdf,42,Hoffman/New Yorker/Rheem buck pads and head plates,Hoffman/New Yorker/Rheem,46-CGX,Pad/Cover,RPRO-847,Red Pro-Finish 861,46 x 14 1/2 x 8 1/2,Utility,true,,Grouped Hoffman/New Yorker/Rheem catalog table row.
dc-hoffman-ny-rheem-46-cgx-mfhp-22,Buckeye Dry Cleaning Pads & Covers 2026,/catalogs/dry-cleaning-catalog.pdf,42,Hoffman/New Yorker/Rheem buck pads and head plates,Hoffman/New Yorker/Rheem,46-CGX,Head Plate,MFHP-22,White Master Finish,46 x 14 1/2 x 8 1/2,Utility,true,,Grouped Hoffman/New Yorker/Rheem catalog table row.
dc-hoffman-ny-rheem-46-cgx-bmfhp-22,Buckeye Dry Cleaning Pads & Covers 2026,/catalogs/dry-cleaning-catalog.pdf,42,Hoffman/New Yorker/Rheem buck pads and head plates,Hoffman/New Yorker/Rheem,46-CGX,Head Plate,BMFHP-22,Black Master Finish,46 x 14 1/2 x 8 1/2,Utility,true,,Grouped Hoffman/New Yorker/Rheem catalog table row.
dc-hoffman-ny-rheem-46-cgx-tgp-22,Buckeye Dry Cleaning Pads & Covers 2026,/catalogs/dry-cleaning-catalog.pdf,42,Hoffman/New Yorker/Rheem buck pads and head plates,Hoffman/New Yorker/Rheem,46-CGX,Teflon Grid Plate,TGP-22,Teflon Grid Plate,46 x 14 1/2 x 8 1/2,Utility,true,,Grouped Hoffman/New Yorker/Rheem catalog table row.
dc-hoffman-ny-rheem-46-sg-pro-847,Buckeye Dry Cleaning Pads & Covers 2026,/catalogs/dry-cleaning-catalog.pdf,42,Hoffman/New Yorker/Rheem buck pads and head plates,Hoffman/New Yorker/Rheem,46-SG,Pad/Cover,PRO-847,Tan Pro-Finish 861,46 x 14 1/2 x 8 1/2,Utility,true,,Grouped Hoffman/New Yorker/Rheem catalog table row.
dc-hoffman-ny-rheem-46-sg-rpro-847,Buckeye Dry Cleaning Pads & Covers 2026,/catalogs/dry-cleaning-catalog.pdf,42,Hoffman/New Yorker/Rheem buck pads and head plates,Hoffman/New Yorker/Rheem,46-SG,Pad/Cover,RPRO-847,Red Pro-Finish 861,46 x 14 1/2 x 8 1/2,Utility,true,,Grouped Hoffman/New Yorker/Rheem catalog table row.
dc-hoffman-ny-rheem-46-sg-mfhp-22,Buckeye Dry Cleaning Pads & Covers 2026,/catalogs/dry-cleaning-catalog.pdf,42,Hoffman/New Yorker/Rheem buck pads and head plates,Hoffman/New Yorker/Rheem,46-SG,Head Plate,MFHP-22,White Master Finish,46 x 14 1/2 x 8 1/2,Utility,true,,Grouped Hoffman/New Yorker/Rheem catalog table row.
dc-hoffman-ny-rheem-46-sg-bmfhp-22,Buckeye Dry Cleaning Pads & Covers 2026,/catalogs/dry-cleaning-catalog.pdf,42,Hoffman/New Yorker/Rheem buck pads and head plates,Hoffman/New Yorker/Rheem,46-SG,Head Plate,BMFHP-22,Black Master Finish,46 x 14 1/2 x 8 1/2,Utility,true,,Grouped Hoffman/New Yorker/Rheem catalog table row.
dc-hoffman-ny-rheem-46-sg-tgp-22,Buckeye Dry Cleaning Pads & Covers 2026,/catalogs/dry-cleaning-catalog.pdf,42,Hoffman/New Yorker/Rheem buck pads and head plates,Hoffman/New Yorker/Rheem,46-SG,Teflon Grid Plate,TGP-22,Teflon Grid Plate,46 x 14 1/2 x 8 1/2,Utility,true,,Grouped Hoffman/New Yorker/Rheem catalog table row.
dc-hoffman-ny-rheem-46-sgx-pro-847,Buckeye Dry Cleaning Pads & Covers 2026,/catalogs/dry-cleaning-catalog.pdf,42,Hoffman/New Yorker/Rheem buck pads and head plates,Hoffman/New Yorker/Rheem,46-SGX,Pad/Cover,PRO-847,Tan Pro-Finish 861,46 x 14 1/2 x 8 1/2,Utility,true,,Grouped Hoffman/New Yorker/Rheem catalog table row.
dc-hoffman-ny-rheem-46-sgx-rpro-847,Buckeye Dry Cleaning Pads & Covers 2026,/catalogs/dry-cleaning-catalog.pdf,42,Hoffman/New Yorker/Rheem buck pads and head plates,Hoffman/New Yorker/Rheem,46-SGX,Pad/Cover,RPRO-847,Red Pro-Finish 861,46 x 14 1/2 x 8 1/2,Utility,true,,Grouped Hoffman/New Yorker/Rheem catalog table row.
dc-hoffman-ny-rheem-46-sgx-mfhp-22,Buckeye Dry Cleaning Pads & Covers 2026,/catalogs/dry-cleaning-catalog.pdf,42,Hoffman/New Yorker/Rheem buck pads and head plates,Hoffman/New Yorker/Rheem,46-SGX,Head Plate,MFHP-22,White Master Finish,46 x 14 1/2 x 8 1/2,Utility,true,,Grouped Hoffman/New Yorker/Rheem catalog table row.
dc-hoffman-ny-rheem-46-sgx-bmfhp-22,Buckeye Dry Cleaning Pads & Covers 2026,/catalogs/dry-cleaning-catalog.pdf,42,Hoffman/New Yorker/Rheem buck pads and head plates,Hoffman/New Yorker/Rheem,46-SGX,Head Plate,BMFHP-22,Black Master Finish,46 x 14 1/2 x 8 1/2,Utility,true,,Grouped Hoffman/New Yorker/Rheem catalog table row.
dc-hoffman-ny-rheem-46-sgx-tgp-22,Buckeye Dry Cleaning Pads & Covers 2026,/catalogs/dry-cleaning-catalog.pdf,42,Hoffman/New Yorker/Rheem buck pads and head plates,Hoffman/New Yorker/Rheem,46-SGX,Teflon Grid Plate,TGP-22,Teflon Grid Plate,46 x 14 1/2 x 8 1/2,Utility,true,,Grouped Hoffman/New Yorker/Rheem catalog table row.
dc-hoffman-ny-rheem-46-slan-pro-847,Buckeye Dry Cleaning Pads & Covers 2026,/catalogs/dry-cleaning-catalog.pdf,42,Hoffman/New Yorker/Rheem buck pads and head plates,Hoffman/New Yorker/Rheem,46-SLAN,Pad/Cover,PRO-847,Tan Pro-Finish 861,46 x 14 1/2 x 8 1/2,Utility,true,,Grouped Hoffman/New Yorker/Rheem catalog table row.
dc-hoffman-ny-rheem-46-slan-rpro-847,Buckeye Dry Cleaning Pads & Covers 2026,/catalogs/dry-cleaning-catalog.pdf,42,Hoffman/New Yorker/Rheem buck pads and head plates,Hoffman/New Yorker/Rheem,46-SLAN,Pad/Cover,RPRO-847,Red Pro-Finish 861,46 x 14 1/2 x 8 1/2,Utility,true,,Grouped Hoffman/New Yorker/Rheem catalog table row.
dc-hoffman-ny-rheem-46-slan-mfhp-22,Buckeye Dry Cleaning Pads & Covers 2026,/catalogs/dry-cleaning-catalog.pdf,42,Hoffman/New Yorker/Rheem buck pads and head plates,Hoffman/New Yorker/Rheem,46-SLAN,Head Plate,MFHP-22,White Master Finish,46 x 14 1/2 x 8 1/2,Utility,true,,Grouped Hoffman/New Yorker/Rheem catalog table row.
dc-hoffman-ny-rheem-46-slan-bmfhp-22,Buckeye Dry Cleaning Pads & Covers 2026,/catalogs/dry-cleaning-catalog.pdf,42,Hoffman/New Yorker/Rheem buck pads and head plates,Hoffman/New Yorker/Rheem,46-SLAN,Head Plate,BMFHP-22,Black Master Finish,46 x 14 1/2 x 8 1/2,Utility,true,,Grouped Hoffman/New Yorker/Rheem catalog table row.
dc-hoffman-ny-rheem-46-slan-tgp-22,Buckeye Dry Cleaning Pads & Covers 2026,/catalogs/dry-cleaning-catalog.pdf,42,Hoffman/New Yorker/Rheem buck pads and head plates,Hoffman/New Yorker/Rheem,46-SLAN,Teflon Grid Plate,TGP-22,Teflon Grid Plate,46 x 14 1/2 x 8 1/2,Utility,true,,Grouped Hoffman/New Yorker/Rheem catalog table row.
dc-hoffman-ny-rheem-46-t-pro-847,Buckeye Dry Cleaning Pads & Covers 2026,/catalogs/dry-cleaning-catalog.pdf,42,Hoffman/New Yorker/Rheem buck pads and head plates,Hoffman/New Yorker/Rheem,46-T,Pad/Cover,PRO-847,Tan Pro-Finish 861,46 x 14 1/2 x 8 1/2,Utility,true,,Grouped Hoffman/New Yorker/Rheem catalog table row.
dc-hoffman-ny-rheem-46-t-rpro-847,Buckeye Dry Cleaning Pads & Covers 2026,/catalogs/dry-cleaning-catalog.pdf,42,Hoffman/New Yorker/Rheem buck pads and head plates,Hoffman/New Yorker/Rheem,46-T,Pad/Cover,RPRO-847,Red Pro-Finish 861,46 x 14 1/2 x 8 1/2,Utility,true,,Grouped Hoffman/New Yorker/Rheem catalog table row.
dc-hoffman-ny-rheem-46-t-mfhp-22,Buckeye Dry Cleaning Pads & Covers 2026,/catalogs/dry-cleaning-catalog.pdf,42,Hoffman/New Yorker/Rheem buck pads and head plates,Hoffman/New Yorker/Rheem,46-T,Head Plate,MFHP-22,White Master Finish,46 x 14 1/2 x 8 1/2,Utility,true,,Grouped Hoffman/New Yorker/Rheem catalog table row.
dc-hoffman-ny-rheem-46-t-bmfhp-22,Buckeye Dry Cleaning Pads & Covers 2026,/catalogs/dry-cleaning-catalog.pdf,42,Hoffman/New Yorker/Rheem buck pads and head plates,Hoffman/New Yorker/Rheem,46-T,Head Plate,BMFHP-22,Black Master Finish,46 x 14 1/2 x 8 1/2,Utility,true,,Grouped Hoffman/New Yorker/Rheem catalog table row.
dc-hoffman-ny-rheem-46-t-tgp-22,Buckeye Dry Cleaning Pads & Covers 2026,/catalogs/dry-cleaning-catalog.pdf,42,Hoffman/New Yorker/Rheem buck pads and head plates,Hoffman/New Yorker/Rheem,46-T,Teflon Grid Plate,TGP-22,Teflon Grid Plate,46 x 14 1/2 x 8 1/2,Utility,true,,Grouped Hoffman/New Yorker/Rheem catalog table row.
dc-hoffman-ny-rheem-bc-46-pro-847,Buckeye Dry Cleaning Pads & Covers 2026,/catalogs/dry-cleaning-catalog.pdf,42,Hoffman/New Yorker/Rheem buck pads and head plates,Hoffman/New Yorker/Rheem,BC-46,Pad/Cover,PRO-847,Tan Pro-Finish 861,46 x 14 1/2 x 8 1/2,Utility,true,,Grouped Hoffman/New Yorker/Rheem catalog table row.
dc-hoffman-ny-rheem-bc-46-rpro-847,Buckeye Dry Cleaning Pads & Covers 2026,/catalogs/dry-cleaning-catalog.pdf,42,Hoffman/New Yorker/Rheem buck pads and head plates,Hoffman/New Yorker/Rheem,BC-46,Pad/Cover,RPRO-847,Red Pro-Finish 861,46 x 14 1/2 x 8 1/2,Utility,true,,Grouped Hoffman/New Yorker/Rheem catalog table row.
dc-hoffman-ny-rheem-bc-46-mfhp-22,Buckeye Dry Cleaning Pads & Covers 2026,/catalogs/dry-cleaning-catalog.pdf,42,Hoffman/New Yorker/Rheem buck pads and head plates,Hoffman/New Yorker/Rheem,BC-46,Head Plate,MFHP-22,White Master Finish,46 x 14 1/2 x 8 1/2,Utility,true,,Grouped Hoffman/New Yorker/Rheem catalog table row.
dc-hoffman-ny-rheem-bc-46-bmfhp-22,Buckeye Dry Cleaning Pads & Covers 2026,/catalogs/dry-cleaning-catalog.pdf,42,Hoffman/New Yorker/Rheem buck pads and head plates,Hoffman/New Yorker/Rheem,BC-46,Head Plate,BMFHP-22,Black Master Finish,46 x 14 1/2 x 8 1/2,Utility,true,,Grouped Hoffman/New Yorker/Rheem catalog table row.
dc-hoffman-ny-rheem-bc-46-tgp-22,Buckeye Dry Cleaning Pads & Covers 2026,/catalogs/dry-cleaning-catalog.pdf,42,Hoffman/New Yorker/Rheem buck pads and head plates,Hoffman/New Yorker/Rheem,BC-46,Teflon Grid Plate,TGP-22,Teflon Grid Plate,46 x 14 1/2 x 8 1/2,Utility,true,,Grouped Hoffman/New Yorker/Rheem catalog table row.
dc-hoffman-ny-rheem-bc-46sc-pro-847,Buckeye Dry Cleaning Pads & Covers 2026,/catalogs/dry-cleaning-catalog.pdf,42,Hoffman/New Yorker/Rheem buck pads and head plates,Hoffman/New Yorker/Rheem,BC-46SC,Pad/Cover,PRO-847,Tan Pro-Finish 861,46 x 14 1/2 x 8 1/2,Utility,true,,Grouped Hoffman/New Yorker/Rheem catalog table row.
dc-hoffman-ny-rheem-bc-46sc-rpro-847,Buckeye Dry Cleaning Pads & Covers 2026,/catalogs/dry-cleaning-catalog.pdf,42,Hoffman/New Yorker/Rheem buck pads and head plates,Hoffman/New Yorker/Rheem,BC-46SC,Pad/Cover,RPRO-847,Red Pro-Finish 861,46 x 14 1/2 x 8 1/2,Utility,true,,Grouped Hoffman/New Yorker/Rheem catalog table row.
dc-hoffman-ny-rheem-bc-46sc-mfhp-22,Buckeye Dry Cleaning Pads & Covers 2026,/catalogs/dry-cleaning-catalog.pdf,42,Hoffman/New Yorker/Rheem buck pads and head plates,Hoffman/New Yorker/Rheem,BC-46SC,Head Plate,MFHP-22,White Master Finish,46 x 14 1/2 x 8 1/2,Utility,true,,Grouped Hoffman/New Yorker/Rheem catalog table row.
dc-hoffman-ny-rheem-bc-46sc-bmfhp-22,Buckeye Dry Cleaning Pads & Covers 2026,/catalogs/dry-cleaning-catalog.pdf,42,Hoffman/New Yorker/Rheem buck pads and head plates,Hoffman/New Yorker/Rheem,BC-46SC,Head Plate,BMFHP-22,Black Master Finish,46 x 14 1/2 x 8 1/2,Utility,true,,Grouped Hoffman/New Yorker/Rheem catalog table row.
dc-hoffman-ny-rheem-bc-46sc-tgp-22,Buckeye Dry Cleaning Pads & Covers 2026,/catalogs/dry-cleaning-catalog.pdf,42,Hoffman/New Yorker/Rheem buck pads and head plates,Hoffman/New Yorker/Rheem,BC-46SC,Teflon Grid Plate,TGP-22,Teflon Grid Plate,46 x 14 1/2 x 8 1/2,Utility,true,,Grouped Hoffman/New Yorker/Rheem catalog table row.
dc-hoffman-ny-rheem-fb-46-pro-847,Buckeye Dry Cleaning Pads & Covers 2026,/catalogs/dry-cleaning-catalog.pdf,42,Hoffman/New Yorker/Rheem buck pads and head plates,Hoffman/New Yorker/Rheem,FB-46,Pad/Cover,PRO-847,Tan Pro-Finish 861,46 x 14 1/2 x 8 1/2,Utility,true,,Grouped Hoffman/New Yorker/Rheem catalog table row.
dc-hoffman-ny-rheem-fb-46-rpro-847,Buckeye Dry Cleaning Pads & Covers 2026,/catalogs/dry-cleaning-catalog.pdf,42,Hoffman/New Yorker/Rheem buck pads and head plates,Hoffman/New Yorker/Rheem,FB-46,Pad/Cover,RPRO-847,Red Pro-Finish 861,46 x 14 1/2 x 8 1/2,Utility,true,,Grouped Hoffman/New Yorker/Rheem catalog table row.
dc-hoffman-ny-rheem-fb-46-mfhp-22,Buckeye Dry Cleaning Pads & Covers 2026,/catalogs/dry-cleaning-catalog.pdf,42,Hoffman/New Yorker/Rheem buck pads and head plates,Hoffman/New Yorker/Rheem,FB-46,Head Plate,MFHP-22,White Master Finish,46 x 14 1/2 x 8 1/2,Utility,true,,Grouped Hoffman/New Yorker/Rheem catalog table row.
dc-hoffman-ny-rheem-fb-46-bmfhp-22,Buckeye Dry Cleaning Pads & Covers 2026,/catalogs/dry-cleaning-catalog.pdf,42,Hoffman/New Yorker/Rheem buck pads and head plates,Hoffman/New Yorker/Rheem,FB-46,Head Plate,BMFHP-22,Black Master Finish,46 x 14 1/2 x 8 1/2,Utility,true,,Grouped Hoffman/New Yorker/Rheem catalog table row.
dc-hoffman-ny-rheem-fb-46-tgp-22,Buckeye Dry Cleaning Pads & Covers 2026,/catalogs/dry-cleaning-catalog.pdf,42,Hoffman/New Yorker/Rheem buck pads and head plates,Hoffman/New Yorker/Rheem,FB-46,Teflon Grid Plate,TGP-22,Teflon Grid Plate,46 x 14 1/2 x 8 1/2,Utility,true,,Grouped Hoffman/New Yorker/Rheem catalog table row.
dc-hoffman-ny-rheem-fx-46sc-pro-847,Buckeye Dry Cleaning Pads & Covers 2026,/catalogs/dry-cleaning-catalog.pdf,42,Hoffman/New Yorker/Rheem buck pads and head plates,Hoffman/New Yorker/Rheem,FX-46SC,Pad/Cover,PRO-847,Tan Pro-Finish 861,46 x 14 1/2 x 8 1/2,Utility,true,,Grouped Hoffman/New Yorker/Rheem catalog table row.
dc-hoffman-ny-rheem-fx-46sc-rpro-847,Buckeye Dry Cleaning Pads & Covers 2026,/catalogs/dry-cleaning-catalog.pdf,42,Hoffman/New Yorker/Rheem buck pads and head plates,Hoffman/New Yorker/Rheem,FX-46SC,Pad/Cover,RPRO-847,Red Pro-Finish 861,46 x 14 1/2 x 8 1/2,Utility,true,,Grouped Hoffman/New Yorker/Rheem catalog table row.
dc-hoffman-ny-rheem-fx-46sc-mfhp-22,Buckeye Dry Cleaning Pads & Covers 2026,/catalogs/dry-cleaning-catalog.pdf,42,Hoffman/New Yorker/Rheem buck pads and head plates,Hoffman/New Yorker/Rheem,FX-46SC,Head Plate,MFHP-22,White Master Finish,46 x 14 1/2 x 8 1/2,Utility,true,,Grouped Hoffman/New Yorker/Rheem catalog table row.
dc-hoffman-ny-rheem-fx-46sc-bmfhp-22,Buckeye Dry Cleaning Pads & Covers 2026,/catalogs/dry-cleaning-catalog.pdf,42,Hoffman/New Yorker/Rheem buck pads and head plates,Hoffman/New Yorker/Rheem,FX-46SC,Head Plate,BMFHP-22,Black Master Finish,46 x 14 1/2 x 8 1/2,Utility,true,,Grouped Hoffman/New Yorker/Rheem catalog table row.
dc-hoffman-ny-rheem-fx-46sc-tgp-22,Buckeye Dry Cleaning Pads & Covers 2026,/catalogs/dry-cleaning-catalog.pdf,42,Hoffman/New Yorker/Rheem buck pads and head plates,Hoffman/New Yorker/Rheem,FX-46SC,Teflon Grid Plate,TGP-22,Teflon Grid Plate,46 x 14 1/2 x 8 1/2,Utility,true,,Grouped Hoffman/New Yorker/Rheem catalog table row.
dc-hoffman-ny-rheem-ucal-46t-pro-847,Buckeye Dry Cleaning Pads & Covers 2026,/catalogs/dry-cleaning-catalog.pdf,42,Hoffman/New Yorker/Rheem buck pads and head plates,Hoffman/New Yorker/Rheem,UCAL-46T,Pad/Cover,PRO-847,Tan Pro-Finish 861,46 x 14 1/2 x 8 1/2,Utility,true,,Grouped Hoffman/New Yorker/Rheem catalog table row.
dc-hoffman-ny-rheem-ucal-46t-rpro-847,Buckeye Dry Cleaning Pads & Covers 2026,/catalogs/dry-cleaning-catalog.pdf,42,Hoffman/New Yorker/Rheem buck pads and head plates,Hoffman/New Yorker/Rheem,UCAL-46T,Pad/Cover,RPRO-847,Red Pro-Finish 861,46 x 14 1/2 x 8 1/2,Utility,true,,Grouped Hoffman/New Yorker/Rheem catalog table row.
dc-hoffman-ny-rheem-ucal-46t-mfhp-22,Buckeye Dry Cleaning Pads & Covers 2026,/catalogs/dry-cleaning-catalog.pdf,42,Hoffman/New Yorker/Rheem buck pads and head plates,Hoffman/New Yorker/Rheem,UCAL-46T,Head Plate,MFHP-22,White Master Finish,46 x 14 1/2 x 8 1/2,Utility,true,,Grouped Hoffman/New Yorker/Rheem catalog table row.
dc-hoffman-ny-rheem-ucal-46t-bmfhp-22,Buckeye Dry Cleaning Pads & Covers 2026,/catalogs/dry-cleaning-catalog.pdf,42,Hoffman/New Yorker/Rheem buck pads and head plates,Hoffman/New Yorker/Rheem,UCAL-46T,Head Plate,BMFHP-22,Black Master Finish,46 x 14 1/2 x 8 1/2,Utility,true,,Grouped Hoffman/New Yorker/Rheem catalog table row.
dc-hoffman-ny-rheem-ucal-46t-tgp-22,Buckeye Dry Cleaning Pads & Covers 2026,/catalogs/dry-cleaning-catalog.pdf,42,Hoffman/New Yorker/Rheem buck pads and head plates,Hoffman/New Yorker/Rheem,UCAL-46T,Teflon Grid Plate,TGP-22,Teflon Grid Plate,46 x 14 1/2 x 8 1/2,Utility,true,,Grouped Hoffman/New Yorker/Rheem catalog table row.
dc-hoffman-ny-rheem-46-sl-pro-847,Buckeye Dry Cleaning Pads & Covers 2026,/catalogs/dry-cleaning-catalog.pdf,42,Hoffman/New Yorker/Rheem buck pads and head plates,Hoffman/New Yorker/Rheem,46-SL,Pad/Cover,PRO-847,Tan Pro-Finish 861,46 x 14 1/2 x 8 1/2,Utility,true,,Grouped Hoffman/New Yorker/Rheem catalog table row.
dc-hoffman-ny-rheem-46-sl-rpro-847,Buckeye Dry Cleaning Pads & Covers 2026,/catalogs/dry-cleaning-catalog.pdf,42,Hoffman/New Yorker/Rheem buck pads and head plates,Hoffman/New Yorker/Rheem,46-SL,Pad/Cover,RPRO-847,Red Pro-Finish 861,46 x 14 1/2 x 8 1/2,Utility,true,,Grouped Hoffman/New Yorker/Rheem catalog table row.
dc-hoffman-ny-rheem-46-sl-mfhp-22,Buckeye Dry Cleaning Pads & Covers 2026,/catalogs/dry-cleaning-catalog.pdf,42,Hoffman/New Yorker/Rheem buck pads and head plates,Hoffman/New Yorker/Rheem,46-SL,Head Plate,MFHP-22,White Master Finish,46 x 14 1/2 x 8 1/2,Utility,true,,Grouped Hoffman/New Yorker/Rheem catalog table row.
dc-hoffman-ny-rheem-46-sl-bmfhp-22,Buckeye Dry Cleaning Pads & Covers 2026,/catalogs/dry-cleaning-catalog.pdf,42,Hoffman/New Yorker/Rheem buck pads and head plates,Hoffman/New Yorker/Rheem,46-SL,Head Plate,BMFHP-22,Black Master Finish,46 x 14 1/2 x 8 1/2,Utility,true,,Grouped Hoffman/New Yorker/Rheem catalog table row.
dc-hoffman-ny-rheem-46-sl-tgp-22,Buckeye Dry Cleaning Pads & Covers 2026,/catalogs/dry-cleaning-catalog.pdf,42,Hoffman/New Yorker/Rheem buck pads and head plates,Hoffman/New Yorker/Rheem,46-SL,Teflon Grid Plate,TGP-22,Teflon Grid Plate,46 x 14 1/2 x 8 1/2,Utility,true,,Grouped Hoffman/New Yorker/Rheem catalog table row.
dc-hoffman-ny-rheem-46-sla-pro-847,Buckeye Dry Cleaning Pads & Covers 2026,/catalogs/dry-cleaning-catalog.pdf,42,Hoffman/New Yorker/Rheem buck pads and head plates,Hoffman/New Yorker/Rheem,46-SLA,Pad/Cover,PRO-847,Tan Pro-Finish 861,46 x 14 1/2 x 8 1/2,Utility,true,,Grouped Hoffman/New Yorker/Rheem catalog table row.
dc-hoffman-ny-rheem-46-sla-rpro-847,Buckeye Dry Cleaning Pads & Covers 2026,/catalogs/dry-cleaning-catalog.pdf,42,Hoffman/New Yorker/Rheem buck pads and head plates,Hoffman/New Yorker/Rheem,46-SLA,Pad/Cover,RPRO-847,Red Pro-Finish 861,46 x 14 1/2 x 8 1/2,Utility,true,,Grouped Hoffman/New Yorker/Rheem catalog table row.
dc-hoffman-ny-rheem-46-sla-mfhp-22,Buckeye Dry Cleaning Pads & Covers 2026,/catalogs/dry-cleaning-catalog.pdf,42,Hoffman/New Yorker/Rheem buck pads and head plates,Hoffman/New Yorker/Rheem,46-SLA,Head Plate,MFHP-22,White Master Finish,46 x 14 1/2 x 8 1/2,Utility,true,,Grouped Hoffman/New Yorker/Rheem catalog table row.
dc-hoffman-ny-rheem-46-sla-bmfhp-22,Buckeye Dry Cleaning Pads & Covers 2026,/catalogs/dry-cleaning-catalog.pdf,42,Hoffman/New Yorker/Rheem buck pads and head plates,Hoffman/New Yorker/Rheem,46-SLA,Head Plate,BMFHP-22,Black Master Finish,46 x 14 1/2 x 8 1/2,Utility,true,,Grouped Hoffman/New Yorker/Rheem catalog table row.
dc-hoffman-ny-rheem-46-sla-tgp-22,Buckeye Dry Cleaning Pads & Covers 2026,/catalogs/dry-cleaning-catalog.pdf,42,Hoffman/New Yorker/Rheem buck pads and head plates,Hoffman/New Yorker/Rheem,46-SLA,Teflon Grid Plate,TGP-22,Teflon Grid Plate,46 x 14 1/2 x 8 1/2,Utility,true,,Grouped Hoffman/New Yorker/Rheem catalog table row.
dc-hoffman-ny-rheem-hse-48-p-pro-848,Buckeye Dry Cleaning Pads & Covers 2026,/catalogs/dry-cleaning-catalog.pdf,42,Hoffman/New Yorker/Rheem buck pads and head plates,Hoffman/New Yorker/Rheem,HSE-48-P,Pad/Cover,PRO-848,Tan Pro-Finish 861,48 x 19 1/2 x 12 1/2,Legger w/cut-out,true,,Grouped Hoffman/New Yorker/Rheem catalog table row.
dc-hoffman-ny-rheem-hse-48-p-rpro-848,Buckeye Dry Cleaning Pads & Covers 2026,/catalogs/dry-cleaning-catalog.pdf,42,Hoffman/New Yorker/Rheem buck pads and head plates,Hoffman/New Yorker/Rheem,HSE-48-P,Pad/Cover,RPRO-848,Red Pro-Finish 861,48 x 19 1/2 x 12 1/2,Legger w/cut-out,true,,Grouped Hoffman/New Yorker/Rheem catalog table row.
dc-hoffman-ny-rheem-hse-48-p-mfhp-64,Buckeye Dry Cleaning Pads & Covers 2026,/catalogs/dry-cleaning-catalog.pdf,42,Hoffman/New Yorker/Rheem buck pads and head plates,Hoffman/New Yorker/Rheem,HSE-48-P,Head Plate,MFHP-64,White Master Finish,48 x 19 1/2 x 12 1/2,Legger w/cut-out,true,,Grouped Hoffman/New Yorker/Rheem catalog table row.
dc-hoffman-ny-rheem-hse-48-p-bmfhp-64,Buckeye Dry Cleaning Pads & Covers 2026,/catalogs/dry-cleaning-catalog.pdf,42,Hoffman/New Yorker/Rheem buck pads and head plates,Hoffman/New Yorker/Rheem,HSE-48-P,Head Plate,BMFHP-64,Black Master Finish,48 x 19 1/2 x 12 1/2,Legger w/cut-out,true,,Grouped Hoffman/New Yorker/Rheem catalog table row.
dc-hoffman-ny-rheem-hse-48-p-tgp-64,Buckeye Dry Cleaning Pads & Covers 2026,/catalogs/dry-cleaning-catalog.pdf,42,Hoffman/New Yorker/Rheem buck pads and head plates,Hoffman/New Yorker/Rheem,HSE-48-P,Teflon Grid Plate,TGP-64,Teflon Grid Plate,48 x 19 1/2 x 12 1/2,Legger w/cut-out,true,,Grouped Hoffman/New Yorker/Rheem catalog table row.
dc-hoffman-ny-rheem-48-pro-848,Buckeye Dry Cleaning Pads & Covers 2026,/catalogs/dry-cleaning-catalog.pdf,42,Hoffman/New Yorker/Rheem buck pads and head plates,Hoffman/New Yorker/Rheem,48,Pad/Cover,PRO-848,Tan Pro-Finish 861,48 x 19 1/2 x 12 1/2,Legger w/cut-out,true,,Grouped Hoffman/New Yorker/Rheem catalog table row.
dc-hoffman-ny-rheem-48-rpro-848,Buckeye Dry Cleaning Pads & Covers 2026,/catalogs/dry-cleaning-catalog.pdf,42,Hoffman/New Yorker/Rheem buck pads and head plates,Hoffman/New Yorker/Rheem,48,Pad/Cover,RPRO-848,Red Pro-Finish 861,48 x 19 1/2 x 12 1/2,Legger w/cut-out,true,,Grouped Hoffman/New Yorker/Rheem catalog table row.
dc-hoffman-ny-rheem-48-mfhp-64,Buckeye Dry Cleaning Pads & Covers 2026,/catalogs/dry-cleaning-catalog.pdf,42,Hoffman/New Yorker/Rheem buck pads and head plates,Hoffman/New Yorker/Rheem,48,Head Plate,MFHP-64,White Master Finish,48 x 19 1/2 x 12 1/2,Legger w/cut-out,true,,Grouped Hoffman/New Yorker/Rheem catalog table row.
dc-hoffman-ny-rheem-48-bmfhp-64,Buckeye Dry Cleaning Pads & Covers 2026,/catalogs/dry-cleaning-catalog.pdf,42,Hoffman/New Yorker/Rheem buck pads and head plates,Hoffman/New Yorker/Rheem,48,Head Plate,BMFHP-64,Black Master Finish,48 x 19 1/2 x 12 1/2,Legger w/cut-out,true,,Grouped Hoffman/New Yorker/Rheem catalog table row.
dc-hoffman-ny-rheem-48-tgp-64,Buckeye Dry Cleaning Pads & Covers 2026,/catalogs/dry-cleaning-catalog.pdf,42,Hoffman/New Yorker/Rheem buck pads and head plates,Hoffman/New Yorker/Rheem,48,Teflon Grid Plate,TGP-64,Teflon Grid Plate,48 x 19 1/2 x 12 1/2,Legger w/cut-out,true,,Grouped Hoffman/New Yorker/Rheem catalog table row.
dc-hoffman-ny-rheem-48-0-pro-848,Buckeye Dry Cleaning Pads & Covers 2026,/catalogs/dry-cleaning-catalog.pdf,42,Hoffman/New Yorker/Rheem buck pads and head plates,Hoffman/New Yorker/Rheem,48-0,Pad/Cover,PRO-848,Tan Pro-Finish 861,48 x 19 1/2 x 12 1/2,Legger w/cut-out,true,,Grouped Hoffman/New Yorker/Rheem catalog table row.
dc-hoffman-ny-rheem-48-0-rpro-848,Buckeye Dry Cleaning Pads & Covers 2026,/catalogs/dry-cleaning-catalog.pdf,42,Hoffman/New Yorker/Rheem buck pads and head plates,Hoffman/New Yorker/Rheem,48-0,Pad/Cover,RPRO-848,Red Pro-Finish 861,48 x 19 1/2 x 12 1/2,Legger w/cut-out,true,,Grouped Hoffman/New Yorker/Rheem catalog table row.
dc-hoffman-ny-rheem-48-0-mfhp-64,Buckeye Dry Cleaning Pads & Covers 2026,/catalogs/dry-cleaning-catalog.pdf,42,Hoffman/New Yorker/Rheem buck pads and head plates,Hoffman/New Yorker/Rheem,48-0,Head Plate,MFHP-64,White Master Finish,48 x 19 1/2 x 12 1/2,Legger w/cut-out,true,,Grouped Hoffman/New Yorker/Rheem catalog table row.
dc-hoffman-ny-rheem-48-0-bmfhp-64,Buckeye Dry Cleaning Pads & Covers 2026,/catalogs/dry-cleaning-catalog.pdf,42,Hoffman/New Yorker/Rheem buck pads and head plates,Hoffman/New Yorker/Rheem,48-0,Head Plate,BMFHP-64,Black Master Finish,48 x 19 1/2 x 12 1/2,Legger w/cut-out,true,,Grouped Hoffman/New Yorker/Rheem catalog table row.
dc-hoffman-ny-rheem-48-0-tgp-64,Buckeye Dry Cleaning Pads & Covers 2026,/catalogs/dry-cleaning-catalog.pdf,42,Hoffman/New Yorker/Rheem buck pads and head plates,Hoffman/New Yorker/Rheem,48-0,Teflon Grid Plate,TGP-64,Teflon Grid Plate,48 x 19 1/2 x 12 1/2,Legger w/cut-out,true,,Grouped Hoffman/New Yorker/Rheem catalog table row.
dc-hoffman-ny-rheem-52-pro-851,Buckeye Dry Cleaning Pads & Covers 2026,/catalogs/dry-cleaning-catalog.pdf,42,Hoffman/New Yorker/Rheem buck pads and head plates,Hoffman/New Yorker/Rheem,52,Pad/Cover,PRO-851,Tan Pro-Finish 861,52 x 15 1/4 x 9 1/4,Utility,true,,Grouped Hoffman/New Yorker/Rheem catalog table row.
dc-hoffman-ny-rheem-52-rpro-851,Buckeye Dry Cleaning Pads & Covers 2026,/catalogs/dry-cleaning-catalog.pdf,42,Hoffman/New Yorker/Rheem buck pads and head plates,Hoffman/New Yorker/Rheem,52,Pad/Cover,RPRO-851,Red Pro-Finish 861,52 x 15 1/4 x 9 1/4,Utility,true,,Grouped Hoffman/New Yorker/Rheem catalog table row.
dc-hoffman-ny-rheem-52-mfhp-56,Buckeye Dry Cleaning Pads & Covers 2026,/catalogs/dry-cleaning-catalog.pdf,42,Hoffman/New Yorker/Rheem buck pads and head plates,Hoffman/New Yorker/Rheem,52,Head Plate,MFHP-56,White Master Finish,52 x 15 1/4 x 9 1/4,Utility,true,,Grouped Hoffman/New Yorker/Rheem catalog table row.
dc-hoffman-ny-rheem-52-bmfhp-56,Buckeye Dry Cleaning Pads & Covers 2026,/catalogs/dry-cleaning-catalog.pdf,42,Hoffman/New Yorker/Rheem buck pads and head plates,Hoffman/New Yorker/Rheem,52,Head Plate,BMFHP-56,Black Master Finish,52 x 15 1/4 x 9 1/4,Utility,true,,Grouped Hoffman/New Yorker/Rheem catalog table row.
dc-hoffman-ny-rheem-52-tgp-56,Buckeye Dry Cleaning Pads & Covers 2026,/catalogs/dry-cleaning-catalog.pdf,42,Hoffman/New Yorker/Rheem buck pads and head plates,Hoffman/New Yorker/Rheem,52,Teflon Grid Plate,TGP-56,Teflon Grid Plate,52 x 15 1/4 x 9 1/4,Utility,true,,Grouped Hoffman/New Yorker/Rheem catalog table row.
dc-hoffman-ny-rheem-52-cg-pro-851,Buckeye Dry Cleaning Pads & Covers 2026,/catalogs/dry-cleaning-catalog.pdf,42,Hoffman/New Yorker/Rheem buck pads and head plates,Hoffman/New Yorker/Rheem,52-CG,Pad/Cover,PRO-851,Tan Pro-Finish 861,52 x 15 1/4 x 9 1/4,Utility,true,,Grouped Hoffman/New Yorker/Rheem catalog table row.
dc-hoffman-ny-rheem-52-cg-rpro-851,Buckeye Dry Cleaning Pads & Covers 2026,/catalogs/dry-cleaning-catalog.pdf,42,Hoffman/New Yorker/Rheem buck pads and head plates,Hoffman/New Yorker/Rheem,52-CG,Pad/Cover,RPRO-851,Red Pro-Finish 861,52 x 15 1/4 x 9 1/4,Utility,true,,Grouped Hoffman/New Yorker/Rheem catalog table row.
dc-hoffman-ny-rheem-52-cg-mfhp-56,Buckeye Dry Cleaning Pads & Covers 2026,/catalogs/dry-cleaning-catalog.pdf,42,Hoffman/New Yorker/Rheem buck pads and head plates,Hoffman/New Yorker/Rheem,52-CG,Head Plate,MFHP-56,White Master Finish,52 x 15 1/4 x 9 1/4,Utility,true,,Grouped Hoffman/New Yorker/Rheem catalog table row.
dc-hoffman-ny-rheem-52-cg-bmfhp-56,Buckeye Dry Cleaning Pads & Covers 2026,/catalogs/dry-cleaning-catalog.pdf,42,Hoffman/New Yorker/Rheem buck pads and head plates,Hoffman/New Yorker/Rheem,52-CG,Head Plate,BMFHP-56,Black Master Finish,52 x 15 1/4 x 9 1/4,Utility,true,,Grouped Hoffman/New Yorker/Rheem catalog table row.
dc-hoffman-ny-rheem-52-cg-tgp-56,Buckeye Dry Cleaning Pads & Covers 2026,/catalogs/dry-cleaning-catalog.pdf,42,Hoffman/New Yorker/Rheem buck pads and head plates,Hoffman/New Yorker/Rheem,52-CG,Teflon Grid Plate,TGP-56,Teflon Grid Plate,52 x 15 1/4 x 9 1/4,Utility,true,,Grouped Hoffman/New Yorker/Rheem catalog table row.
dc-hoffman-ny-rheem-52-cgx-pro-851,Buckeye Dry Cleaning Pads & Covers 2026,/catalogs/dry-cleaning-catalog.pdf,42,Hoffman/New Yorker/Rheem buck pads and head plates,Hoffman/New Yorker/Rheem,52-CGX,Pad/Cover,PRO-851,Tan Pro-Finish 861,52 x 15 1/4 x 9 1/4,Utility,true,,Grouped Hoffman/New Yorker/Rheem catalog table row.
dc-hoffman-ny-rheem-52-cgx-rpro-851,Buckeye Dry Cleaning Pads & Covers 2026,/catalogs/dry-cleaning-catalog.pdf,42,Hoffman/New Yorker/Rheem buck pads and head plates,Hoffman/New Yorker/Rheem,52-CGX,Pad/Cover,RPRO-851,Red Pro-Finish 861,52 x 15 1/4 x 9 1/4,Utility,true,,Grouped Hoffman/New Yorker/Rheem catalog table row.
dc-hoffman-ny-rheem-52-cgx-mfhp-56,Buckeye Dry Cleaning Pads & Covers 2026,/catalogs/dry-cleaning-catalog.pdf,42,Hoffman/New Yorker/Rheem buck pads and head plates,Hoffman/New Yorker/Rheem,52-CGX,Head Plate,MFHP-56,White Master Finish,52 x 15 1/4 x 9 1/4,Utility,true,,Grouped Hoffman/New Yorker/Rheem catalog table row.
dc-hoffman-ny-rheem-52-cgx-bmfhp-56,Buckeye Dry Cleaning Pads & Covers 2026,/catalogs/dry-cleaning-catalog.pdf,42,Hoffman/New Yorker/Rheem buck pads and head plates,Hoffman/New Yorker/Rheem,52-CGX,Head Plate,BMFHP-56,Black Master Finish,52 x 15 1/4 x 9 1/4,Utility,true,,Grouped Hoffman/New Yorker/Rheem catalog table row.
dc-hoffman-ny-rheem-52-cgx-tgp-56,Buckeye Dry Cleaning Pads & Covers 2026,/catalogs/dry-cleaning-catalog.pdf,42,Hoffman/New Yorker/Rheem buck pads and head plates,Hoffman/New Yorker/Rheem,52-CGX,Teflon Grid Plate,TGP-56,Teflon Grid Plate,52 x 15 1/4 x 9 1/4,Utility,true,,Grouped Hoffman/New Yorker/Rheem catalog table row.
dc-hoffman-ny-rheem-52-sg-pro-851,Buckeye Dry Cleaning Pads & Covers 2026,/catalogs/dry-cleaning-catalog.pdf,42,Hoffman/New Yorker/Rheem buck pads and head plates,Hoffman/New Yorker/Rheem,52-SG,Pad/Cover,PRO-851,Tan Pro-Finish 861,52 x 15 1/4 x 9 1/4,Utility,true,,Grouped Hoffman/New Yorker/Rheem catalog table row.
dc-hoffman-ny-rheem-52-sg-rpro-851,Buckeye Dry Cleaning Pads & Covers 2026,/catalogs/dry-cleaning-catalog.pdf,42,Hoffman/New Yorker/Rheem buck pads and head plates,Hoffman/New Yorker/Rheem,52-SG,Pad/Cover,RPRO-851,Red Pro-Finish 861,52 x 15 1/4 x 9 1/4,Utility,true,,Grouped Hoffman/New Yorker/Rheem catalog table row.
dc-hoffman-ny-rheem-52-sg-mfhp-56,Buckeye Dry Cleaning Pads & Covers 2026,/catalogs/dry-cleaning-catalog.pdf,42,Hoffman/New Yorker/Rheem buck pads and head plates,Hoffman/New Yorker/Rheem,52-SG,Head Plate,MFHP-56,White Master Finish,52 x 15 1/4 x 9 1/4,Utility,true,,Grouped Hoffman/New Yorker/Rheem catalog table row.
dc-hoffman-ny-rheem-52-sg-bmfhp-56,Buckeye Dry Cleaning Pads & Covers 2026,/catalogs/dry-cleaning-catalog.pdf,42,Hoffman/New Yorker/Rheem buck pads and head plates,Hoffman/New Yorker/Rheem,52-SG,Head Plate,BMFHP-56,Black Master Finish,52 x 15 1/4 x 9 1/4,Utility,true,,Grouped Hoffman/New Yorker/Rheem catalog table row.
dc-hoffman-ny-rheem-52-sg-tgp-56,Buckeye Dry Cleaning Pads & Covers 2026,/catalogs/dry-cleaning-catalog.pdf,42,Hoffman/New Yorker/Rheem buck pads and head plates,Hoffman/New Yorker/Rheem,52-SG,Teflon Grid Plate,TGP-56,Teflon Grid Plate,52 x 15 1/4 x 9 1/4,Utility,true,,Grouped Hoffman/New Yorker/Rheem catalog table row.
dc-hoffman-ny-rheem-52-sgx-pro-851,Buckeye Dry Cleaning Pads & Covers 2026,/catalogs/dry-cleaning-catalog.pdf,42,Hoffman/New Yorker/Rheem buck pads and head plates,Hoffman/New Yorker/Rheem,52-SGX,Pad/Cover,PRO-851,Tan Pro-Finish 861,52 x 15 1/4 x 9 1/4,Utility,true,,Grouped Hoffman/New Yorker/Rheem catalog table row.
dc-hoffman-ny-rheem-52-sgx-rpro-851,Buckeye Dry Cleaning Pads & Covers 2026,/catalogs/dry-cleaning-catalog.pdf,42,Hoffman/New Yorker/Rheem buck pads and head plates,Hoffman/New Yorker/Rheem,52-SGX,Pad/Cover,RPRO-851,Red Pro-Finish 861,52 x 15 1/4 x 9 1/4,Utility,true,,Grouped Hoffman/New Yorker/Rheem catalog table row.
dc-hoffman-ny-rheem-52-sgx-mfhp-56,Buckeye Dry Cleaning Pads & Covers 2026,/catalogs/dry-cleaning-catalog.pdf,42,Hoffman/New Yorker/Rheem buck pads and head plates,Hoffman/New Yorker/Rheem,52-SGX,Head Plate,MFHP-56,White Master Finish,52 x 15 1/4 x 9 1/4,Utility,true,,Grouped Hoffman/New Yorker/Rheem catalog table row.
dc-hoffman-ny-rheem-52-sgx-bmfhp-56,Buckeye Dry Cleaning Pads & Covers 2026,/catalogs/dry-cleaning-catalog.pdf,42,Hoffman/New Yorker/Rheem buck pads and head plates,Hoffman/New Yorker/Rheem,52-SGX,Head Plate,BMFHP-56,Black Master Finish,52 x 15 1/4 x 9 1/4,Utility,true,,Grouped Hoffman/New Yorker/Rheem catalog table row.
dc-hoffman-ny-rheem-52-sgx-tgp-56,Buckeye Dry Cleaning Pads & Covers 2026,/catalogs/dry-cleaning-catalog.pdf,42,Hoffman/New Yorker/Rheem buck pads and head plates,Hoffman/New Yorker/Rheem,52-SGX,Teflon Grid Plate,TGP-56,Teflon Grid Plate,52 x 15 1/4 x 9 1/4,Utility,true,,Grouped Hoffman/New Yorker/Rheem catalog table row.
dc-hoffman-ny-rheem-cf-56-pro-842,Buckeye Dry Cleaning Pads & Covers 2026,/catalogs/dry-cleaning-catalog.pdf,43,Hoffman/New Yorker/Rheem buck pads and head plates,Hoffman/New Yorker/Rheem,CF-56,Pad/Cover,PRO-842,Tan Pro-Finish 861,42 x 12 x 9,Utility,true,,Grouped Hoffman/New Yorker/Rheem catalog table row.
dc-hoffman-ny-rheem-cf-56-rpro-842,Buckeye Dry Cleaning Pads & Covers 2026,/catalogs/dry-cleaning-catalog.pdf,43,Hoffman/New Yorker/Rheem buck pads and head plates,Hoffman/New Yorker/Rheem,CF-56,Pad/Cover,RPRO-842,Red Pro-Finish 861,42 x 12 x 9,Utility,true,,Grouped Hoffman/New Yorker/Rheem catalog table row.
dc-hoffman-ny-rheem-cf-56-mfhp-20,Buckeye Dry Cleaning Pads & Covers 2026,/catalogs/dry-cleaning-catalog.pdf,43,Hoffman/New Yorker/Rheem buck pads and head plates,Hoffman/New Yorker/Rheem,CF-56,Head Plate,MFHP-20,White Master Finish,42 x 12 x 9,Utility,true,,Grouped Hoffman/New Yorker/Rheem catalog table row.
dc-hoffman-ny-rheem-cf-56-bmfhp-20,Buckeye Dry Cleaning Pads & Covers 2026,/catalogs/dry-cleaning-catalog.pdf,43,Hoffman/New Yorker/Rheem buck pads and head plates,Hoffman/New Yorker/Rheem,CF-56,Head Plate,BMFHP-20,Black Master Finish,42 x 12 x 9,Utility,true,,Grouped Hoffman/New Yorker/Rheem catalog table row.
dc-hoffman-ny-rheem-cf-56-tgp-20,Buckeye Dry Cleaning Pads & Covers 2026,/catalogs/dry-cleaning-catalog.pdf,43,Hoffman/New Yorker/Rheem buck pads and head plates,Hoffman/New Yorker/Rheem,CF-56,Teflon Grid Plate,TGP-20,Teflon Grid Plate,42 x 12 x 9,Utility,true,,Grouped Hoffman/New Yorker/Rheem catalog table row.
dc-hoffman-ny-rheem-co-56-pro-842,Buckeye Dry Cleaning Pads & Covers 2026,/catalogs/dry-cleaning-catalog.pdf,43,Hoffman/New Yorker/Rheem buck pads and head plates,Hoffman/New Yorker/Rheem,CO-56,Pad/Cover,PRO-842,Tan Pro-Finish 861,42 x 12 x 9,Utility,true,,Grouped Hoffman/New Yorker/Rheem catalog table row.
dc-hoffman-ny-rheem-co-56-rpro-842,Buckeye Dry Cleaning Pads & Covers 2026,/catalogs/dry-cleaning-catalog.pdf,43,Hoffman/New Yorker/Rheem buck pads and head plates,Hoffman/New Yorker/Rheem,CO-56,Pad/Cover,RPRO-842,Red Pro-Finish 861,42 x 12 x 9,Utility,true,,Grouped Hoffman/New Yorker/Rheem catalog table row.
dc-hoffman-ny-rheem-co-56-mfhp-20,Buckeye Dry Cleaning Pads & Covers 2026,/catalogs/dry-cleaning-catalog.pdf,43,Hoffman/New Yorker/Rheem buck pads and head plates,Hoffman/New Yorker/Rheem,CO-56,Head Plate,MFHP-20,White Master Finish,42 x 12 x 9,Utility,true,,Grouped Hoffman/New Yorker/Rheem catalog table row.
dc-hoffman-ny-rheem-co-56-bmfhp-20,Buckeye Dry Cleaning Pads & Covers 2026,/catalogs/dry-cleaning-catalog.pdf,43,Hoffman/New Yorker/Rheem buck pads and head plates,Hoffman/New Yorker/Rheem,CO-56,Head Plate,BMFHP-20,Black Master Finish,42 x 12 x 9,Utility,true,,Grouped Hoffman/New Yorker/Rheem catalog table row.
dc-hoffman-ny-rheem-co-56-tgp-20,Buckeye Dry Cleaning Pads & Covers 2026,/catalogs/dry-cleaning-catalog.pdf,43,Hoffman/New Yorker/Rheem buck pads and head plates,Hoffman/New Yorker/Rheem,CO-56,Teflon Grid Plate,TGP-20,Teflon Grid Plate,42 x 12 x 9,Utility,true,,Grouped Hoffman/New Yorker/Rheem catalog table row.
dc-hoffman-ny-rheem-w-78-pro-815,Buckeye Dry Cleaning Pads & Covers 2026,/catalogs/dry-cleaning-catalog.pdf,43,Hoffman/New Yorker/Rheem buck pads and head plates,Hoffman/New Yorker/Rheem,W-78,Pad/Cover,PRO-815,Tan Pro-Finish 861,15 1/2 x 7 1/2,Mushroom,true,,Grouped Hoffman/New Yorker/Rheem catalog table row.
dc-hoffman-ny-rheem-w-78-rpro-815,Buckeye Dry Cleaning Pads & Covers 2026,/catalogs/dry-cleaning-catalog.pdf,43,Hoffman/New Yorker/Rheem buck pads and head plates,Hoffman/New Yorker/Rheem,W-78,Pad/Cover,RPRO-815,Red Pro-Finish 861,15 1/2 x 7 1/2,Mushroom,true,,Grouped Hoffman/New Yorker/Rheem catalog table row.
dc-hoffman-ny-rheem-w-78-mfhp-63,Buckeye Dry Cleaning Pads & Covers 2026,/catalogs/dry-cleaning-catalog.pdf,43,Hoffman/New Yorker/Rheem buck pads and head plates,Hoffman/New Yorker/Rheem,W-78,Head Plate,MFHP-63,White Master Finish,15 1/2 x 7 1/2,Mushroom,true,,Grouped Hoffman/New Yorker/Rheem catalog table row.
dc-hoffman-ny-rheem-w-78-bmfhp-63,Buckeye Dry Cleaning Pads & Covers 2026,/catalogs/dry-cleaning-catalog.pdf,43,Hoffman/New Yorker/Rheem buck pads and head plates,Hoffman/New Yorker/Rheem,W-78,Head Plate,BMFHP-63,Black Master Finish,15 1/2 x 7 1/2,Mushroom,true,,Grouped Hoffman/New Yorker/Rheem catalog table row.
dc-hoffman-ny-rheem-w-78-tgp-63,Buckeye Dry Cleaning Pads & Covers 2026,/catalogs/dry-cleaning-catalog.pdf,43,Hoffman/New Yorker/Rheem buck pads and head plates,Hoffman/New Yorker/Rheem,W-78,Teflon Grid Plate,TGP-63,Teflon Grid Plate,15 1/2 x 7 1/2,Mushroom,true,,Grouped Hoffman/New Yorker/Rheem catalog table row.
dc-hoffman-ny-rheem-hsel-80-p-pro-885,Buckeye Dry Cleaning Pads & Covers 2026,/catalogs/dry-cleaning-catalog.pdf,43,Hoffman/New Yorker/Rheem buck pads and head plates,Hoffman/New Yorker/Rheem,HSEL-80-P,Pad/Cover,PRO-885,Tan Pro-Finish 861,45 x 19 1/2 x 10,Legger w/cut-out,true,,Grouped Hoffman/New Yorker/Rheem catalog table row.
dc-hoffman-ny-rheem-hsel-80-p-rpro-885,Buckeye Dry Cleaning Pads & Covers 2026,/catalogs/dry-cleaning-catalog.pdf,43,Hoffman/New Yorker/Rheem buck pads and head plates,Hoffman/New Yorker/Rheem,HSEL-80-P,Pad/Cover,RPRO-885,Red Pro-Finish 861,45 x 19 1/2 x 10,Legger w/cut-out,true,,Grouped Hoffman/New Yorker/Rheem catalog table row.
dc-hoffman-ny-rheem-hsel-80-p-mfhp-68,Buckeye Dry Cleaning Pads & Covers 2026,/catalogs/dry-cleaning-catalog.pdf,43,Hoffman/New Yorker/Rheem buck pads and head plates,Hoffman/New Yorker/Rheem,HSEL-80-P,Head Plate,MFHP-68,White Master Finish,45 x 19 1/2 x 10,Legger w/cut-out,true,,Grouped Hoffman/New Yorker/Rheem catalog table row.
dc-hoffman-ny-rheem-hsel-80-p-bmfhp-68,Buckeye Dry Cleaning Pads & Covers 2026,/catalogs/dry-cleaning-catalog.pdf,43,Hoffman/New Yorker/Rheem buck pads and head plates,Hoffman/New Yorker/Rheem,HSEL-80-P,Head Plate,BMFHP-68,Black Master Finish,45 x 19 1/2 x 10,Legger w/cut-out,true,,Grouped Hoffman/New Yorker/Rheem catalog table row.
dc-hoffman-ny-rheem-hsel-80-p-tgp-68,Buckeye Dry Cleaning Pads & Covers 2026,/catalogs/dry-cleaning-catalog.pdf,43,Hoffman/New Yorker/Rheem buck pads and head plates,Hoffman/New Yorker/Rheem,HSEL-80-P,Teflon Grid Plate,TGP-68,Teflon Grid Plate,45 x 19 1/2 x 10,Legger w/cut-out,true,,Grouped Hoffman/New Yorker/Rheem catalog table row.
dc-hoffman-ny-rheem-seal-80-s-pro-885,Buckeye Dry Cleaning Pads & Covers 2026,/catalogs/dry-cleaning-catalog.pdf,43,Hoffman/New Yorker/Rheem buck pads and head plates,Hoffman/New Yorker/Rheem,SEAL-80-S,Pad/Cover,PRO-885,Tan Pro-Finish 861,45 x 19 1/2 x 10,Legger w/cut-out,true,,Grouped Hoffman/New Yorker/Rheem catalog table row.
dc-hoffman-ny-rheem-seal-80-s-rpro-885,Buckeye Dry Cleaning Pads & Covers 2026,/catalogs/dry-cleaning-catalog.pdf,43,Hoffman/New Yorker/Rheem buck pads and head plates,Hoffman/New Yorker/Rheem,SEAL-80-S,Pad/Cover,RPRO-885,Red Pro-Finish 861,45 x 19 1/2 x 10,Legger w/cut-out,true,,Grouped Hoffman/New Yorker/Rheem catalog table row.
dc-hoffman-ny-rheem-seal-80-s-mfhp-68,Buckeye Dry Cleaning Pads & Covers 2026,/catalogs/dry-cleaning-catalog.pdf,43,Hoffman/New Yorker/Rheem buck pads and head plates,Hoffman/New Yorker/Rheem,SEAL-80-S,Head Plate,MFHP-68,White Master Finish,45 x 19 1/2 x 10,Legger w/cut-out,true,,Grouped Hoffman/New Yorker/Rheem catalog table row.
dc-hoffman-ny-rheem-seal-80-s-bmfhp-68,Buckeye Dry Cleaning Pads & Covers 2026,/catalogs/dry-cleaning-catalog.pdf,43,Hoffman/New Yorker/Rheem buck pads and head plates,Hoffman/New Yorker/Rheem,SEAL-80-S,Head Plate,BMFHP-68,Black Master Finish,45 x 19 1/2 x 10,Legger w/cut-out,true,,Grouped Hoffman/New Yorker/Rheem catalog table row.
dc-hoffman-ny-rheem-seal-80-s-tgp-68,Buckeye Dry Cleaning Pads & Covers 2026,/catalogs/dry-cleaning-catalog.pdf,43,Hoffman/New Yorker/Rheem buck pads and head plates,Hoffman/New Yorker/Rheem,SEAL-80-S,Teflon Grid Plate,TGP-68,Teflon Grid Plate,45 x 19 1/2 x 10,Legger w/cut-out,true,,Grouped Hoffman/New Yorker/Rheem catalog table row.
dc-hoffman-ny-rheem-co-90-pro-847,Buckeye Dry Cleaning Pads & Covers 2026,/catalogs/dry-cleaning-catalog.pdf,43,Hoffman/New Yorker/Rheem buck pads and head plates,Hoffman/New Yorker/Rheem,CO-90,Pad/Cover,PRO-847,Tan Pro-Finish 861,46 x 14 1/2 x 8 1/2,Utility,true,,Grouped Hoffman/New Yorker/Rheem catalog table row.
dc-hoffman-ny-rheem-co-90-rpro-847,Buckeye Dry Cleaning Pads & Covers 2026,/catalogs/dry-cleaning-catalog.pdf,43,Hoffman/New Yorker/Rheem buck pads and head plates,Hoffman/New Yorker/Rheem,CO-90,Pad/Cover,RPRO-847,Red Pro-Finish 861,46 x 14 1/2 x 8 1/2,Utility,true,,Grouped Hoffman/New Yorker/Rheem catalog table row.
dc-hoffman-ny-rheem-co-90-mfhp-22,Buckeye Dry Cleaning Pads & Covers 2026,/catalogs/dry-cleaning-catalog.pdf,43,Hoffman/New Yorker/Rheem buck pads and head plates,Hoffman/New Yorker/Rheem,CO-90,Head Plate,MFHP-22,White Master Finish,46 x 14 1/2 x 8 1/2,Utility,true,,Grouped Hoffman/New Yorker/Rheem catalog table row.
dc-hoffman-ny-rheem-co-90-bmfhp-22,Buckeye Dry Cleaning Pads & Covers 2026,/catalogs/dry-cleaning-catalog.pdf,43,Hoffman/New Yorker/Rheem buck pads and head plates,Hoffman/New Yorker/Rheem,CO-90,Head Plate,BMFHP-22,Black Master Finish,46 x 14 1/2 x 8 1/2,Utility,true,,Grouped Hoffman/New Yorker/Rheem catalog table row.
dc-hoffman-ny-rheem-co-90-tgp-22,Buckeye Dry Cleaning Pads & Covers 2026,/catalogs/dry-cleaning-catalog.pdf,43,Hoffman/New Yorker/Rheem buck pads and head plates,Hoffman/New Yorker/Rheem,CO-90,Teflon Grid Plate,TGP-22,Teflon Grid Plate,46 x 14 1/2 x 8 1/2,Utility,true,,Grouped Hoffman/New Yorker/Rheem catalog table row.
dc-hoffman-ny-rheem-b-100-pro-820,Buckeye Dry Cleaning Pads & Covers 2026,/catalogs/dry-cleaning-catalog.pdf,43,Hoffman/New Yorker/Rheem buck pads and head plates,Hoffman/New Yorker/Rheem,B-100,Pad/Cover,PRO-820,Tan Pro-Finish 861,21 x 10 x 8,Topper,true,,Grouped Hoffman/New Yorker/Rheem catalog table row.
dc-hoffman-ny-rheem-b-100-rpro-820,Buckeye Dry Cleaning Pads & Covers 2026,/catalogs/dry-cleaning-catalog.pdf,43,Hoffman/New Yorker/Rheem buck pads and head plates,Hoffman/New Yorker/Rheem,B-100,Pad/Cover,RPRO-820,Red Pro-Finish 861,21 x 10 x 8,Topper,true,,Grouped Hoffman/New Yorker/Rheem catalog table row.
dc-hoffman-ny-rheem-b-100-mfhp-5,Buckeye Dry Cleaning Pads & Covers 2026,/catalogs/dry-cleaning-catalog.pdf,43,Hoffman/New Yorker/Rheem buck pads and head plates,Hoffman/New Yorker/Rheem,B-100,Head Plate,MFHP-5,White Master Finish,21 x 10 x 8,Topper,true,,Grouped Hoffman/New Yorker/Rheem catalog table row.
dc-hoffman-ny-rheem-b-100-bmfhp-5,Buckeye Dry Cleaning Pads & Covers 2026,/catalogs/dry-cleaning-catalog.pdf,43,Hoffman/New Yorker/Rheem buck pads and head plates,Hoffman/New Yorker/Rheem,B-100,Head Plate,BMFHP-5,Black Master Finish,21 x 10 x 8,Topper,true,,Grouped Hoffman/New Yorker/Rheem catalog table row.
dc-hoffman-ny-rheem-b-100-tgp-5,Buckeye Dry Cleaning Pads & Covers 2026,/catalogs/dry-cleaning-catalog.pdf,43,Hoffman/New Yorker/Rheem buck pads and head plates,Hoffman/New Yorker/Rheem,B-100,Teflon Grid Plate,TGP-5,Teflon Grid Plate,21 x 10 x 8,Topper,true,,Grouped Hoffman/New Yorker/Rheem catalog table row.
dc-hoffman-ny-rheem-e-100-pro-843,Buckeye Dry Cleaning Pads & Covers 2026,/catalogs/dry-cleaning-catalog.pdf,43,Hoffman/New Yorker/Rheem buck pads and head plates,Hoffman/New Yorker/Rheem,E-100,Pad/Cover,PRO-843,Tan Pro-Finish 861,42 x 18 1/2 x 11 1/2,Legger w/cut-out,true,,Grouped Hoffman/New Yorker/Rheem catalog table row.
dc-hoffman-ny-rheem-e-100-rpro-843,Buckeye Dry Cleaning Pads & Covers 2026,/catalogs/dry-cleaning-catalog.pdf,43,Hoffman/New Yorker/Rheem buck pads and head plates,Hoffman/New Yorker/Rheem,E-100,Pad/Cover,RPRO-843,Red Pro-Finish 861,42 x 18 1/2 x 11 1/2,Legger w/cut-out,true,,Grouped Hoffman/New Yorker/Rheem catalog table row.
dc-hoffman-ny-rheem-e-100-mfhp-29,Buckeye Dry Cleaning Pads & Covers 2026,/catalogs/dry-cleaning-catalog.pdf,43,Hoffman/New Yorker/Rheem buck pads and head plates,Hoffman/New Yorker/Rheem,E-100,Head Plate,MFHP-29,White Master Finish,42 x 18 1/2 x 11 1/2,Legger w/cut-out,true,,Grouped Hoffman/New Yorker/Rheem catalog table row.
dc-hoffman-ny-rheem-e-100-bmfhp-29,Buckeye Dry Cleaning Pads & Covers 2026,/catalogs/dry-cleaning-catalog.pdf,43,Hoffman/New Yorker/Rheem buck pads and head plates,Hoffman/New Yorker/Rheem,E-100,Head Plate,BMFHP-29,Black Master Finish,42 x 18 1/2 x 11 1/2,Legger w/cut-out,true,,Grouped Hoffman/New Yorker/Rheem catalog table row.
dc-hoffman-ny-rheem-e-100-tgp-29,Buckeye Dry Cleaning Pads & Covers 2026,/catalogs/dry-cleaning-catalog.pdf,43,Hoffman/New Yorker/Rheem buck pads and head plates,Hoffman/New Yorker/Rheem,E-100,Teflon Grid Plate,TGP-29,Teflon Grid Plate,42 x 18 1/2 x 11 1/2,Legger w/cut-out,true,,Grouped Hoffman/New Yorker/Rheem catalog table row.
dc-hoffman-ny-rheem-hse-100-pro-843,Buckeye Dry Cleaning Pads & Covers 2026,/catalogs/dry-cleaning-catalog.pdf,43,Hoffman/New Yorker/Rheem buck pads and head plates,Hoffman/New Yorker/Rheem,HSE-100,Pad/Cover,PRO-843,Tan Pro-Finish 861,42 x 18 1/2 x 11 1/2,Legger w/cut-out,true,,Grouped Hoffman/New Yorker/Rheem catalog table row.
dc-hoffman-ny-rheem-hse-100-rpro-843,Buckeye Dry Cleaning Pads & Covers 2026,/catalogs/dry-cleaning-catalog.pdf,43,Hoffman/New Yorker/Rheem buck pads and head plates,Hoffman/New Yorker/Rheem,HSE-100,Pad/Cover,RPRO-843,Red Pro-Finish 861,42 x 18 1/2 x 11 1/2,Legger w/cut-out,true,,Grouped Hoffman/New Yorker/Rheem catalog table row.
dc-hoffman-ny-rheem-hse-100-mfhp-29,Buckeye Dry Cleaning Pads & Covers 2026,/catalogs/dry-cleaning-catalog.pdf,43,Hoffman/New Yorker/Rheem buck pads and head plates,Hoffman/New Yorker/Rheem,HSE-100,Head Plate,MFHP-29,White Master Finish,42 x 18 1/2 x 11 1/2,Legger w/cut-out,true,,Grouped Hoffman/New Yorker/Rheem catalog table row.
dc-hoffman-ny-rheem-hse-100-bmfhp-29,Buckeye Dry Cleaning Pads & Covers 2026,/catalogs/dry-cleaning-catalog.pdf,43,Hoffman/New Yorker/Rheem buck pads and head plates,Hoffman/New Yorker/Rheem,HSE-100,Head Plate,BMFHP-29,Black Master Finish,42 x 18 1/2 x 11 1/2,Legger w/cut-out,true,,Grouped Hoffman/New Yorker/Rheem catalog table row.
dc-hoffman-ny-rheem-hse-100-tgp-29,Buckeye Dry Cleaning Pads & Covers 2026,/catalogs/dry-cleaning-catalog.pdf,43,Hoffman/New Yorker/Rheem buck pads and head plates,Hoffman/New Yorker/Rheem,HSE-100,Teflon Grid Plate,TGP-29,Teflon Grid Plate,42 x 18 1/2 x 11 1/2,Legger w/cut-out,true,,Grouped Hoffman/New Yorker/Rheem catalog table row.
dc-hoffman-ny-rheem-seal-100-pro-843,Buckeye Dry Cleaning Pads & Covers 2026,/catalogs/dry-cleaning-catalog.pdf,43,Hoffman/New Yorker/Rheem buck pads and head plates,Hoffman/New Yorker/Rheem,SEAL-100,Pad/Cover,PRO-843,Tan Pro-Finish 861,42 x 18 1/2 x 11 1/2,Legger w/cut-out,true,,Grouped Hoffman/New Yorker/Rheem catalog table row.
dc-hoffman-ny-rheem-seal-100-rpro-843,Buckeye Dry Cleaning Pads & Covers 2026,/catalogs/dry-cleaning-catalog.pdf,43,Hoffman/New Yorker/Rheem buck pads and head plates,Hoffman/New Yorker/Rheem,SEAL-100,Pad/Cover,RPRO-843,Red Pro-Finish 861,42 x 18 1/2 x 11 1/2,Legger w/cut-out,true,,Grouped Hoffman/New Yorker/Rheem catalog table row.
dc-hoffman-ny-rheem-seal-100-mfhp-29,Buckeye Dry Cleaning Pads & Covers 2026,/catalogs/dry-cleaning-catalog.pdf,43,Hoffman/New Yorker/Rheem buck pads and head plates,Hoffman/New Yorker/Rheem,SEAL-100,Head Plate,MFHP-29,White Master Finish,42 x 18 1/2 x 11 1/2,Legger w/cut-out,true,,Grouped Hoffman/New Yorker/Rheem catalog table row.
dc-hoffman-ny-rheem-seal-100-bmfhp-29,Buckeye Dry Cleaning Pads & Covers 2026,/catalogs/dry-cleaning-catalog.pdf,43,Hoffman/New Yorker/Rheem buck pads and head plates,Hoffman/New Yorker/Rheem,SEAL-100,Head Plate,BMFHP-29,Black Master Finish,42 x 18 1/2 x 11 1/2,Legger w/cut-out,true,,Grouped Hoffman/New Yorker/Rheem catalog table row.
dc-hoffman-ny-rheem-seal-100-tgp-29,Buckeye Dry Cleaning Pads & Covers 2026,/catalogs/dry-cleaning-catalog.pdf,43,Hoffman/New Yorker/Rheem buck pads and head plates,Hoffman/New Yorker/Rheem,SEAL-100,Teflon Grid Plate,TGP-29,Teflon Grid Plate,42 x 18 1/2 x 11 1/2,Legger w/cut-out,true,,Grouped Hoffman/New Yorker/Rheem catalog table row.
dc-hoffman-ny-rheem-co-170-pro-887,Buckeye Dry Cleaning Pads & Covers 2026,/catalogs/dry-cleaning-catalog.pdf,43,Hoffman/New Yorker/Rheem buck pads and head plates,Hoffman/New Yorker/Rheem,CO-170,Pad/Cover,PRO-887,Tan Pro-Finish 861,47 x 12 x 9,Utility,true,,Grouped Hoffman/New Yorker/Rheem catalog table row.
dc-hoffman-ny-rheem-co-170-rpro-887,Buckeye Dry Cleaning Pads & Covers 2026,/catalogs/dry-cleaning-catalog.pdf,43,Hoffman/New Yorker/Rheem buck pads and head plates,Hoffman/New Yorker/Rheem,CO-170,Pad/Cover,RPRO-887,Red Pro-Finish 861,47 x 12 x 9,Utility,true,,Grouped Hoffman/New Yorker/Rheem catalog table row.
dc-hoffman-ny-rheem-co-170-mfhp-46,Buckeye Dry Cleaning Pads & Covers 2026,/catalogs/dry-cleaning-catalog.pdf,43,Hoffman/New Yorker/Rheem buck pads and head plates,Hoffman/New Yorker/Rheem,CO-170,Head Plate,MFHP-46,White Master Finish,47 x 12 x 9,Utility,true,,Grouped Hoffman/New Yorker/Rheem catalog table row.
dc-hoffman-ny-rheem-co-170-bmfhp-46,Buckeye Dry Cleaning Pads & Covers 2026,/catalogs/dry-cleaning-catalog.pdf,43,Hoffman/New Yorker/Rheem buck pads and head plates,Hoffman/New Yorker/Rheem,CO-170,Head Plate,BMFHP-46,Black Master Finish,47 x 12 x 9,Utility,true,,Grouped Hoffman/New Yorker/Rheem catalog table row.
dc-hoffman-ny-rheem-co-170-tgp-46,Buckeye Dry Cleaning Pads & Covers 2026,/catalogs/dry-cleaning-catalog.pdf,43,Hoffman/New Yorker/Rheem buck pads and head plates,Hoffman/New Yorker/Rheem,CO-170,Teflon Grid Plate,TGP-46,Teflon Grid Plate,47 x 12 x 9,Utility,true,,Grouped Hoffman/New Yorker/Rheem catalog table row.
dc-hoffman-new-yorker-rheem-uacb-20-set-1248-double-lapel-drycleaning-press-set,Buckeye Dry Cleaning Pads & Covers 2026,/catalogs/dry-cleaning-catalog.pdf,43,Hoffman/New Yorker/Rheem double lapel drycleaning press,Hoffman/New Yorker/Rheem,UACB 20,Cover/Pad Set,SET-1248,,,Double lapel drycleaning press set,false,Set includes left/right Pro-Knit covers and two 30 oz. Bonn-E-Blue flannel pads,
dc-hoffman-new-yorker-rheem-uacb-21-set-1212-double-lapel-drycleaning-press-set,Buckeye Dry Cleaning Pads & Covers 2026,/catalogs/dry-cleaning-catalog.pdf,43,Hoffman/New Yorker/Rheem double lapel drycleaning press,Hoffman/New Yorker/Rheem,UACB 21,Cover/Pad Set,SET-1212,,,Double lapel drycleaning press set,false,"Set includes left/right Pro-Knit covers, two 30 oz. Bonn-E-Blue flannel pads, and two 1/4 in silicone foam pads",
dc-hoffman-new-yorker-k-30-bk-682-cover-for-korrect-kollar,Buckeye Dry Cleaning Pads & Covers 2026,/catalogs/dry-cleaning-catalog.pdf,43,Hoffman/New Yorker covers and pads for Korrect Kollar,Hoffman/New Yorker,K-30,Cover,BK-682,,,Cover for Korrect Kollar,false,,
dc-hoffman-new-yorker-k-30-h-682-pad-for-korrect-kollar,Buckeye Dry Cleaning Pads & Covers 2026,/catalogs/dry-cleaning-catalog.pdf,43,Hoffman/New Yorker covers and pads for Korrect Kollar,Hoffman/New Yorker,K-30,Pad,H-682,,,Pad for Korrect Kollar,false,,
dc-hoffman-new-yorker-k-37-bk-683-cover-for-korrect-kollar,Buckeye Dry Cleaning Pads & Covers 2026,/catalogs/dry-cleaning-catalog.pdf,43,Hoffman/New Yorker covers and pads for Korrect Kollar,Hoffman/New Yorker,K-37,Cover,BK-683,,,Cover for Korrect Kollar,false,,
dc-hoffman-new-yorker-k-37-h-683-pad-for-korrect-kollar,Buckeye Dry Cleaning Pads & Covers 2026,/catalogs/dry-cleaning-catalog.pdf,43,Hoffman/New Yorker covers and pads for Korrect Kollar,Hoffman/New Yorker,K-37,Pad,H-683,,,Pad for Korrect Kollar,false,,
dc-hoffman-dc-9-bk-909-cover-for-collar-form,Buckeye Dry Cleaning Pads & Covers 2026,/catalogs/dry-cleaning-catalog.pdf,44,Hoffman covers and pads for collar form and steam air finishers,Hoffman,DC-9,Cover,BK-909,,,Cover for Collar Form,false,,
dc-hoffman-dc-9-h-909-pad-for-collar-form,Buckeye Dry Cleaning Pads & Covers 2026,/catalogs/dry-cleaning-catalog.pdf,44,Hoffman covers and pads for collar form and steam air finishers,Hoffman,DC-9,Pad,H-909,,,Pad for Collar Form,false,,
dc-hoffman-formaster-2520-steam-air-finisher-cover,Buckeye Dry Cleaning Pads & Covers 2026,/catalogs/dry-cleaning-catalog.pdf,44,Hoffman covers and pads for collar form and steam air finishers,Hoffman,Formaster,Steam Air Finisher Cover,2520,,,Steam Air Finisher Cover,false,,
dc-hoffman-3536-through-3538-bk-691-cover-for-collar-form,Buckeye Dry Cleaning Pads & Covers 2026,/catalogs/dry-cleaning-catalog.pdf,44,Hoffman covers and pads for collar form and steam air finishers,Hoffman,3536 through 3538,Cover,BK-691,,,Cover for Collar Form,false,,
dc-hoffman-3536-through-3538-h-691-pad-for-collar-form,Buckeye Dry Cleaning Pads & Covers 2026,/catalogs/dry-cleaning-catalog.pdf,44,Hoffman covers and pads for collar form and steam air finishers,Hoffman,3536 through 3538,Pad,H-691,,,Pad for Collar Form,false,,
dc-hoffman-3545-988-coat-a-matic-steam-air-finisher-cover,Buckeye Dry Cleaning Pads & Covers 2026,/catalogs/dry-cleaning-catalog.pdf,44,Hoffman covers and pads for collar form and steam air finishers,Hoffman,3545,Steam Air Finisher Cover,988,,,Coat-A-Matic Steam Air Finisher Cover,false,,
dc-hoffman-3545-own-987-nomex-boot,Buckeye Dry Cleaning Pads & Covers 2026,/catalogs/dry-cleaning-catalog.pdf,44,Hoffman covers and pads for collar form and steam air finishers,Hoffman,3545,Boot,OWN-987,,,Nomex Boot,false,,
dc-hoffman-3545-987-buck-felt-pad,Buckeye Dry Cleaning Pads & Covers 2026,/catalogs/dry-cleaning-catalog.pdf,44,Hoffman covers and pads for collar form and steam air finishers,Hoffman,3545,Pad,987,,,Buck Felt Pad,false,,
dc-hoffman-3545-dfc-1466-df-cotton-front-breast-pad-under-cover,Buckeye Dry Cleaning Pads & Covers 2026,/catalogs/dry-cleaning-catalog.pdf,44,Hoffman covers and pads for collar form and steam air finishers,Hoffman,3545,Pad,DFC-1466,,,DF Cotton Front Breast Pad Under Cover,false,,
dc-hoffman-3545-dfc-1417-df-cotton-rear-pad-under-cover,Buckeye Dry Cleaning Pads & Covers 2026,/catalogs/dry-cleaning-catalog.pdf,44,Hoffman covers and pads for collar form and steam air finishers,Hoffman,3545,Pad,DFC-1417,,,DF Cotton Rear Pad Under Cover,false,,
dc-hoffman-3545-juh-986-jupiter-head-pad-cover-w-sidewall,Buckeye Dry Cleaning Pads & Covers 2026,/catalogs/dry-cleaning-catalog.pdf,44,Hoffman covers and pads for collar form and steam air finishers,Hoffman,3545,Head Pad/Cover,JUH-986,,,Jupiter Head Pad/Cover w/Sidewall,false,,
dc-hoffman-3545-990-front-clamp-cover-pad,Buckeye Dry Cleaning Pads & Covers 2026,/catalogs/dry-cleaning-catalog.pdf,44,Hoffman covers and pads for collar form and steam air finishers,Hoffman,3545,Clamp Cover/Pad,990,,4 1/2 x 9 x 34,Front Clamp Cover/Pad,false,,
dc-hoffman-3545-924-rear-clamp-cover-pad,Buckeye Dry Cleaning Pads & Covers 2026,/catalogs/dry-cleaning-catalog.pdf,44,Hoffman covers and pads for collar form and steam air finishers,Hoffman,3545,Clamp Cover/Pad,924,,4 x 24 1/2,Rear Clamp Cover/Pad,false,,
dc-hoffman-new-yorker-rheem-19-hm-see-page-dc-43-mushroom-hot-head,Buckeye Dry Cleaning Pads & Covers 2026,/catalogs/dry-cleaning-catalog.pdf,44,Hoffman/New Yorker/Rheem hot heads and silk presses,Hoffman/New Yorker/Rheem,19-HM,Hot Head / Silk Press Reference,SEE PAGE DC 43,,18 x 8 1/2,Mushroom - Hot Head,false,,Catalog points these hot head/silk press models to page DC 43.
dc-hoffman-new-yorker-rheem-19-hmx-see-page-dc-43-mushroom-hot-head,Buckeye Dry Cleaning Pads & Covers 2026,/catalogs/dry-cleaning-catalog.pdf,44,Hoffman/New Yorker/Rheem hot heads and silk presses,Hoffman/New Yorker/Rheem,19-HMX,Hot Head / Silk Press Reference,SEE PAGE DC 43,,18 x 8 1/2,Mushroom - Hot Head,false,,Catalog points these hot head/silk press models to page DC 43.
dc-hoffman-new-yorker-rheem-21-ht-see-page-dc-43-topper-hot-head,Buckeye Dry Cleaning Pads & Covers 2026,/catalogs/dry-cleaning-catalog.pdf,44,Hoffman/New Yorker/Rheem hot heads and silk presses,Hoffman/New Yorker/Rheem,21-HT,Hot Head / Silk Press Reference,SEE PAGE DC 43,,21 x 10 x 8,Topper - Hot Head,false,,Catalog points these hot head/silk press models to page DC 43.
dc-hoffman-new-yorker-rheem-21-htx-see-page-dc-43-topper-hot-head,Buckeye Dry Cleaning Pads & Covers 2026,/catalogs/dry-cleaning-catalog.pdf,44,Hoffman/New Yorker/Rheem hot heads and silk presses,Hoffman/New Yorker/Rheem,21-HTX,Hot Head / Silk Press Reference,SEE PAGE DC 43,,21 x 10 x 8,Topper - Hot Head,false,,Catalog points these hot head/silk press models to page DC 43.
dc-hoffman-new-yorker-rheem-38-hgx-see-page-dc-43-utility-silk,Buckeye Dry Cleaning Pads & Covers 2026,/catalogs/dry-cleaning-catalog.pdf,44,Hoffman/New Yorker/Rheem hot heads and silk presses,Hoffman/New Yorker/Rheem,38-HGX,Hot Head / Silk Press Reference,SEE PAGE DC 43,,38 x 12 x 9,Utility - Silk,false,,Catalog points these hot head/silk press models to page DC 43.
dc-hoffman-new-yorker-rheem-ua-42hhol-see-page-dc-43-utility,Buckeye Dry Cleaning Pads & Covers 2026,/catalogs/dry-cleaning-catalog.pdf,44,Hoffman/New Yorker/Rheem hot heads and silk presses,Hoffman/New Yorker/Rheem,UA-42HHOL,Hot Head / Silk Press Reference,SEE PAGE DC 43,,42 x 12 x 9,Utility,false,,Catalog points these hot head/silk press models to page DC 43.
dc-hoffman-new-yorker-rheem-sw-42-silk-see-page-dc-43-utility-silk,Buckeye Dry Cleaning Pads & Covers 2026,/catalogs/dry-cleaning-catalog.pdf,44,Hoffman/New Yorker/Rheem hot heads and silk presses,Hoffman/New Yorker/Rheem,SW-42 SILK,Hot Head / Silk Press Reference,SEE PAGE DC 43,,42 x 12 x 9,Utility - Silk,false,,Catalog points these hot head/silk press models to page DC 43.
dc-hoffman-new-yorker-rheem-42-hgx-see-page-dc-43-utility-silk,Buckeye Dry Cleaning Pads & Covers 2026,/catalogs/dry-cleaning-catalog.pdf,44,Hoffman/New Yorker/Rheem hot heads and silk presses,Hoffman/New Yorker/Rheem,42-HGX,Hot Head / Silk Press Reference,SEE PAGE DC 43,,42 x 12 x 9,Utility - Silk,false,,Catalog points these hot head/silk press models to page DC 43.
dc-hoffman-new-yorker-rheem-45-hox-see-page-dc-43-utility,Buckeye Dry Cleaning Pads & Covers 2026,/catalogs/dry-cleaning-catalog.pdf,44,Hoffman/New Yorker/Rheem hot heads and silk presses,Hoffman/New Yorker/Rheem,45-HOX,Hot Head / Silk Press Reference,SEE PAGE DC 43,,45 x 12 x 9,Utility,false,,Catalog points these hot head/silk press models to page DC 43.
dc-hoffman-new-yorker-rheem-bc-45-hhr-see-page-dc-43-utility-silk,Buckeye Dry Cleaning Pads & Covers 2026,/catalogs/dry-cleaning-catalog.pdf,44,Hoffman/New Yorker/Rheem hot heads and silk presses,Hoffman/New Yorker/Rheem,BC-45 HHR,Hot Head / Silk Press Reference,SEE PAGE DC 43,,45 x 12 x 9,Utility - Silk,false,,Catalog points these hot head/silk press models to page DC 43.
dc-hoffman-new-yorker-rheem-sw-45-ros-see-page-dc-43-utility-silk,Buckeye Dry Cleaning Pads & Covers 2026,/catalogs/dry-cleaning-catalog.pdf,44,Hoffman/New Yorker/Rheem hot heads and silk presses,Hoffman/New Yorker/Rheem,SW-45 ROS,Hot Head / Silk Press Reference,SEE PAGE DC 43,,45 x 12 x 9,Utility - Silk,false,,Catalog points these hot head/silk press models to page DC 43.
dc-hoffman-new-yorker-rheem-ua-45hhol-see-page-dc-43-utility,Buckeye Dry Cleaning Pads & Covers 2026,/catalogs/dry-cleaning-catalog.pdf,44,Hoffman/New Yorker/Rheem hot heads and silk presses,Hoffman/New Yorker/Rheem,UA-45HHOL,Hot Head / Silk Press Reference,SEE PAGE DC 43,,45 x 12 x 9,Utility,false,,Catalog points these hot head/silk press models to page DC 43.
dc-hoffman-new-yorker-rheem-46-hg-see-page-dc-43-utility-silk,Buckeye Dry Cleaning Pads & Covers 2026,/catalogs/dry-cleaning-catalog.pdf,44,Hoffman/New Yorker/Rheem hot heads and silk presses,Hoffman/New Yorker/Rheem,46-HG,Hot Head / Silk Press Reference,SEE PAGE DC 43,,46 x 14 1/2 x 8 1/2,Utility - Silk,false,,Catalog points these hot head/silk press models to page DC 43.
dc-hoffman-new-yorker-rheem-46-hgx-see-page-dc-43-utility-silk,Buckeye Dry Cleaning Pads & Covers 2026,/catalogs/dry-cleaning-catalog.pdf,44,Hoffman/New Yorker/Rheem hot heads and silk presses,Hoffman/New Yorker/Rheem,46-HGX,Hot Head / Silk Press Reference,SEE PAGE DC 43,,46 x 14 1/2 x 8 1/2,Utility - Silk,false,,Catalog points these hot head/silk press models to page DC 43.
dc-hoffman-new-yorker-rheem-47-hg-see-page-dc-43-utility-silk,Buckeye Dry Cleaning Pads & Covers 2026,/catalogs/dry-cleaning-catalog.pdf,44,Hoffman/New Yorker/Rheem hot heads and silk presses,Hoffman/New Yorker/Rheem,47-HG,Hot Head / Silk Press Reference,SEE PAGE DC 43,,47 x 15 1/4 x 9 1/4,Utility - Silk,false,,Catalog points these hot head/silk press models to page DC 43.
dc-hoffman-new-yorker-rheem-52-hg-see-page-dc-43-utility-silk,Buckeye Dry Cleaning Pads & Covers 2026,/catalogs/dry-cleaning-catalog.pdf,44,Hoffman/New Yorker/Rheem hot heads and silk presses,Hoffman/New Yorker/Rheem,52-HG,Hot Head / Silk Press Reference,SEE PAGE DC 43,,52 x 15 1/4 x 9 1/4,Utility - Silk,false,,Catalog points these hot head/silk press models to page DC 43.
dc-hoffman-new-yorker-rheem-52-hgx-see-page-dc-43-utility-silk,Buckeye Dry Cleaning Pads & Covers 2026,/catalogs/dry-cleaning-catalog.pdf,44,Hoffman/New Yorker/Rheem hot heads and silk presses,Hoffman/New Yorker/Rheem,52-HGX,Hot Head / Silk Press Reference,SEE PAGE DC 43,,52 x 15 1/4 x 9 1/4,Utility - Silk,false,,Catalog points these hot head/silk press models to page DC 43.
dc-hoffman-t-811-set-1100-pant-topper-cover-pad-set,Buckeye Dry Cleaning Pads & Covers 2026,/catalogs/dry-cleaning-catalog.pdf,45,Hoffman tensioning pants toppers and shirt finisher,Hoffman,T-811,Cover/Pad Set,SET-1100,,,Pant topper cover/pad set,false,"Set includes fly clamp cover/pad, pant topper cover/pad, and Pro-Knit clamp covers",
dc-hoffman-t-811-pkfb-1114-fly-clamp-cover-pad,Buckeye Dry Cleaning Pads & Covers 2026,/catalogs/dry-cleaning-catalog.pdf,45,Hoffman tensioning pants toppers and shirt finisher,Hoffman,T-811,Clamp Cover/Pad,PKFB-1114,,,Fly Clamp Cover/Pad,false,,
dc-hoffman-topmaster-ii-2062-pant-topper-cover-and-pad-set,Buckeye Dry Cleaning Pads & Covers 2026,/catalogs/dry-cleaning-catalog.pdf,45,Hoffman tensioning pants toppers and shirt finisher,Hoffman,TOPMASTER II,Cover/Pad Set,2062,,,Pant Topper Cover and Pad Set,false,,
dc-hoffman-topmaster-ii-pkdb-2070-clamp-cover-pad,Buckeye Dry Cleaning Pads & Covers 2026,/catalogs/dry-cleaning-catalog.pdf,45,Hoffman tensioning pants toppers and shirt finisher,Hoffman,TOPMASTER II,Clamp Cover/Pad,PKDB-2070,,6 3/4 x 11 1/2,Clamp Cover/Pad,false,Requires 2,
dc-hoffman-topmaster-ii-pkdb-2072-fly-clamp-cover-pad,Buckeye Dry Cleaning Pads & Covers 2026,/catalogs/dry-cleaning-catalog.pdf,45,Hoffman tensioning pants toppers and shirt finisher,Hoffman,TOPMASTER II,Clamp Cover/Pad,PKDB-2072,,2 3/4 x 8 3/4,Fly Clamp Cover/Pad,false,,
dc-hoffman-topmaster-ii-pk-2073-rear-cover,Buckeye Dry Cleaning Pads & Covers 2026,/catalogs/dry-cleaning-catalog.pdf,45,Hoffman tensioning pants toppers and shirt finisher,Hoffman,TOPMASTER II,Rear Cover,PK-2073,,,Rear Cover,false,,
dc-hoffman-rs-4000-2598-cover-w-attached-skirt,Buckeye Dry Cleaning Pads & Covers 2026,/catalogs/dry-cleaning-catalog.pdf,45,Hoffman tensioning pants toppers and shirt finisher,Hoffman,RS-4000,Cover,2598,,,Cover w/ attached skirt,false,,
dc-ajax-dch-18-pro-818-mushroom,Buckeye Dry Cleaning Pads & Covers 2026,/catalogs/dry-cleaning-catalog.pdf,46,Hot heads and silk presses covers and pads,Ajax,DCH-18,Pad/Cover,PRO-818,,18 1/2 x 9 1/4,Mushroom,false,,Tan Pro pad/cover
dc-ajax-dch-18-hs-818-mushroom,Buckeye Dry Cleaning Pads & Covers 2026,/catalogs/dry-cleaning-catalog.pdf,46,Hot heads and silk presses covers and pads,Ajax,DCH-18,Aramid Cover,HS-818,,18 1/2 x 9 1/4,Mushroom,false,,Hi-Spun aramid cover
dc-ajax-dch-18-hb-818-mushroom,Buckeye Dry Cleaning Pads & Covers 2026,/catalogs/dry-cleaning-catalog.pdf,46,Hot heads and silk presses covers and pads,Ajax,DCH-18,Pad,HB-818,,18 1/2 x 9 1/4,Mushroom,false,,50 oz. Bonn-E-Blue pad
dc-ajax-dch-18-ts-818-mushroom,Buckeye Dry Cleaning Pads & Covers 2026,/catalogs/dry-cleaning-catalog.pdf,46,Hot heads and silk presses covers and pads,Ajax,DCH-18,Texsteel Steel Base Pad,TS-818,,18 1/2 x 9 1/4,Mushroom,false,,Bare buck only
dc-ajax-dchb-18-pro-818-mushroom,Buckeye Dry Cleaning Pads & Covers 2026,/catalogs/dry-cleaning-catalog.pdf,46,Hot heads and silk presses covers and pads,Ajax,DCHB-18,Pad/Cover,PRO-818,,18 1/2 x 9 1/4,Mushroom,false,,Tan Pro pad/cover
dc-ajax-dchb-18-hs-818-mushroom,Buckeye Dry Cleaning Pads & Covers 2026,/catalogs/dry-cleaning-catalog.pdf,46,Hot heads and silk presses covers and pads,Ajax,DCHB-18,Aramid Cover,HS-818,,18 1/2 x 9 1/4,Mushroom,false,,Hi-Spun aramid cover
dc-ajax-dchb-18-hb-818-mushroom,Buckeye Dry Cleaning Pads & Covers 2026,/catalogs/dry-cleaning-catalog.pdf,46,Hot heads and silk presses covers and pads,Ajax,DCHB-18,Pad,HB-818,,18 1/2 x 9 1/4,Mushroom,false,,50 oz. Bonn-E-Blue pad
dc-ajax-dchb-18-ts-818-mushroom,Buckeye Dry Cleaning Pads & Covers 2026,/catalogs/dry-cleaning-catalog.pdf,46,Hot heads and silk presses covers and pads,Ajax,DCHB-18,Texsteel Steel Base Pad,TS-818,,18 1/2 x 9 1/4,Mushroom,false,,Bare buck only
dc-ajax-dch-45-pro-845-utility,Buckeye Dry Cleaning Pads & Covers 2026,/catalogs/dry-cleaning-catalog.pdf,46,Hot heads and silk presses covers and pads,Ajax,DCH-45,Pad/Cover,PRO-845,,44 1/2 x 11 1/2 x 8,Utility,false,,Tan Pro pad/cover
dc-ajax-dch-45-hs-845-utility,Buckeye Dry Cleaning Pads & Covers 2026,/catalogs/dry-cleaning-catalog.pdf,46,Hot heads and silk presses covers and pads,Ajax,DCH-45,Aramid Cover,HS-845,,44 1/2 x 11 1/2 x 8,Utility,false,,Hi-Spun aramid cover
dc-ajax-dch-45-hb-845-utility,Buckeye Dry Cleaning Pads & Covers 2026,/catalogs/dry-cleaning-catalog.pdf,46,Hot heads and silk presses covers and pads,Ajax,DCH-45,Pad,HB-845,,44 1/2 x 11 1/2 x 8,Utility,false,,50 oz. Bonn-E-Blue pad
dc-ajax-dch-45-ts-845-utility,Buckeye Dry Cleaning Pads & Covers 2026,/catalogs/dry-cleaning-catalog.pdf,46,Hot heads and silk presses covers and pads,Ajax,DCH-45,Texsteel Steel Base Pad,TS-845,,44 1/2 x 11 1/2 x 8,Utility,false,,Bare buck only
dc-ajax-dchb-45-pro-845-utility,Buckeye Dry Cleaning Pads & Covers 2026,/catalogs/dry-cleaning-catalog.pdf,46,Hot heads and silk presses covers and pads,Ajax,DCHB-45,Pad/Cover,PRO-845,,44 1/2 x 11 1/2 x 8,Utility,false,,Tan Pro pad/cover
dc-ajax-dchb-45-hs-845-utility,Buckeye Dry Cleaning Pads & Covers 2026,/catalogs/dry-cleaning-catalog.pdf,46,Hot heads and silk presses covers and pads,Ajax,DCHB-45,Aramid Cover,HS-845,,44 1/2 x 11 1/2 x 8,Utility,false,,Hi-Spun aramid cover
dc-ajax-dchb-45-hb-845-utility,Buckeye Dry Cleaning Pads & Covers 2026,/catalogs/dry-cleaning-catalog.pdf,46,Hot heads and silk presses covers and pads,Ajax,DCHB-45,Pad,HB-845,,44 1/2 x 11 1/2 x 8,Utility,false,,50 oz. Bonn-E-Blue pad
dc-ajax-dchb-45-ts-845-utility,Buckeye Dry Cleaning Pads & Covers 2026,/catalogs/dry-cleaning-catalog.pdf,46,Hot heads and silk presses covers and pads,Ajax,DCHB-45,Texsteel Steel Base Pad,TS-845,,44 1/2 x 11 1/2 x 8,Utility,false,,Bare buck only
dc-ajax-hou-45-c-pro-845-utility,Buckeye Dry Cleaning Pads & Covers 2026,/catalogs/dry-cleaning-catalog.pdf,46,Hot heads and silk presses covers and pads,Ajax,HOU-45-C,Pad/Cover,PRO-845,,44 1/2 x 11 1/2 x 8,Utility,false,,Tan Pro pad/cover
dc-ajax-hou-45-c-hs-845-utility,Buckeye Dry Cleaning Pads & Covers 2026,/catalogs/dry-cleaning-catalog.pdf,46,Hot heads and silk presses covers and pads,Ajax,HOU-45-C,Aramid Cover,HS-845,,44 1/2 x 11 1/2 x 8,Utility,false,,Hi-Spun aramid cover
dc-ajax-hou-45-c-hb-845-utility,Buckeye Dry Cleaning Pads & Covers 2026,/catalogs/dry-cleaning-catalog.pdf,46,Hot heads and silk presses covers and pads,Ajax,HOU-45-C,Pad,HB-845,,44 1/2 x 11 1/2 x 8,Utility,false,,50 oz. Bonn-E-Blue pad
dc-ajax-hou-45-c-ts-845-utility,Buckeye Dry Cleaning Pads & Covers 2026,/catalogs/dry-cleaning-catalog.pdf,46,Hot heads and silk presses covers and pads,Ajax,HOU-45-C,Texsteel Steel Base Pad,TS-845,,44 1/2 x 11 1/2 x 8,Utility,false,,Bare buck only
dc-ajax-hou-45-l-pro-845-utility,Buckeye Dry Cleaning Pads & Covers 2026,/catalogs/dry-cleaning-catalog.pdf,46,Hot heads and silk presses covers and pads,Ajax,HOU-45/L,Pad/Cover,PRO-845,,44 1/2 x 11 1/2 x 8,Utility,false,,Tan Pro pad/cover
dc-ajax-hou-45-l-hs-845-utility,Buckeye Dry Cleaning Pads & Covers 2026,/catalogs/dry-cleaning-catalog.pdf,46,Hot heads and silk presses covers and pads,Ajax,HOU-45/L,Aramid Cover,HS-845,,44 1/2 x 11 1/2 x 8,Utility,false,,Hi-Spun aramid cover
dc-ajax-hou-45-l-hb-845-utility,Buckeye Dry Cleaning Pads & Covers 2026,/catalogs/dry-cleaning-catalog.pdf,46,Hot heads and silk presses covers and pads,Ajax,HOU-45/L,Pad,HB-845,,44 1/2 x 11 1/2 x 8,Utility,false,,50 oz. Bonn-E-Blue pad
dc-ajax-hou-45-l-ts-845-utility,Buckeye Dry Cleaning Pads & Covers 2026,/catalogs/dry-cleaning-catalog.pdf,46,Hot heads and silk presses covers and pads,Ajax,HOU-45/L,Texsteel Steel Base Pad,TS-845,,44 1/2 x 11 1/2 x 8,Utility,false,,Bare buck only
dc-ajax-houb-45-l-pro-845-utility,Buckeye Dry Cleaning Pads & Covers 2026,/catalogs/dry-cleaning-catalog.pdf,46,Hot heads and silk presses covers and pads,Ajax,HOUB-45/L,Pad/Cover,PRO-845,,44 1/2 x 11 1/2 x 8,Utility,false,,Tan Pro pad/cover
dc-ajax-houb-45-l-hs-845-utility,Buckeye Dry Cleaning Pads & Covers 2026,/catalogs/dry-cleaning-catalog.pdf,46,Hot heads and silk presses covers and pads,Ajax,HOUB-45/L,Aramid Cover,HS-845,,44 1/2 x 11 1/2 x 8,Utility,false,,Hi-Spun aramid cover
dc-ajax-houb-45-l-hb-845-utility,Buckeye Dry Cleaning Pads & Covers 2026,/catalogs/dry-cleaning-catalog.pdf,46,Hot heads and silk presses covers and pads,Ajax,HOUB-45/L,Pad,HB-845,,44 1/2 x 11 1/2 x 8,Utility,false,,50 oz. Bonn-E-Blue pad
dc-ajax-houb-45-l-ts-845-utility,Buckeye Dry Cleaning Pads & Covers 2026,/catalogs/dry-cleaning-catalog.pdf,46,Hot heads and silk presses covers and pads,Ajax,HOUB-45/L,Texsteel Steel Base Pad,TS-845,,44 1/2 x 11 1/2 x 8,Utility,false,,Bare buck only
dc-ajax-dch-446-pro-850-legger,Buckeye Dry Cleaning Pads & Covers 2026,/catalogs/dry-cleaning-catalog.pdf,46,Hot heads and silk presses covers and pads,Ajax,DCH-446,Pad/Cover,PRO-850,,46 x 20 x 8 1/4,Legger,false,,Tan Pro pad/cover
dc-ajax-dch-446-hs-850-legger,Buckeye Dry Cleaning Pads & Covers 2026,/catalogs/dry-cleaning-catalog.pdf,46,Hot heads and silk presses covers and pads,Ajax,DCH-446,Aramid Cover,HS-850,,46 x 20 x 8 1/4,Legger,false,,Hi-Spun aramid cover
dc-ajax-dch-446-hb-850-legger,Buckeye Dry Cleaning Pads & Covers 2026,/catalogs/dry-cleaning-catalog.pdf,46,Hot heads and silk presses covers and pads,Ajax,DCH-446,Pad,HB-850,,46 x 20 x 8 1/4,Legger,false,,50 oz. Bonn-E-Blue pad
dc-ajax-dch-446-ts-850-legger,Buckeye Dry Cleaning Pads & Covers 2026,/catalogs/dry-cleaning-catalog.pdf,46,Hot heads and silk presses covers and pads,Ajax,DCH-446,Texsteel Steel Base Pad,TS-850,,46 x 20 x 8 1/4,Legger,false,,Bare buck only
dc-ajax-dchf-446-pro-850-legger,Buckeye Dry Cleaning Pads & Covers 2026,/catalogs/dry-cleaning-catalog.pdf,46,Hot heads and silk presses covers and pads,Ajax,DCHF-446,Pad/Cover,PRO-850,,46 x 20 x 8 1/4,Legger,false,,Tan Pro pad/cover
dc-ajax-dchf-446-hs-850-legger,Buckeye Dry Cleaning Pads & Covers 2026,/catalogs/dry-cleaning-catalog.pdf,46,Hot heads and silk presses covers and pads,Ajax,DCHF-446,Aramid Cover,HS-850,,46 x 20 x 8 1/4,Legger,false,,Hi-Spun aramid cover
dc-ajax-dchf-446-hb-850-legger,Buckeye Dry Cleaning Pads & Covers 2026,/catalogs/dry-cleaning-catalog.pdf,46,Hot heads and silk presses covers and pads,Ajax,DCHF-446,Pad,HB-850,,46 x 20 x 8 1/4,Legger,false,,50 oz. Bonn-E-Blue pad
dc-ajax-dchf-446-ts-850-legger,Buckeye Dry Cleaning Pads & Covers 2026,/catalogs/dry-cleaning-catalog.pdf,46,Hot heads and silk presses covers and pads,Ajax,DCHF-446,Texsteel Steel Base Pad,TS-850,,46 x 20 x 8 1/4,Legger,false,,Bare buck only
dc-ajax-dchb-446-pro-850-legger,Buckeye Dry Cleaning Pads & Covers 2026,/catalogs/dry-cleaning-catalog.pdf,46,Hot heads and silk presses covers and pads,Ajax,DCHB-446,Pad/Cover,PRO-850,,46 x 20 x 8 1/4,Legger,false,,Tan Pro pad/cover
dc-ajax-dchb-446-hs-850-legger,Buckeye Dry Cleaning Pads & Covers 2026,/catalogs/dry-cleaning-catalog.pdf,46,Hot heads and silk presses covers and pads,Ajax,DCHB-446,Aramid Cover,HS-850,,46 x 20 x 8 1/4,Legger,false,,Hi-Spun aramid cover
dc-ajax-dchb-446-hb-850-legger,Buckeye Dry Cleaning Pads & Covers 2026,/catalogs/dry-cleaning-catalog.pdf,46,Hot heads and silk presses covers and pads,Ajax,DCHB-446,Pad,HB-850,,46 x 20 x 8 1/4,Legger,false,,50 oz. Bonn-E-Blue pad
dc-ajax-dchb-446-ts-850-legger,Buckeye Dry Cleaning Pads & Covers 2026,/catalogs/dry-cleaning-catalog.pdf,46,Hot heads and silk presses covers and pads,Ajax,DCHB-446,Texsteel Steel Base Pad,TS-850,,46 x 20 x 8 1/4,Legger,false,,Bare buck only
dc-ajax-dchfb-446-pro-850-legger,Buckeye Dry Cleaning Pads & Covers 2026,/catalogs/dry-cleaning-catalog.pdf,46,Hot heads and silk presses covers and pads,Ajax,DCHFB-446,Pad/Cover,PRO-850,,46 x 20 x 8 1/4,Legger,false,,Tan Pro pad/cover
dc-ajax-dchfb-446-hs-850-legger,Buckeye Dry Cleaning Pads & Covers 2026,/catalogs/dry-cleaning-catalog.pdf,46,Hot heads and silk presses covers and pads,Ajax,DCHFB-446,Aramid Cover,HS-850,,46 x 20 x 8 1/4,Legger,false,,Hi-Spun aramid cover
dc-ajax-dchfb-446-hb-850-legger,Buckeye Dry Cleaning Pads & Covers 2026,/catalogs/dry-cleaning-catalog.pdf,46,Hot heads and silk presses covers and pads,Ajax,DCHFB-446,Pad,HB-850,,46 x 20 x 8 1/4,Legger,false,,50 oz. Bonn-E-Blue pad
dc-ajax-dchfb-446-ts-850-legger,Buckeye Dry Cleaning Pads & Covers 2026,/catalogs/dry-cleaning-catalog.pdf,46,Hot heads and silk presses covers and pads,Ajax,DCHFB-446,Texsteel Steel Base Pad,TS-850,,46 x 20 x 8 1/4,Legger,false,,Bare buck only
dc-cissell-auh-42-pro-840-utility,Buckeye Dry Cleaning Pads & Covers 2026,/catalogs/dry-cleaning-catalog.pdf,46,Hot heads and silk presses covers and pads,Cissell,AUH-42,Pad/Cover,PRO-840,,41 x 13 x 9,Utility,false,,Tan Pro pad/cover
dc-cissell-auh-42-hs-840-utility,Buckeye Dry Cleaning Pads & Covers 2026,/catalogs/dry-cleaning-catalog.pdf,46,Hot heads and silk presses covers and pads,Cissell,AUH-42,Aramid Cover,HS-840,,41 x 13 x 9,Utility,false,,Hi-Spun aramid cover
dc-cissell-auh-42-hb-840-utility,Buckeye Dry Cleaning Pads & Covers 2026,/catalogs/dry-cleaning-catalog.pdf,46,Hot heads and silk presses covers and pads,Cissell,AUH-42,Pad,HB-840,,41 x 13 x 9,Utility,false,,50 oz. Bonn-E-Blue pad
dc-cissell-auh-42-ts-840-utility,Buckeye Dry Cleaning Pads & Covers 2026,/catalogs/dry-cleaning-catalog.pdf,46,Hot heads and silk presses covers and pads,Cissell,AUH-42,Texsteel Steel Base Pad,TS-840,,41 x 13 x 9,Utility,false,,Bare buck only
dc-cissell-aurh-42-pro-840-utility,Buckeye Dry Cleaning Pads & Covers 2026,/catalogs/dry-cleaning-catalog.pdf,46,Hot heads and silk presses covers and pads,Cissell,AURH-42,Pad/Cover,PRO-840,,41 x 13 x 9,Utility,false,,Tan Pro pad/cover
dc-cissell-aurh-42-hs-840-utility,Buckeye Dry Cleaning Pads & Covers 2026,/catalogs/dry-cleaning-catalog.pdf,46,Hot heads and silk presses covers and pads,Cissell,AURH-42,Aramid Cover,HS-840,,41 x 13 x 9,Utility,false,,Hi-Spun aramid cover
dc-cissell-aurh-42-hb-840-utility,Buckeye Dry Cleaning Pads & Covers 2026,/catalogs/dry-cleaning-catalog.pdf,46,Hot heads and silk presses covers and pads,Cissell,AURH-42,Pad,HB-840,,41 x 13 x 9,Utility,false,,50 oz. Bonn-E-Blue pad
dc-cissell-aurh-42-ts-840-utility,Buckeye Dry Cleaning Pads & Covers 2026,/catalogs/dry-cleaning-catalog.pdf,46,Hot heads and silk presses covers and pads,Cissell,AURH-42,Texsteel Steel Base Pad,TS-840,,41 x 13 x 9,Utility,false,,Bare buck only
dc-cissell-muh-42-pro-840-utility,Buckeye Dry Cleaning Pads & Covers 2026,/catalogs/dry-cleaning-catalog.pdf,46,Hot heads and silk presses covers and pads,Cissell,MUH-42,Pad/Cover,PRO-840,,41 x 13 x 9,Utility,false,,Tan Pro pad/cover
dc-cissell-muh-42-hs-840-utility,Buckeye Dry Cleaning Pads & Covers 2026,/catalogs/dry-cleaning-catalog.pdf,46,Hot heads and silk presses covers and pads,Cissell,MUH-42,Aramid Cover,HS-840,,41 x 13 x 9,Utility,false,,Hi-Spun aramid cover
dc-cissell-muh-42-hb-840-utility,Buckeye Dry Cleaning Pads & Covers 2026,/catalogs/dry-cleaning-catalog.pdf,46,Hot heads and silk presses covers and pads,Cissell,MUH-42,Pad,HB-840,,41 x 13 x 9,Utility,false,,50 oz. Bonn-E-Blue pad
dc-cissell-muh-42-ts-840-utility,Buckeye Dry Cleaning Pads & Covers 2026,/catalogs/dry-cleaning-catalog.pdf,46,Hot heads and silk presses covers and pads,Cissell,MUH-42,Texsteel Steel Base Pad,TS-840,,41 x 13 x 9,Utility,false,,Bare buck only
dc-cissell-auh-45-pro-845-utility,Buckeye Dry Cleaning Pads & Covers 2026,/catalogs/dry-cleaning-catalog.pdf,46,Hot heads and silk presses covers and pads,Cissell,AUH-45,Pad/Cover,PRO-845,,45 x 12 x 9,Utility,false,,Tan Pro pad/cover
dc-cissell-auh-45-hs-845-utility,Buckeye Dry Cleaning Pads & Covers 2026,/catalogs/dry-cleaning-catalog.pdf,46,Hot heads and silk presses covers and pads,Cissell,AUH-45,Aramid Cover,HS-845,,45 x 12 x 9,Utility,false,,Hi-Spun aramid cover
dc-cissell-auh-45-hb-845-utility,Buckeye Dry Cleaning Pads & Covers 2026,/catalogs/dry-cleaning-catalog.pdf,46,Hot heads and silk presses covers and pads,Cissell,AUH-45,Pad,HB-845,,45 x 12 x 9,Utility,false,,50 oz. Bonn-E-Blue pad
dc-cissell-auh-45-ts-845-utility,Buckeye Dry Cleaning Pads & Covers 2026,/catalogs/dry-cleaning-catalog.pdf,46,Hot heads and silk presses covers and pads,Cissell,AUH-45,Texsteel Steel Base Pad,TS-845,,45 x 12 x 9,Utility,false,,Bare buck only
dc-cissell-aurh-45-pro-845-utility,Buckeye Dry Cleaning Pads & Covers 2026,/catalogs/dry-cleaning-catalog.pdf,46,Hot heads and silk presses covers and pads,Cissell,AURH-45,Pad/Cover,PRO-845,,45 x 12 x 9,Utility,false,,Tan Pro pad/cover
dc-cissell-aurh-45-hs-845-utility,Buckeye Dry Cleaning Pads & Covers 2026,/catalogs/dry-cleaning-catalog.pdf,46,Hot heads and silk presses covers and pads,Cissell,AURH-45,Aramid Cover,HS-845,,45 x 12 x 9,Utility,false,,Hi-Spun aramid cover
dc-cissell-aurh-45-hb-845-utility,Buckeye Dry Cleaning Pads & Covers 2026,/catalogs/dry-cleaning-catalog.pdf,46,Hot heads and silk presses covers and pads,Cissell,AURH-45,Pad,HB-845,,45 x 12 x 9,Utility,false,,50 oz. Bonn-E-Blue pad
dc-cissell-aurh-45-ts-845-utility,Buckeye Dry Cleaning Pads & Covers 2026,/catalogs/dry-cleaning-catalog.pdf,46,Hot heads and silk presses covers and pads,Cissell,AURH-45,Texsteel Steel Base Pad,TS-845,,45 x 12 x 9,Utility,false,,Bare buck only
dc-cissell-muh-45-pro-845-utility,Buckeye Dry Cleaning Pads & Covers 2026,/catalogs/dry-cleaning-catalog.pdf,46,Hot heads and silk presses covers and pads,Cissell,MUH-45,Pad/Cover,PRO-845,,45 x 12 x 9,Utility,false,,Tan Pro pad/cover
dc-cissell-muh-45-hs-845-utility,Buckeye Dry Cleaning Pads & Covers 2026,/catalogs/dry-cleaning-catalog.pdf,46,Hot heads and silk presses covers and pads,Cissell,MUH-45,Aramid Cover,HS-845,,45 x 12 x 9,Utility,false,,Hi-Spun aramid cover
dc-cissell-muh-45-hb-845-utility,Buckeye Dry Cleaning Pads & Covers 2026,/catalogs/dry-cleaning-catalog.pdf,46,Hot heads and silk presses covers and pads,Cissell,MUH-45,Pad,HB-845,,45 x 12 x 9,Utility,false,,50 oz. Bonn-E-Blue pad
dc-cissell-muh-45-ts-845-utility,Buckeye Dry Cleaning Pads & Covers 2026,/catalogs/dry-cleaning-catalog.pdf,46,Hot heads and silk presses covers and pads,Cissell,MUH-45,Texsteel Steel Base Pad,TS-845,,45 x 12 x 9,Utility,false,,Bare buck only
dc-forenta-19-sth-pro-690-mushroom,Buckeye Dry Cleaning Pads & Covers 2026,/catalogs/dry-cleaning-catalog.pdf,46,Hot heads and silk presses covers and pads,Forenta,19-STH,Pad/Cover,PRO-690,,20 1/2 x 10 1/2,Mushroom,false,,Tan Pro pad/cover
dc-forenta-19-sth-hs-690-mushroom,Buckeye Dry Cleaning Pads & Covers 2026,/catalogs/dry-cleaning-catalog.pdf,46,Hot heads and silk presses covers and pads,Forenta,19-STH,Aramid Cover,HS-690,,20 1/2 x 10 1/2,Mushroom,false,,Hi-Spun aramid cover
dc-forenta-19-sth-hb-690-mushroom,Buckeye Dry Cleaning Pads & Covers 2026,/catalogs/dry-cleaning-catalog.pdf,46,Hot heads and silk presses covers and pads,Forenta,19-STH,Pad,HB-690,,20 1/2 x 10 1/2,Mushroom,false,,50 oz. Bonn-E-Blue pad
dc-forenta-19-sth-ts-690-mushroom,Buckeye Dry Cleaning Pads & Covers 2026,/catalogs/dry-cleaning-catalog.pdf,46,Hot heads and silk presses covers and pads,Forenta,19-STH,Texsteel Steel Base Pad,TS-690,,20 1/2 x 10 1/2,Mushroom,false,,Bare buck only
dc-forenta-19-stmhc-pro-690-mushroom,Buckeye Dry Cleaning Pads & Covers 2026,/catalogs/dry-cleaning-catalog.pdf,46,Hot heads and silk presses covers and pads,Forenta,19-STMHC,Pad/Cover,PRO-690,,20 1/2 x 10 1/2,Mushroom,false,,Tan Pro pad/cover
dc-forenta-19-stmhc-hs-690-mushroom,Buckeye Dry Cleaning Pads & Covers 2026,/catalogs/dry-cleaning-catalog.pdf,46,Hot heads and silk presses covers and pads,Forenta,19-STMHC,Aramid Cover,HS-690,,20 1/2 x 10 1/2,Mushroom,false,,Hi-Spun aramid cover
dc-forenta-19-stmhc-hb-690-mushroom,Buckeye Dry Cleaning Pads & Covers 2026,/catalogs/dry-cleaning-catalog.pdf,46,Hot heads and silk presses covers and pads,Forenta,19-STMHC,Pad,HB-690,,20 1/2 x 10 1/2,Mushroom,false,,50 oz. Bonn-E-Blue pad
dc-forenta-19-stmhc-ts-690-mushroom,Buckeye Dry Cleaning Pads & Covers 2026,/catalogs/dry-cleaning-catalog.pdf,46,Hot heads and silk presses covers and pads,Forenta,19-STMHC,Texsteel Steel Base Pad,TS-690,,20 1/2 x 10 1/2,Mushroom,false,,Bare buck only
dc-forenta-19-suh-pro-690-mushroom,Buckeye Dry Cleaning Pads & Covers 2026,/catalogs/dry-cleaning-catalog.pdf,46,Hot heads and silk presses covers and pads,Forenta,19-SUH,Pad/Cover,PRO-690,,20 1/2 x 10 1/2,Mushroom,false,,Tan Pro pad/cover
dc-forenta-19-suh-hs-690-mushroom,Buckeye Dry Cleaning Pads & Covers 2026,/catalogs/dry-cleaning-catalog.pdf,46,Hot heads and silk presses covers and pads,Forenta,19-SUH,Aramid Cover,HS-690,,20 1/2 x 10 1/2,Mushroom,false,,Hi-Spun aramid cover
dc-forenta-19-suh-hb-690-mushroom,Buckeye Dry Cleaning Pads & Covers 2026,/catalogs/dry-cleaning-catalog.pdf,46,Hot heads and silk presses covers and pads,Forenta,19-SUH,Pad,HB-690,,20 1/2 x 10 1/2,Mushroom,false,,50 oz. Bonn-E-Blue pad
dc-forenta-19-suh-ts-690-mushroom,Buckeye Dry Cleaning Pads & Covers 2026,/catalogs/dry-cleaning-catalog.pdf,46,Hot heads and silk presses covers and pads,Forenta,19-SUH,Texsteel Steel Base Pad,TS-690,,20 1/2 x 10 1/2,Mushroom,false,,Bare buck only
dc-forenta-19-sumhc-pro-690-mushroom,Buckeye Dry Cleaning Pads & Covers 2026,/catalogs/dry-cleaning-catalog.pdf,46,Hot heads and silk presses covers and pads,Forenta,19-SUMHC,Pad/Cover,PRO-690,,20 1/2 x 10 1/2,Mushroom,false,,Tan Pro pad/cover
dc-forenta-19-sumhc-hs-690-mushroom,Buckeye Dry Cleaning Pads & Covers 2026,/catalogs/dry-cleaning-catalog.pdf,46,Hot heads and silk presses covers and pads,Forenta,19-SUMHC,Aramid Cover,HS-690,,20 1/2 x 10 1/2,Mushroom,false,,Hi-Spun aramid cover
dc-forenta-19-sumhc-hb-690-mushroom,Buckeye Dry Cleaning Pads & Covers 2026,/catalogs/dry-cleaning-catalog.pdf,46,Hot heads and silk presses covers and pads,Forenta,19-SUMHC,Pad,HB-690,,20 1/2 x 10 1/2,Mushroom,false,,50 oz. Bonn-E-Blue pad
dc-forenta-19-sumhc-ts-690-mushroom,Buckeye Dry Cleaning Pads & Covers 2026,/catalogs/dry-cleaning-catalog.pdf,46,Hot heads and silk presses covers and pads,Forenta,19-SUMHC,Texsteel Steel Base Pad,TS-690,,20 1/2 x 10 1/2,Mushroom,false,,Bare buck only
dc-forenta-191-stmhc-pro-690-mushroom,Buckeye Dry Cleaning Pads & Covers 2026,/catalogs/dry-cleaning-catalog.pdf,46,Hot heads and silk presses covers and pads,Forenta,191-STMHC,Pad/Cover,PRO-690,,20 1/2 x 10 1/2,Mushroom,false,,Tan Pro pad/cover
dc-forenta-191-stmhc-hs-690-mushroom,Buckeye Dry Cleaning Pads & Covers 2026,/catalogs/dry-cleaning-catalog.pdf,46,Hot heads and silk presses covers and pads,Forenta,191-STMHC,Aramid Cover,HS-690,,20 1/2 x 10 1/2,Mushroom,false,,Hi-Spun aramid cover
dc-forenta-191-stmhc-hb-690-mushroom,Buckeye Dry Cleaning Pads & Covers 2026,/catalogs/dry-cleaning-catalog.pdf,46,Hot heads and silk presses covers and pads,Forenta,191-STMHC,Pad,HB-690,,20 1/2 x 10 1/2,Mushroom,false,,50 oz. Bonn-E-Blue pad
dc-forenta-191-stmhc-ts-690-mushroom,Buckeye Dry Cleaning Pads & Covers 2026,/catalogs/dry-cleaning-catalog.pdf,46,Hot heads and silk presses covers and pads,Forenta,191-STMHC,Texsteel Steel Base Pad,TS-690,,20 1/2 x 10 1/2,Mushroom,false,,Bare buck only
dc-forenta-191-sumhc-pro-690-mushroom,Buckeye Dry Cleaning Pads & Covers 2026,/catalogs/dry-cleaning-catalog.pdf,46,Hot heads and silk presses covers and pads,Forenta,191-SUMHC,Pad/Cover,PRO-690,,20 1/2 x 10 1/2,Mushroom,false,,Tan Pro pad/cover
dc-forenta-191-sumhc-hs-690-mushroom,Buckeye Dry Cleaning Pads & Covers 2026,/catalogs/dry-cleaning-catalog.pdf,46,Hot heads and silk presses covers and pads,Forenta,191-SUMHC,Aramid Cover,HS-690,,20 1/2 x 10 1/2,Mushroom,false,,Hi-Spun aramid cover
dc-forenta-191-sumhc-hb-690-mushroom,Buckeye Dry Cleaning Pads & Covers 2026,/catalogs/dry-cleaning-catalog.pdf,46,Hot heads and silk presses covers and pads,Forenta,191-SUMHC,Pad,HB-690,,20 1/2 x 10 1/2,Mushroom,false,,50 oz. Bonn-E-Blue pad
dc-forenta-191-sumhc-ts-690-mushroom,Buckeye Dry Cleaning Pads & Covers 2026,/catalogs/dry-cleaning-catalog.pdf,46,Hot heads and silk presses covers and pads,Forenta,191-SUMHC,Texsteel Steel Base Pad,TS-690,,20 1/2 x 10 1/2,Mushroom,false,,Bare buck only
dc-forenta-42-folh-pro-832-utility,Buckeye Dry Cleaning Pads & Covers 2026,/catalogs/dry-cleaning-catalog.pdf,46,Hot heads and silk presses covers and pads,Forenta,42-FOLH,Pad/Cover,PRO-832,,40 x 13 x 9,Utility,false,,Tan Pro pad/cover
dc-forenta-42-folh-hs-832-utility,Buckeye Dry Cleaning Pads & Covers 2026,/catalogs/dry-cleaning-catalog.pdf,46,Hot heads and silk presses covers and pads,Forenta,42-FOLH,Aramid Cover,HS-832,,40 x 13 x 9,Utility,false,,Hi-Spun aramid cover
dc-forenta-42-folh-hb-832-utility,Buckeye Dry Cleaning Pads & Covers 2026,/catalogs/dry-cleaning-catalog.pdf,46,Hot heads and silk presses covers and pads,Forenta,42-FOLH,Pad,HB-832,,40 x 13 x 9,Utility,false,,50 oz. Bonn-E-Blue pad
dc-forenta-42-folh-ts-832-utility,Buckeye Dry Cleaning Pads & Covers 2026,/catalogs/dry-cleaning-catalog.pdf,46,Hot heads and silk presses covers and pads,Forenta,42-FOLH,Texsteel Steel Base Pad,TS-832,,40 x 13 x 9,Utility,false,,Bare buck only
dc-forenta-42-forh-pro-832-utility,Buckeye Dry Cleaning Pads & Covers 2026,/catalogs/dry-cleaning-catalog.pdf,46,Hot heads and silk presses covers and pads,Forenta,42-FORH,Pad/Cover,PRO-832,,40 x 13 x 9,Utility,false,,Tan Pro pad/cover
dc-forenta-42-forh-hs-832-utility,Buckeye Dry Cleaning Pads & Covers 2026,/catalogs/dry-cleaning-catalog.pdf,46,Hot heads and silk presses covers and pads,Forenta,42-FORH,Aramid Cover,HS-832,,40 x 13 x 9,Utility,false,,Hi-Spun aramid cover
dc-forenta-42-forh-hb-832-utility,Buckeye Dry Cleaning Pads & Covers 2026,/catalogs/dry-cleaning-catalog.pdf,46,Hot heads and silk presses covers and pads,Forenta,42-FORH,Pad,HB-832,,40 x 13 x 9,Utility,false,,50 oz. Bonn-E-Blue pad
dc-forenta-42-forh-ts-832-utility,Buckeye Dry Cleaning Pads & Covers 2026,/catalogs/dry-cleaning-catalog.pdf,46,Hot heads and silk presses covers and pads,Forenta,42-FORH,Texsteel Steel Base Pad,TS-832,,40 x 13 x 9,Utility,false,,Bare buck only
dc-forenta-42-frh-pro-832-utility,Buckeye Dry Cleaning Pads & Covers 2026,/catalogs/dry-cleaning-catalog.pdf,46,Hot heads and silk presses covers and pads,Forenta,42-FRH,Pad/Cover,PRO-832,,40 x 13 x 9,Utility,false,,Tan Pro pad/cover
dc-forenta-42-frh-hs-832-utility,Buckeye Dry Cleaning Pads & Covers 2026,/catalogs/dry-cleaning-catalog.pdf,46,Hot heads and silk presses covers and pads,Forenta,42-FRH,Aramid Cover,HS-832,,40 x 13 x 9,Utility,false,,Hi-Spun aramid cover
dc-forenta-42-frh-hb-832-utility,Buckeye Dry Cleaning Pads & Covers 2026,/catalogs/dry-cleaning-catalog.pdf,46,Hot heads and silk presses covers and pads,Forenta,42-FRH,Pad,HB-832,,40 x 13 x 9,Utility,false,,50 oz. Bonn-E-Blue pad
dc-forenta-42-frh-ts-832-utility,Buckeye Dry Cleaning Pads & Covers 2026,/catalogs/dry-cleaning-catalog.pdf,46,Hot heads and silk presses covers and pads,Forenta,42-FRH,Texsteel Steel Base Pad,TS-832,,40 x 13 x 9,Utility,false,,Bare buck only
dc-forenta-46-folh-pro-836-utility,Buckeye Dry Cleaning Pads & Covers 2026,/catalogs/dry-cleaning-catalog.pdf,46,Hot heads and silk presses covers and pads,Forenta,46-FOLH,Pad/Cover,PRO-836,,44 1/2 x 13 x 9,Utility,false,,Tan Pro pad/cover
dc-forenta-46-folh-hs-836-utility,Buckeye Dry Cleaning Pads & Covers 2026,/catalogs/dry-cleaning-catalog.pdf,46,Hot heads and silk presses covers and pads,Forenta,46-FOLH,Aramid Cover,HS-836,,44 1/2 x 13 x 9,Utility,false,,Hi-Spun aramid cover
dc-forenta-46-folh-hb-836-utility,Buckeye Dry Cleaning Pads & Covers 2026,/catalogs/dry-cleaning-catalog.pdf,46,Hot heads and silk presses covers and pads,Forenta,46-FOLH,Pad,HB-836,,44 1/2 x 13 x 9,Utility,false,,50 oz. Bonn-E-Blue pad
dc-forenta-46-folh-ts-836-utility,Buckeye Dry Cleaning Pads & Covers 2026,/catalogs/dry-cleaning-catalog.pdf,46,Hot heads and silk presses covers and pads,Forenta,46-FOLH,Texsteel Steel Base Pad,TS-836,,44 1/2 x 13 x 9,Utility,false,,Bare buck only
dc-forenta-46-forh-pro-836-utility,Buckeye Dry Cleaning Pads & Covers 2026,/catalogs/dry-cleaning-catalog.pdf,46,Hot heads and silk presses covers and pads,Forenta,46-FORH,Pad/Cover,PRO-836,,44 1/2 x 13 x 9,Utility,false,,Tan Pro pad/cover
dc-forenta-46-forh-hs-836-utility,Buckeye Dry Cleaning Pads & Covers 2026,/catalogs/dry-cleaning-catalog.pdf,46,Hot heads and silk presses covers and pads,Forenta,46-FORH,Aramid Cover,HS-836,,44 1/2 x 13 x 9,Utility,false,,Hi-Spun aramid cover
dc-forenta-46-forh-hb-836-utility,Buckeye Dry Cleaning Pads & Covers 2026,/catalogs/dry-cleaning-catalog.pdf,46,Hot heads and silk presses covers and pads,Forenta,46-FORH,Pad,HB-836,,44 1/2 x 13 x 9,Utility,false,,50 oz. Bonn-E-Blue pad
dc-forenta-46-forh-ts-836-utility,Buckeye Dry Cleaning Pads & Covers 2026,/catalogs/dry-cleaning-catalog.pdf,46,Hot heads and silk presses covers and pads,Forenta,46-FORH,Texsteel Steel Base Pad,TS-836,,44 1/2 x 13 x 9,Utility,false,,Bare buck only
dc-forenta-46-frh-pro-836-utility,Buckeye Dry Cleaning Pads & Covers 2026,/catalogs/dry-cleaning-catalog.pdf,46,Hot heads and silk presses covers and pads,Forenta,46-FRH,Pad/Cover,PRO-836,,44 1/2 x 13 x 9,Utility,false,,Tan Pro pad/cover
dc-forenta-46-frh-hs-836-utility,Buckeye Dry Cleaning Pads & Covers 2026,/catalogs/dry-cleaning-catalog.pdf,46,Hot heads and silk presses covers and pads,Forenta,46-FRH,Aramid Cover,HS-836,,44 1/2 x 13 x 9,Utility,false,,Hi-Spun aramid cover
dc-forenta-46-frh-hb-836-utility,Buckeye Dry Cleaning Pads & Covers 2026,/catalogs/dry-cleaning-catalog.pdf,46,Hot heads and silk presses covers and pads,Forenta,46-FRH,Pad,HB-836,,44 1/2 x 13 x 9,Utility,false,,50 oz. Bonn-E-Blue pad
dc-forenta-46-frh-ts-836-utility,Buckeye Dry Cleaning Pads & Covers 2026,/catalogs/dry-cleaning-catalog.pdf,46,Hot heads and silk presses covers and pads,Forenta,46-FRH,Texsteel Steel Base Pad,TS-836,,44 1/2 x 13 x 9,Utility,false,,Bare buck only
dc-forenta-46-suloh-pro-836-utility,Buckeye Dry Cleaning Pads & Covers 2026,/catalogs/dry-cleaning-catalog.pdf,46,Hot heads and silk presses covers and pads,Forenta,46-SULOH,Pad/Cover,PRO-836,,44 1/2 x 13 x 9,Utility,false,,Tan Pro pad/cover
dc-forenta-46-suloh-hs-836-utility,Buckeye Dry Cleaning Pads & Covers 2026,/catalogs/dry-cleaning-catalog.pdf,46,Hot heads and silk presses covers and pads,Forenta,46-SULOH,Aramid Cover,HS-836,,44 1/2 x 13 x 9,Utility,false,,Hi-Spun aramid cover
dc-forenta-46-suloh-hb-836-utility,Buckeye Dry Cleaning Pads & Covers 2026,/catalogs/dry-cleaning-catalog.pdf,46,Hot heads and silk presses covers and pads,Forenta,46-SULOH,Pad,HB-836,,44 1/2 x 13 x 9,Utility,false,,50 oz. Bonn-E-Blue pad
dc-forenta-46-suloh-ts-836-utility,Buckeye Dry Cleaning Pads & Covers 2026,/catalogs/dry-cleaning-catalog.pdf,46,Hot heads and silk presses covers and pads,Forenta,46-SULOH,Texsteel Steel Base Pad,TS-836,,44 1/2 x 13 x 9,Utility,false,,Bare buck only
dc-forenta-461-sulmohc-pro-836-utility,Buckeye Dry Cleaning Pads & Covers 2026,/catalogs/dry-cleaning-catalog.pdf,46,Hot heads and silk presses covers and pads,Forenta,461-SULMOHC,Pad/Cover,PRO-836,,44 1/2 x 13 x 9,Utility,false,,Tan Pro pad/cover
dc-forenta-461-sulmohc-hs-836-utility,Buckeye Dry Cleaning Pads & Covers 2026,/catalogs/dry-cleaning-catalog.pdf,46,Hot heads and silk presses covers and pads,Forenta,461-SULMOHC,Aramid Cover,HS-836,,44 1/2 x 13 x 9,Utility,false,,Hi-Spun aramid cover
dc-forenta-461-sulmohc-hb-836-utility,Buckeye Dry Cleaning Pads & Covers 2026,/catalogs/dry-cleaning-catalog.pdf,46,Hot heads and silk presses covers and pads,Forenta,461-SULMOHC,Pad,HB-836,,44 1/2 x 13 x 9,Utility,false,,50 oz. Bonn-E-Blue pad
dc-forenta-461-sulmohc-ts-836-utility,Buckeye Dry Cleaning Pads & Covers 2026,/catalogs/dry-cleaning-catalog.pdf,46,Hot heads and silk presses covers and pads,Forenta,461-SULMOHC,Texsteel Steel Base Pad,TS-836,,44 1/2 x 13 x 9,Utility,false,,Bare buck only
dc-forenta-472-fgrh-pro-837-legger-w-cut-out,Buckeye Dry Cleaning Pads & Covers 2026,/catalogs/dry-cleaning-catalog.pdf,46,Hot heads and silk presses covers and pads,Forenta,472-FGRH,Pad/Cover,PRO-837,,43 x 17 1/2 x 11,Legger w/cut-out,false,,Tan Pro pad/cover
dc-forenta-472-fgrh-hs-837-legger-w-cut-out,Buckeye Dry Cleaning Pads & Covers 2026,/catalogs/dry-cleaning-catalog.pdf,46,Hot heads and silk presses covers and pads,Forenta,472-FGRH,Aramid Cover,HS-837,,43 x 17 1/2 x 11,Legger w/cut-out,false,,Hi-Spun aramid cover
dc-forenta-472-fgrh-hb-837-legger-w-cut-out,Buckeye Dry Cleaning Pads & Covers 2026,/catalogs/dry-cleaning-catalog.pdf,46,Hot heads and silk presses covers and pads,Forenta,472-FGRH,Pad,HB-837,,43 x 17 1/2 x 11,Legger w/cut-out,false,,50 oz. Bonn-E-Blue pad
dc-forenta-472-fgrh-ts-837-legger-w-cut-out,Buckeye Dry Cleaning Pads & Covers 2026,/catalogs/dry-cleaning-catalog.pdf,46,Hot heads and silk presses covers and pads,Forenta,472-FGRH,Texsteel Steel Base Pad,TS-837,,43 x 17 1/2 x 11,Legger w/cut-out,false,,Bare buck only
dc-forenta-482-fgrh-pro-828-legger-w-cut-out,Buckeye Dry Cleaning Pads & Covers 2026,/catalogs/dry-cleaning-catalog.pdf,46,Hot heads and silk presses covers and pads,Forenta,482-FGRH,Pad/Cover,PRO-828,,43 x 17 1/2 x 8,Legger w/cut-out,false,,Tan Pro pad/cover
dc-forenta-482-fgrh-hs-828-legger-w-cut-out,Buckeye Dry Cleaning Pads & Covers 2026,/catalogs/dry-cleaning-catalog.pdf,46,Hot heads and silk presses covers and pads,Forenta,482-FGRH,Aramid Cover,HS-828,,43 x 17 1/2 x 8,Legger w/cut-out,false,,Hi-Spun aramid cover
dc-forenta-482-fgrh-hb-828-legger-w-cut-out,Buckeye Dry Cleaning Pads & Covers 2026,/catalogs/dry-cleaning-catalog.pdf,46,Hot heads and silk presses covers and pads,Forenta,482-FGRH,Pad,HB-828,,43 x 17 1/2 x 8,Legger w/cut-out,false,,50 oz. Bonn-E-Blue pad
dc-forenta-482-fgrh-ts-828-legger-w-cut-out,Buckeye Dry Cleaning Pads & Covers 2026,/catalogs/dry-cleaning-catalog.pdf,46,Hot heads and silk presses covers and pads,Forenta,482-FGRH,Texsteel Steel Base Pad,TS-828,,43 x 17 1/2 x 8,Legger w/cut-out,false,,Bare buck only
dc-hoffman-new-yorker-rheem-19-hm-pro-818-mushroom,Buckeye Dry Cleaning Pads & Covers 2026,/catalogs/dry-cleaning-catalog.pdf,47,Hot heads and silk presses covers and pads,Hoffman/New Yorker/Rheem,19-HM,Pad/Cover,PRO-818,,18 x 8 1/2,Mushroom,false,,Tan Pro pad/cover
dc-hoffman-new-yorker-rheem-19-hm-hs-818-mushroom,Buckeye Dry Cleaning Pads & Covers 2026,/catalogs/dry-cleaning-catalog.pdf,47,Hot heads and silk presses covers and pads,Hoffman/New Yorker/Rheem,19-HM,Aramid Cover,HS-818,,18 x 8 1/2,Mushroom,false,,Hi-Spun aramid cover
dc-hoffman-new-yorker-rheem-19-hm-hb-818-mushroom,Buckeye Dry Cleaning Pads & Covers 2026,/catalogs/dry-cleaning-catalog.pdf,47,Hot heads and silk presses covers and pads,Hoffman/New Yorker/Rheem,19-HM,Pad,HB-818,,18 x 8 1/2,Mushroom,false,,50 oz. Bonn-E-Blue pad
dc-hoffman-new-yorker-rheem-19-hm-ts-818-mushroom,Buckeye Dry Cleaning Pads & Covers 2026,/catalogs/dry-cleaning-catalog.pdf,47,Hot heads and silk presses covers and pads,Hoffman/New Yorker/Rheem,19-HM,Texsteel Steel Base Pad,TS-818,,18 x 8 1/2,Mushroom,false,,Bare buck only
dc-hoffman-new-yorker-rheem-19-hmx-pro-818-mushroom,Buckeye Dry Cleaning Pads & Covers 2026,/catalogs/dry-cleaning-catalog.pdf,47,Hot heads and silk presses covers and pads,Hoffman/New Yorker/Rheem,19-HMX,Pad/Cover,PRO-818,,18 x 8 1/2,Mushroom,false,,Tan Pro pad/cover
dc-hoffman-new-yorker-rheem-19-hmx-hs-818-mushroom,Buckeye Dry Cleaning Pads & Covers 2026,/catalogs/dry-cleaning-catalog.pdf,47,Hot heads and silk presses covers and pads,Hoffman/New Yorker/Rheem,19-HMX,Aramid Cover,HS-818,,18 x 8 1/2,Mushroom,false,,Hi-Spun aramid cover
dc-hoffman-new-yorker-rheem-19-hmx-hb-818-mushroom,Buckeye Dry Cleaning Pads & Covers 2026,/catalogs/dry-cleaning-catalog.pdf,47,Hot heads and silk presses covers and pads,Hoffman/New Yorker/Rheem,19-HMX,Pad,HB-818,,18 x 8 1/2,Mushroom,false,,50 oz. Bonn-E-Blue pad
dc-hoffman-new-yorker-rheem-19-hmx-ts-818-mushroom,Buckeye Dry Cleaning Pads & Covers 2026,/catalogs/dry-cleaning-catalog.pdf,47,Hot heads and silk presses covers and pads,Hoffman/New Yorker/Rheem,19-HMX,Texsteel Steel Base Pad,TS-818,,18 x 8 1/2,Mushroom,false,,Bare buck only
dc-hoffman-new-yorker-rheem-21-ht-pro-820-topper,Buckeye Dry Cleaning Pads & Covers 2026,/catalogs/dry-cleaning-catalog.pdf,47,Hot heads and silk presses covers and pads,Hoffman/New Yorker/Rheem,21-HT,Pad/Cover,PRO-820,,21 x 10 x 8,Topper,false,,Tan Pro pad/cover
dc-hoffman-new-yorker-rheem-21-ht-hs-820-topper,Buckeye Dry Cleaning Pads & Covers 2026,/catalogs/dry-cleaning-catalog.pdf,47,Hot heads and silk presses covers and pads,Hoffman/New Yorker/Rheem,21-HT,Aramid Cover,HS-820,,21 x 10 x 8,Topper,false,,Hi-Spun aramid cover
dc-hoffman-new-yorker-rheem-21-ht-hb-820-topper,Buckeye Dry Cleaning Pads & Covers 2026,/catalogs/dry-cleaning-catalog.pdf,47,Hot heads and silk presses covers and pads,Hoffman/New Yorker/Rheem,21-HT,Pad,HB-820,,21 x 10 x 8,Topper,false,,50 oz. Bonn-E-Blue pad
dc-hoffman-new-yorker-rheem-21-ht-ts-820-topper,Buckeye Dry Cleaning Pads & Covers 2026,/catalogs/dry-cleaning-catalog.pdf,47,Hot heads and silk presses covers and pads,Hoffman/New Yorker/Rheem,21-HT,Texsteel Steel Base Pad,TS-820,,21 x 10 x 8,Topper,false,,Bare buck only
dc-hoffman-new-yorker-rheem-21-htx-pro-820-topper,Buckeye Dry Cleaning Pads & Covers 2026,/catalogs/dry-cleaning-catalog.pdf,47,Hot heads and silk presses covers and pads,Hoffman/New Yorker/Rheem,21-HTX,Pad/Cover,PRO-820,,21 x 10 x 8,Topper,false,,Tan Pro pad/cover
dc-hoffman-new-yorker-rheem-21-htx-hs-820-topper,Buckeye Dry Cleaning Pads & Covers 2026,/catalogs/dry-cleaning-catalog.pdf,47,Hot heads and silk presses covers and pads,Hoffman/New Yorker/Rheem,21-HTX,Aramid Cover,HS-820,,21 x 10 x 8,Topper,false,,Hi-Spun aramid cover
dc-hoffman-new-yorker-rheem-21-htx-hb-820-topper,Buckeye Dry Cleaning Pads & Covers 2026,/catalogs/dry-cleaning-catalog.pdf,47,Hot heads and silk presses covers and pads,Hoffman/New Yorker/Rheem,21-HTX,Pad,HB-820,,21 x 10 x 8,Topper,false,,50 oz. Bonn-E-Blue pad
dc-hoffman-new-yorker-rheem-21-htx-ts-820-topper,Buckeye Dry Cleaning Pads & Covers 2026,/catalogs/dry-cleaning-catalog.pdf,47,Hot heads and silk presses covers and pads,Hoffman/New Yorker/Rheem,21-HTX,Texsteel Steel Base Pad,TS-820,,21 x 10 x 8,Topper,false,,Bare buck only
dc-hoffman-new-yorker-rheem-38-hgx-pro-838-utility,Buckeye Dry Cleaning Pads & Covers 2026,/catalogs/dry-cleaning-catalog.pdf,47,Hot heads and silk presses covers and pads,Hoffman/New Yorker/Rheem,38-HGX,Pad/Cover,PRO-838,,38 x 12 x 9,Utility,false,,Tan Pro pad/cover
dc-hoffman-new-yorker-rheem-38-hgx-hs-838-utility,Buckeye Dry Cleaning Pads & Covers 2026,/catalogs/dry-cleaning-catalog.pdf,47,Hot heads and silk presses covers and pads,Hoffman/New Yorker/Rheem,38-HGX,Aramid Cover,HS-838,,38 x 12 x 9,Utility,false,,Hi-Spun aramid cover
dc-hoffman-new-yorker-rheem-38-hgx-hb-838-utility,Buckeye Dry Cleaning Pads & Covers 2026,/catalogs/dry-cleaning-catalog.pdf,47,Hot heads and silk presses covers and pads,Hoffman/New Yorker/Rheem,38-HGX,Pad,HB-838,,38 x 12 x 9,Utility,false,,50 oz. Bonn-E-Blue pad
dc-hoffman-new-yorker-rheem-38-hgx-ts-838-utility,Buckeye Dry Cleaning Pads & Covers 2026,/catalogs/dry-cleaning-catalog.pdf,47,Hot heads and silk presses covers and pads,Hoffman/New Yorker/Rheem,38-HGX,Texsteel Steel Base Pad,TS-838,,38 x 12 x 9,Utility,false,,Bare buck only
dc-hoffman-new-yorker-rheem-42-hgx-pro-842-utility,Buckeye Dry Cleaning Pads & Covers 2026,/catalogs/dry-cleaning-catalog.pdf,47,Hot heads and silk presses covers and pads,Hoffman/New Yorker/Rheem,42-HGX,Pad/Cover,PRO-842,,42 x 12 x 9,Utility,false,,Tan Pro pad/cover
dc-hoffman-new-yorker-rheem-42-hgx-hs-842-utility,Buckeye Dry Cleaning Pads & Covers 2026,/catalogs/dry-cleaning-catalog.pdf,47,Hot heads and silk presses covers and pads,Hoffman/New Yorker/Rheem,42-HGX,Aramid Cover,HS-842,,42 x 12 x 9,Utility,false,,Hi-Spun aramid cover
dc-hoffman-new-yorker-rheem-42-hgx-hb-842-utility,Buckeye Dry Cleaning Pads & Covers 2026,/catalogs/dry-cleaning-catalog.pdf,47,Hot heads and silk presses covers and pads,Hoffman/New Yorker/Rheem,42-HGX,Pad,HB-842,,42 x 12 x 9,Utility,false,,50 oz. Bonn-E-Blue pad
dc-hoffman-new-yorker-rheem-42-hgx-ts-842-utility,Buckeye Dry Cleaning Pads & Covers 2026,/catalogs/dry-cleaning-catalog.pdf,47,Hot heads and silk presses covers and pads,Hoffman/New Yorker/Rheem,42-HGX,Texsteel Steel Base Pad,TS-842,,42 x 12 x 9,Utility,false,,Bare buck only
dc-hoffman-new-yorker-rheem-sw-42silk-pro-842-utility,Buckeye Dry Cleaning Pads & Covers 2026,/catalogs/dry-cleaning-catalog.pdf,47,Hot heads and silk presses covers and pads,Hoffman/New Yorker/Rheem,SW-42SILK,Pad/Cover,PRO-842,,42 x 12 x 9,Utility,false,,Tan Pro pad/cover
dc-hoffman-new-yorker-rheem-sw-42silk-hs-842-utility,Buckeye Dry Cleaning Pads & Covers 2026,/catalogs/dry-cleaning-catalog.pdf,47,Hot heads and silk presses covers and pads,Hoffman/New Yorker/Rheem,SW-42SILK,Aramid Cover,HS-842,,42 x 12 x 9,Utility,false,,Hi-Spun aramid cover
dc-hoffman-new-yorker-rheem-sw-42silk-hb-842-utility,Buckeye Dry Cleaning Pads & Covers 2026,/catalogs/dry-cleaning-catalog.pdf,47,Hot heads and silk presses covers and pads,Hoffman/New Yorker/Rheem,SW-42SILK,Pad,HB-842,,42 x 12 x 9,Utility,false,,50 oz. Bonn-E-Blue pad
dc-hoffman-new-yorker-rheem-sw-42silk-ts-842-utility,Buckeye Dry Cleaning Pads & Covers 2026,/catalogs/dry-cleaning-catalog.pdf,47,Hot heads and silk presses covers and pads,Hoffman/New Yorker/Rheem,SW-42SILK,Texsteel Steel Base Pad,TS-842,,42 x 12 x 9,Utility,false,,Bare buck only
dc-hoffman-new-yorker-rheem-ua-42hhol-pro-842-utility,Buckeye Dry Cleaning Pads & Covers 2026,/catalogs/dry-cleaning-catalog.pdf,47,Hot heads and silk presses covers and pads,Hoffman/New Yorker/Rheem,UA-42HHOL,Pad/Cover,PRO-842,,42 x 12 x 9,Utility,false,,Tan Pro pad/cover
dc-hoffman-new-yorker-rheem-ua-42hhol-hs-842-utility,Buckeye Dry Cleaning Pads & Covers 2026,/catalogs/dry-cleaning-catalog.pdf,47,Hot heads and silk presses covers and pads,Hoffman/New Yorker/Rheem,UA-42HHOL,Aramid Cover,HS-842,,42 x 12 x 9,Utility,false,,Hi-Spun aramid cover
dc-hoffman-new-yorker-rheem-ua-42hhol-hb-842-utility,Buckeye Dry Cleaning Pads & Covers 2026,/catalogs/dry-cleaning-catalog.pdf,47,Hot heads and silk presses covers and pads,Hoffman/New Yorker/Rheem,UA-42HHOL,Pad,HB-842,,42 x 12 x 9,Utility,false,,50 oz. Bonn-E-Blue pad
dc-hoffman-new-yorker-rheem-ua-42hhol-ts-842-utility,Buckeye Dry Cleaning Pads & Covers 2026,/catalogs/dry-cleaning-catalog.pdf,47,Hot heads and silk presses covers and pads,Hoffman/New Yorker/Rheem,UA-42HHOL,Texsteel Steel Base Pad,TS-842,,42 x 12 x 9,Utility,false,,Bare buck only
dc-hoffman-new-yorker-rheem-45-hox-pro-845-utility,Buckeye Dry Cleaning Pads & Covers 2026,/catalogs/dry-cleaning-catalog.pdf,47,Hot heads and silk presses covers and pads,Hoffman/New Yorker/Rheem,45-HOX,Pad/Cover,PRO-845,,45 x 12 x 9,Utility,false,,Tan Pro pad/cover
dc-hoffman-new-yorker-rheem-45-hox-hs-845-utility,Buckeye Dry Cleaning Pads & Covers 2026,/catalogs/dry-cleaning-catalog.pdf,47,Hot heads and silk presses covers and pads,Hoffman/New Yorker/Rheem,45-HOX,Aramid Cover,HS-845,,45 x 12 x 9,Utility,false,,Hi-Spun aramid cover
dc-hoffman-new-yorker-rheem-45-hox-hb-845-utility,Buckeye Dry Cleaning Pads & Covers 2026,/catalogs/dry-cleaning-catalog.pdf,47,Hot heads and silk presses covers and pads,Hoffman/New Yorker/Rheem,45-HOX,Pad,HB-845,,45 x 12 x 9,Utility,false,,50 oz. Bonn-E-Blue pad
dc-hoffman-new-yorker-rheem-45-hox-ts-845-utility,Buckeye Dry Cleaning Pads & Covers 2026,/catalogs/dry-cleaning-catalog.pdf,47,Hot heads and silk presses covers and pads,Hoffman/New Yorker/Rheem,45-HOX,Texsteel Steel Base Pad,TS-845,,45 x 12 x 9,Utility,false,,Bare buck only
dc-hoffman-new-yorker-rheem-bc-45hhr-pro-845-utility,Buckeye Dry Cleaning Pads & Covers 2026,/catalogs/dry-cleaning-catalog.pdf,47,Hot heads and silk presses covers and pads,Hoffman/New Yorker/Rheem,BC-45HHR,Pad/Cover,PRO-845,,45 x 12 x 9,Utility,false,,Tan Pro pad/cover
dc-hoffman-new-yorker-rheem-bc-45hhr-hs-845-utility,Buckeye Dry Cleaning Pads & Covers 2026,/catalogs/dry-cleaning-catalog.pdf,47,Hot heads and silk presses covers and pads,Hoffman/New Yorker/Rheem,BC-45HHR,Aramid Cover,HS-845,,45 x 12 x 9,Utility,false,,Hi-Spun aramid cover
dc-hoffman-new-yorker-rheem-bc-45hhr-hb-845-utility,Buckeye Dry Cleaning Pads & Covers 2026,/catalogs/dry-cleaning-catalog.pdf,47,Hot heads and silk presses covers and pads,Hoffman/New Yorker/Rheem,BC-45HHR,Pad,HB-845,,45 x 12 x 9,Utility,false,,50 oz. Bonn-E-Blue pad
dc-hoffman-new-yorker-rheem-bc-45hhr-ts-845-utility,Buckeye Dry Cleaning Pads & Covers 2026,/catalogs/dry-cleaning-catalog.pdf,47,Hot heads and silk presses covers and pads,Hoffman/New Yorker/Rheem,BC-45HHR,Texsteel Steel Base Pad,TS-845,,45 x 12 x 9,Utility,false,,Bare buck only
dc-hoffman-new-yorker-rheem-sw-45-ros-silk-pro-845-utility,Buckeye Dry Cleaning Pads & Covers 2026,/catalogs/dry-cleaning-catalog.pdf,47,Hot heads and silk presses covers and pads,Hoffman/New Yorker/Rheem,SW-45-ROS SILK,Pad/Cover,PRO-845,,45 x 12 x 9,Utility,false,,Tan Pro pad/cover
dc-hoffman-new-yorker-rheem-sw-45-ros-silk-hs-845-utility,Buckeye Dry Cleaning Pads & Covers 2026,/catalogs/dry-cleaning-catalog.pdf,47,Hot heads and silk presses covers and pads,Hoffman/New Yorker/Rheem,SW-45-ROS SILK,Aramid Cover,HS-845,,45 x 12 x 9,Utility,false,,Hi-Spun aramid cover
dc-hoffman-new-yorker-rheem-sw-45-ros-silk-hb-845-utility,Buckeye Dry Cleaning Pads & Covers 2026,/catalogs/dry-cleaning-catalog.pdf,47,Hot heads and silk presses covers and pads,Hoffman/New Yorker/Rheem,SW-45-ROS SILK,Pad,HB-845,,45 x 12 x 9,Utility,false,,50 oz. Bonn-E-Blue pad
dc-hoffman-new-yorker-rheem-sw-45-ros-silk-ts-845-utility,Buckeye Dry Cleaning Pads & Covers 2026,/catalogs/dry-cleaning-catalog.pdf,47,Hot heads and silk presses covers and pads,Hoffman/New Yorker/Rheem,SW-45-ROS SILK,Texsteel Steel Base Pad,TS-845,,45 x 12 x 9,Utility,false,,Bare buck only
dc-hoffman-new-yorker-rheem-ua-45hhol-pro-845-utility,Buckeye Dry Cleaning Pads & Covers 2026,/catalogs/dry-cleaning-catalog.pdf,47,Hot heads and silk presses covers and pads,Hoffman/New Yorker/Rheem,UA-45HHOL,Pad/Cover,PRO-845,,45 x 12 x 9,Utility,false,,Tan Pro pad/cover
dc-hoffman-new-yorker-rheem-ua-45hhol-hs-845-utility,Buckeye Dry Cleaning Pads & Covers 2026,/catalogs/dry-cleaning-catalog.pdf,47,Hot heads and silk presses covers and pads,Hoffman/New Yorker/Rheem,UA-45HHOL,Aramid Cover,HS-845,,45 x 12 x 9,Utility,false,,Hi-Spun aramid cover
dc-hoffman-new-yorker-rheem-ua-45hhol-hb-845-utility,Buckeye Dry Cleaning Pads & Covers 2026,/catalogs/dry-cleaning-catalog.pdf,47,Hot heads and silk presses covers and pads,Hoffman/New Yorker/Rheem,UA-45HHOL,Pad,HB-845,,45 x 12 x 9,Utility,false,,50 oz. Bonn-E-Blue pad
dc-hoffman-new-yorker-rheem-ua-45hhol-ts-845-utility,Buckeye Dry Cleaning Pads & Covers 2026,/catalogs/dry-cleaning-catalog.pdf,47,Hot heads and silk presses covers and pads,Hoffman/New Yorker/Rheem,UA-45HHOL,Texsteel Steel Base Pad,TS-845,,45 x 12 x 9,Utility,false,,Bare buck only
dc-hoffman-new-yorker-rheem-46-hg-pro-847-utility,Buckeye Dry Cleaning Pads & Covers 2026,/catalogs/dry-cleaning-catalog.pdf,47,Hot heads and silk presses covers and pads,Hoffman/New Yorker/Rheem,46-HG,Pad/Cover,PRO-847,,46 x 14 1/2 x 8 1/2,Utility,false,,Tan Pro pad/cover
dc-hoffman-new-yorker-rheem-46-hg-hs-847-utility,Buckeye Dry Cleaning Pads & Covers 2026,/catalogs/dry-cleaning-catalog.pdf,47,Hot heads and silk presses covers and pads,Hoffman/New Yorker/Rheem,46-HG,Aramid Cover,HS-847,,46 x 14 1/2 x 8 1/2,Utility,false,,Hi-Spun aramid cover
dc-hoffman-new-yorker-rheem-46-hg-hb-847-utility,Buckeye Dry Cleaning Pads & Covers 2026,/catalogs/dry-cleaning-catalog.pdf,47,Hot heads and silk presses covers and pads,Hoffman/New Yorker/Rheem,46-HG,Pad,HB-847,,46 x 14 1/2 x 8 1/2,Utility,false,,50 oz. Bonn-E-Blue pad
dc-hoffman-new-yorker-rheem-46-hg-ts-847-utility,Buckeye Dry Cleaning Pads & Covers 2026,/catalogs/dry-cleaning-catalog.pdf,47,Hot heads and silk presses covers and pads,Hoffman/New Yorker/Rheem,46-HG,Texsteel Steel Base Pad,TS-847,,46 x 14 1/2 x 8 1/2,Utility,false,,Bare buck only
dc-hoffman-new-yorker-rheem-46-hgx-pro-847-utility,Buckeye Dry Cleaning Pads & Covers 2026,/catalogs/dry-cleaning-catalog.pdf,47,Hot heads and silk presses covers and pads,Hoffman/New Yorker/Rheem,46-HGX,Pad/Cover,PRO-847,,46 x 14 1/2 x 8 1/2,Utility,false,,Tan Pro pad/cover
dc-hoffman-new-yorker-rheem-46-hgx-hs-847-utility,Buckeye Dry Cleaning Pads & Covers 2026,/catalogs/dry-cleaning-catalog.pdf,47,Hot heads and silk presses covers and pads,Hoffman/New Yorker/Rheem,46-HGX,Aramid Cover,HS-847,,46 x 14 1/2 x 8 1/2,Utility,false,,Hi-Spun aramid cover
dc-hoffman-new-yorker-rheem-46-hgx-hb-847-utility,Buckeye Dry Cleaning Pads & Covers 2026,/catalogs/dry-cleaning-catalog.pdf,47,Hot heads and silk presses covers and pads,Hoffman/New Yorker/Rheem,46-HGX,Pad,HB-847,,46 x 14 1/2 x 8 1/2,Utility,false,,50 oz. Bonn-E-Blue pad
dc-hoffman-new-yorker-rheem-46-hgx-ts-847-utility,Buckeye Dry Cleaning Pads & Covers 2026,/catalogs/dry-cleaning-catalog.pdf,47,Hot heads and silk presses covers and pads,Hoffman/New Yorker/Rheem,46-HGX,Texsteel Steel Base Pad,TS-847,,46 x 14 1/2 x 8 1/2,Utility,false,,Bare buck only
dc-hoffman-new-yorker-rheem-47-hg-pro-887-utility,Buckeye Dry Cleaning Pads & Covers 2026,/catalogs/dry-cleaning-catalog.pdf,47,Hot heads and silk presses covers and pads,Hoffman/New Yorker/Rheem,47-HG,Pad/Cover,PRO-887,,47 x 15 1/4 x 9 1/4,Utility,false,,Tan Pro pad/cover
dc-hoffman-new-yorker-rheem-47-hg-hs-887-utility,Buckeye Dry Cleaning Pads & Covers 2026,/catalogs/dry-cleaning-catalog.pdf,47,Hot heads and silk presses covers and pads,Hoffman/New Yorker/Rheem,47-HG,Aramid Cover,HS-887,,47 x 15 1/4 x 9 1/4,Utility,false,,Hi-Spun aramid cover
dc-hoffman-new-yorker-rheem-47-hg-hb-887-utility,Buckeye Dry Cleaning Pads & Covers 2026,/catalogs/dry-cleaning-catalog.pdf,47,Hot heads and silk presses covers and pads,Hoffman/New Yorker/Rheem,47-HG,Pad,HB-887,,47 x 15 1/4 x 9 1/4,Utility,false,,50 oz. Bonn-E-Blue pad
dc-hoffman-new-yorker-rheem-47-hg-ts-887-utility,Buckeye Dry Cleaning Pads & Covers 2026,/catalogs/dry-cleaning-catalog.pdf,47,Hot heads and silk presses covers and pads,Hoffman/New Yorker/Rheem,47-HG,Texsteel Steel Base Pad,TS-887,,47 x 15 1/4 x 9 1/4,Utility,false,,Bare buck only
dc-hoffman-new-yorker-rheem-52-hg-pro-851-utility,Buckeye Dry Cleaning Pads & Covers 2026,/catalogs/dry-cleaning-catalog.pdf,47,Hot heads and silk presses covers and pads,Hoffman/New Yorker/Rheem,52-HG,Pad/Cover,PRO-851,,52 x 15 1/4 x 9 1/4,Utility,false,,Tan Pro pad/cover
dc-hoffman-new-yorker-rheem-52-hg-hs-851-utility,Buckeye Dry Cleaning Pads & Covers 2026,/catalogs/dry-cleaning-catalog.pdf,47,Hot heads and silk presses covers and pads,Hoffman/New Yorker/Rheem,52-HG,Aramid Cover,HS-851,,52 x 15 1/4 x 9 1/4,Utility,false,,Hi-Spun aramid cover
dc-hoffman-new-yorker-rheem-52-hg-hb-851-utility,Buckeye Dry Cleaning Pads & Covers 2026,/catalogs/dry-cleaning-catalog.pdf,47,Hot heads and silk presses covers and pads,Hoffman/New Yorker/Rheem,52-HG,Pad,HB-851,,52 x 15 1/4 x 9 1/4,Utility,false,,50 oz. Bonn-E-Blue pad
dc-hoffman-new-yorker-rheem-52-hg-ts-851-utility,Buckeye Dry Cleaning Pads & Covers 2026,/catalogs/dry-cleaning-catalog.pdf,47,Hot heads and silk presses covers and pads,Hoffman/New Yorker/Rheem,52-HG,Texsteel Steel Base Pad,TS-851,,52 x 15 1/4 x 9 1/4,Utility,false,,Bare buck only
dc-hoffman-new-yorker-rheem-52-hgx-pro-851-utility,Buckeye Dry Cleaning Pads & Covers 2026,/catalogs/dry-cleaning-catalog.pdf,47,Hot heads and silk presses covers and pads,Hoffman/New Yorker/Rheem,52-HGX,Pad/Cover,PRO-851,,52 x 15 1/4 x 9 1/4,Utility,false,,Tan Pro pad/cover
dc-hoffman-new-yorker-rheem-52-hgx-hs-851-utility,Buckeye Dry Cleaning Pads & Covers 2026,/catalogs/dry-cleaning-catalog.pdf,47,Hot heads and silk presses covers and pads,Hoffman/New Yorker/Rheem,52-HGX,Aramid Cover,HS-851,,52 x 15 1/4 x 9 1/4,Utility,false,,Hi-Spun aramid cover
dc-hoffman-new-yorker-rheem-52-hgx-hb-851-utility,Buckeye Dry Cleaning Pads & Covers 2026,/catalogs/dry-cleaning-catalog.pdf,47,Hot heads and silk presses covers and pads,Hoffman/New Yorker/Rheem,52-HGX,Pad,HB-851,,52 x 15 1/4 x 9 1/4,Utility,false,,50 oz. Bonn-E-Blue pad
dc-hoffman-new-yorker-rheem-52-hgx-ts-851-utility,Buckeye Dry Cleaning Pads & Covers 2026,/catalogs/dry-cleaning-catalog.pdf,47,Hot heads and silk presses covers and pads,Hoffman/New Yorker/Rheem,52-HGX,Texsteel Steel Base Pad,TS-851,,52 x 15 1/4 x 9 1/4,Utility,false,,Bare buck only
dc-miraclean-mcu-h-pro-1258-utility,Buckeye Dry Cleaning Pads & Covers 2026,/catalogs/dry-cleaning-catalog.pdf,47,Hot heads and silk presses covers and pads,Miraclean,MCU-H,Pad/Cover,PRO-1258,,47 x 14 x 9,Utility,false,,Tan Pro pad/cover
dc-miraclean-mcu-h-hs-1258-utility,Buckeye Dry Cleaning Pads & Covers 2026,/catalogs/dry-cleaning-catalog.pdf,47,Hot heads and silk presses covers and pads,Miraclean,MCU-H,Aramid Cover,HS-1258,,47 x 14 x 9,Utility,false,,Hi-Spun aramid cover
dc-miraclean-mcu-h-hb-1258-utility,Buckeye Dry Cleaning Pads & Covers 2026,/catalogs/dry-cleaning-catalog.pdf,47,Hot heads and silk presses covers and pads,Miraclean,MCU-H,Pad,HB-1258,,47 x 14 x 9,Utility,false,,50 oz. Bonn-E-Blue pad
dc-stirmatic-pagsl-pro-1276-utility-legger,Buckeye Dry Cleaning Pads & Covers 2026,/catalogs/dry-cleaning-catalog.pdf,47,Hot heads and silk presses covers and pads,Stirmatic,PAGSL,Pad/Cover,PRO-1276,,45 1/4 x 17 x 10,Utility/Legger,false,,Tan Pro pad/cover
dc-stirmatic-pagsl-hs-1276-utility-legger,Buckeye Dry Cleaning Pads & Covers 2026,/catalogs/dry-cleaning-catalog.pdf,47,Hot heads and silk presses covers and pads,Stirmatic,PAGSL,Aramid Cover,HS-1276,,45 1/4 x 17 x 10,Utility/Legger,false,,Hi-Spun aramid cover
dc-stirmatic-pagsl-hb-1276-utility-legger,Buckeye Dry Cleaning Pads & Covers 2026,/catalogs/dry-cleaning-catalog.pdf,47,Hot heads and silk presses covers and pads,Stirmatic,PAGSL,Pad,HB-1276,,45 1/4 x 17 x 10,Utility/Legger,false,,50 oz. Bonn-E-Blue pad
dc-stirmatic-paul-pro-883-utility,Buckeye Dry Cleaning Pads & Covers 2026,/catalogs/dry-cleaning-catalog.pdf,47,Hot heads and silk presses covers and pads,Stirmatic,PAUL,Pad/Cover,PRO-883,,46 x 13 1/4 x 10,Utility,false,,Tan Pro pad/cover
dc-stirmatic-paul-hs-883-utility,Buckeye Dry Cleaning Pads & Covers 2026,/catalogs/dry-cleaning-catalog.pdf,47,Hot heads and silk presses covers and pads,Stirmatic,PAUL,Aramid Cover,HS-883,,46 x 13 1/4 x 10,Utility,false,,Hi-Spun aramid cover
dc-stirmatic-paul-hb-883-utility,Buckeye Dry Cleaning Pads & Covers 2026,/catalogs/dry-cleaning-catalog.pdf,47,Hot heads and silk presses covers and pads,Stirmatic,PAUL,Pad,HB-883,,46 x 13 1/4 x 10,Utility,false,,50 oz. Bonn-E-Blue pad
dc-unipress-gbh-42-pro-842-utility,Buckeye Dry Cleaning Pads & Covers 2026,/catalogs/dry-cleaning-catalog.pdf,47,Hot heads and silk presses covers and pads,Unipress,GBH-42,Pad/Cover,PRO-842,,42 x 12 x 9,Utility,false,,Tan Pro pad/cover
dc-unipress-gbh-42-hs-842-utility,Buckeye Dry Cleaning Pads & Covers 2026,/catalogs/dry-cleaning-catalog.pdf,47,Hot heads and silk presses covers and pads,Unipress,GBH-42,Aramid Cover,HS-842,,42 x 12 x 9,Utility,false,,Hi-Spun aramid cover
dc-unipress-gbh-42-hb-842-utility,Buckeye Dry Cleaning Pads & Covers 2026,/catalogs/dry-cleaning-catalog.pdf,47,Hot heads and silk presses covers and pads,Unipress,GBH-42,Pad,HB-842,,42 x 12 x 9,Utility,false,,50 oz. Bonn-E-Blue pad
dc-unipress-gbh-42-ts-842-utility,Buckeye Dry Cleaning Pads & Covers 2026,/catalogs/dry-cleaning-catalog.pdf,47,Hot heads and silk presses covers and pads,Unipress,GBH-42,Texsteel Steel Base Pad,TS-842,,42 x 12 x 9,Utility,false,,Bare buck only
dc-unipress-sdh-42-pro-842-utility,Buckeye Dry Cleaning Pads & Covers 2026,/catalogs/dry-cleaning-catalog.pdf,47,Hot heads and silk presses covers and pads,Unipress,SDH-42,Pad/Cover,PRO-842,,42 x 12 x 9,Utility,false,,Tan Pro pad/cover
dc-unipress-sdh-42-hs-842-utility,Buckeye Dry Cleaning Pads & Covers 2026,/catalogs/dry-cleaning-catalog.pdf,47,Hot heads and silk presses covers and pads,Unipress,SDH-42,Aramid Cover,HS-842,,42 x 12 x 9,Utility,false,,Hi-Spun aramid cover
dc-unipress-sdh-42-hb-842-utility,Buckeye Dry Cleaning Pads & Covers 2026,/catalogs/dry-cleaning-catalog.pdf,47,Hot heads and silk presses covers and pads,Unipress,SDH-42,Pad,HB-842,,42 x 12 x 9,Utility,false,,50 oz. Bonn-E-Blue pad
dc-unipress-sdh-42-ts-842-utility,Buckeye Dry Cleaning Pads & Covers 2026,/catalogs/dry-cleaning-catalog.pdf,47,Hot heads and silk presses covers and pads,Unipress,SDH-42,Texsteel Steel Base Pad,TS-842,,42 x 12 x 9,Utility,false,,Bare buck only
dc-unipress-42xh-pro-842-utility,Buckeye Dry Cleaning Pads & Covers 2026,/catalogs/dry-cleaning-catalog.pdf,47,Hot heads and silk presses covers and pads,Unipress,42XH,Pad/Cover,PRO-842,,42 x 12 x 9,Utility,false,,Tan Pro pad/cover
dc-unipress-42xh-hs-842-utility,Buckeye Dry Cleaning Pads & Covers 2026,/catalogs/dry-cleaning-catalog.pdf,47,Hot heads and silk presses covers and pads,Unipress,42XH,Aramid Cover,HS-842,,42 x 12 x 9,Utility,false,,Hi-Spun aramid cover
dc-unipress-42xh-hb-842-utility,Buckeye Dry Cleaning Pads & Covers 2026,/catalogs/dry-cleaning-catalog.pdf,47,Hot heads and silk presses covers and pads,Unipress,42XH,Pad,HB-842,,42 x 12 x 9,Utility,false,,50 oz. Bonn-E-Blue pad
dc-unipress-42xh-ts-842-utility,Buckeye Dry Cleaning Pads & Covers 2026,/catalogs/dry-cleaning-catalog.pdf,47,Hot heads and silk presses covers and pads,Unipress,42XH,Texsteel Steel Base Pad,TS-842,,42 x 12 x 9,Utility,false,,Bare buck only
dc-unipress-42yh-pro-842-utility,Buckeye Dry Cleaning Pads & Covers 2026,/catalogs/dry-cleaning-catalog.pdf,47,Hot heads and silk presses covers and pads,Unipress,42YH,Pad/Cover,PRO-842,,42 x 12 x 9,Utility,false,,Tan Pro pad/cover
dc-unipress-42yh-hs-842-utility,Buckeye Dry Cleaning Pads & Covers 2026,/catalogs/dry-cleaning-catalog.pdf,47,Hot heads and silk presses covers and pads,Unipress,42YH,Aramid Cover,HS-842,,42 x 12 x 9,Utility,false,,Hi-Spun aramid cover
dc-unipress-42yh-hb-842-utility,Buckeye Dry Cleaning Pads & Covers 2026,/catalogs/dry-cleaning-catalog.pdf,47,Hot heads and silk presses covers and pads,Unipress,42YH,Pad,HB-842,,42 x 12 x 9,Utility,false,,50 oz. Bonn-E-Blue pad
dc-unipress-42yh-ts-842-utility,Buckeye Dry Cleaning Pads & Covers 2026,/catalogs/dry-cleaning-catalog.pdf,47,Hot heads and silk presses covers and pads,Unipress,42YH,Texsteel Steel Base Pad,TS-842,,42 x 12 x 9,Utility,false,,Bare buck only
dc-unipress-46hx-pro-850-legger-w-cut-out,Buckeye Dry Cleaning Pads & Covers 2026,/catalogs/dry-cleaning-catalog.pdf,47,Hot heads and silk presses covers and pads,Unipress,46HX,Pad/Cover,PRO-850,,46 x 19 x 8 1/2,Legger w/cut-out,false,,Tan Pro pad/cover
dc-unipress-46hx-hs-850-legger-w-cut-out,Buckeye Dry Cleaning Pads & Covers 2026,/catalogs/dry-cleaning-catalog.pdf,47,Hot heads and silk presses covers and pads,Unipress,46HX,Aramid Cover,HS-850,,46 x 19 x 8 1/2,Legger w/cut-out,false,,Hi-Spun aramid cover
dc-unipress-46hx-hb-850-legger-w-cut-out,Buckeye Dry Cleaning Pads & Covers 2026,/catalogs/dry-cleaning-catalog.pdf,47,Hot heads and silk presses covers and pads,Unipress,46HX,Pad,HB-850,,46 x 19 x 8 1/2,Legger w/cut-out,false,,50 oz. Bonn-E-Blue pad
dc-unipress-46hx-ts-850-legger-w-cut-out,Buckeye Dry Cleaning Pads & Covers 2026,/catalogs/dry-cleaning-catalog.pdf,47,Hot heads and silk presses covers and pads,Unipress,46HX,Texsteel Steel Base Pad,TS-850,,46 x 19 x 8 1/2,Legger w/cut-out,false,,Bare buck only
dc-unipress-45hox-pro-845-utility,Buckeye Dry Cleaning Pads & Covers 2026,/catalogs/dry-cleaning-catalog.pdf,47,Hot heads and silk presses covers and pads,Unipress,45HOX,Pad/Cover,PRO-845,,45 x 12 x 9,Utility,false,,Tan Pro pad/cover
dc-unipress-45hox-hs-845-utility,Buckeye Dry Cleaning Pads & Covers 2026,/catalogs/dry-cleaning-catalog.pdf,47,Hot heads and silk presses covers and pads,Unipress,45HOX,Aramid Cover,HS-845,,45 x 12 x 9,Utility,false,,Hi-Spun aramid cover
dc-unipress-45hox-hb-845-utility,Buckeye Dry Cleaning Pads & Covers 2026,/catalogs/dry-cleaning-catalog.pdf,47,Hot heads and silk presses covers and pads,Unipress,45HOX,Pad,HB-845,,45 x 12 x 9,Utility,false,,50 oz. Bonn-E-Blue pad
dc-unipress-45hox-ts-845-utility,Buckeye Dry Cleaning Pads & Covers 2026,/catalogs/dry-cleaning-catalog.pdf,47,Hot heads and silk presses covers and pads,Unipress,45HOX,Texsteel Steel Base Pad,TS-845,,45 x 12 x 9,Utility,false,,Bare buck only
dc-huebsch-glover-saf-1-974-steam-air-finisher-set,Buckeye Dry Cleaning Pads & Covers 2026,/catalogs/dry-cleaning-catalog.pdf,48,Huebsch (Glover) covers and pads for steam air finishers,Huebsch/Glover,SAF-1,Steam Air Finisher Set,974,,,Steam Air Finisher Set,false,,
dc-huebsch-glover-saf-2-saf-3-973-steam-air-finisher-cover,Buckeye Dry Cleaning Pads & Covers 2026,/catalogs/dry-cleaning-catalog.pdf,48,Huebsch (Glover) covers and pads for steam air finishers,Huebsch/Glover,SAF-2 / SAF-3,Steam Air Finisher Cover,973,,,Steam Air Finisher Cover,false,,
dc-huebsch-glover-saf-2-saf-3-976-vest,Buckeye Dry Cleaning Pads & Covers 2026,/catalogs/dry-cleaning-catalog.pdf,48,Huebsch (Glover) covers and pads for steam air finishers,Huebsch/Glover,SAF-2 / SAF-3,Vest,976,,,Vest,false,,
dc-huebsch-glover-saf-2-saf-3-975-moisture-sleeve,Buckeye Dry Cleaning Pads & Covers 2026,/catalogs/dry-cleaning-catalog.pdf,48,Huebsch (Glover) covers and pads for steam air finishers,Huebsch/Glover,SAF-2 / SAF-3,Moisture Sleeve,975,,,Moisture Sleeve,false,,
dc-huebsch-glover-saf-2-saf-3-916-front-clamp-cover-pad,Buckeye Dry Cleaning Pads & Covers 2026,/catalogs/dry-cleaning-catalog.pdf,48,Huebsch (Glover) covers and pads for steam air finishers,Huebsch/Glover,SAF-2 / SAF-3,Clamp Cover/Pad,916,,4 x 33,Front Clamp Cover/Pad,false,,
dc-huebsch-glover-saf-2-saf-3-924-rear-clamp-cover-pad,Buckeye Dry Cleaning Pads & Covers 2026,/catalogs/dry-cleaning-catalog.pdf,48,Huebsch (Glover) covers and pads for steam air finishers,Huebsch/Glover,SAF-2 / SAF-3,Clamp Cover/Pad,924,,4 x 24,Rear Clamp Cover/Pad,false,,
dc-hwa-sung-hs-2008-2108-cover-and-pad-set-for-pants-topper-large,Buckeye Dry Cleaning Pads & Covers 2026,/catalogs/dry-cleaning-catalog.pdf,48,Hwa Sung covers and pads for pants toppers,Hwa Sung,HS-2008,Cover/Pad,2108,,17 x 17,Cover and Pad Set for Pants Topper - Large,false,,
dc-hwa-sung-hs-2008-2106-cover-and-pad-set-for-pants-topper-small,Buckeye Dry Cleaning Pads & Covers 2026,/catalogs/dry-cleaning-catalog.pdf,48,Hwa Sung covers and pads for pants toppers,Hwa Sung,HS-2008,Cover/Pad,2106,,15 x 17,Cover and Pad Set for Pants Topper - Small,false,,
dc-hwa-sung-hs-2008-pkfm-2109-clamp-cover-pad,Buckeye Dry Cleaning Pads & Covers 2026,/catalogs/dry-cleaning-catalog.pdf,48,Hwa Sung covers and pads for pants toppers,Hwa Sung,HS-2008,Cover/Pad,PKFM-2109,,7 x 14,Clamp Cover/Pad,false,2 required,
dc-kum-sung-ksp-m2a-pro-2180,Buckeye Dry Cleaning Pads & Covers 2026,/catalogs/dry-cleaning-catalog.pdf,48,Kum Sung buck pads and head plates,Kum Sung,KSP-M2A,Pad/Cover,PRO-2180,Tan Pro-Finish 861,23 x 13,Mushroom,true,,Grouped Kum Sung catalog table row.
dc-kum-sung-ksp-m2a-rpro-2180,Buckeye Dry Cleaning Pads & Covers 2026,/catalogs/dry-cleaning-catalog.pdf,48,Kum Sung buck pads and head plates,Kum Sung,KSP-M2A,Pad/Cover,RPRO-2180,Red Pro-Finish 861,23 x 13,Mushroom,true,,Grouped Kum Sung catalog table row.
dc-kum-sung-ksp-m2a-mfhp-2174,Buckeye Dry Cleaning Pads & Covers 2026,/catalogs/dry-cleaning-catalog.pdf,48,Kum Sung buck pads and head plates,Kum Sung,KSP-M2A,Head Plate,MFHP-2174,White Master Finish,23 x 13,Mushroom,true,,Grouped Kum Sung catalog table row.
dc-kum-sung-ksp-m2a-bmfhp-2174,Buckeye Dry Cleaning Pads & Covers 2026,/catalogs/dry-cleaning-catalog.pdf,48,Kum Sung buck pads and head plates,Kum Sung,KSP-M2A,Head Plate,BMFHP-2174,Black Master Finish,23 x 13,Mushroom,true,,Grouped Kum Sung catalog table row.
dc-kum-sung-ksp-m2a-tgp-2174,Buckeye Dry Cleaning Pads & Covers 2026,/catalogs/dry-cleaning-catalog.pdf,48,Kum Sung buck pads and head plates,Kum Sung,KSP-M2A,Teflon Grid Plate,TGP-2174,Teflon Grid Plate,23 x 13,Mushroom,true,,Grouped Kum Sung catalog table row.
dc-koneig-482-2443-set-db-2446-cover-front-and-rear,Buckeye Dry Cleaning Pads & Covers 2026,/catalogs/dry-cleaning-catalog.pdf,48,Koneig shirt tensioner,Koneig,482,Cover Set,2443 / SET DB-2446,,,Cover Front and Rear,false,Set of 2,
dc-itsumi-t0322a-2682-cover-and-pad-set-for-pants-topper,Buckeye Dry Cleaning Pads & Covers 2026,/catalogs/dry-cleaning-catalog.pdf,48,Itsumi covers and pads for pant toppers,Itsumi,T0322A,Cover/Pad Set,2682,,,Cover and Pad Set for Pants Topper,false,,
dc-iowa-techniques-cindy-lou-sleeve-master-see-page-dc-10-covers-and-pads-for-sleeve-master,Buckeye Dry Cleaning Pads & Covers 2026,/catalogs/dry-cleaning-catalog.pdf,48,Iowa Techniques/Cindy Lou sleeve master,Iowa Techniques/Cindy Lou,Sleeve Master,Reference,SEE PAGE DC 10,,,Covers and pads for sleeve master,false,,
dc-miraclean-s-tp-1409-cover-and-pad-set-for-pants-topper,Buckeye Dry Cleaning Pads & Covers 2026,/catalogs/dry-cleaning-catalog.pdf,49,Miraclean covers and pads for steam air finishers and pants toppers,Miraclean,S/TP,Cover/Pad Set,1409,,,Cover and Pad Set for Pants Topper,false,,
dc-miraclean-s-vc-1282-steam-air-finisher-cover,Buckeye Dry Cleaning Pads & Covers 2026,/catalogs/dry-cleaning-catalog.pdf,49,Miraclean covers and pads for steam air finishers and pants toppers,Miraclean,S/VC,Steam Air Finisher Cover,1282,,,Steam Air Finisher Cover,false,,
dc-miraclean-s-vc-1205-front-clamp-cover-pad,Buckeye Dry Cleaning Pads & Covers 2026,/catalogs/dry-cleaning-catalog.pdf,49,Miraclean covers and pads for steam air finishers and pants toppers,Miraclean,S/VC,Clamp Cover/Pad,1205,,4 x 39,Front Clamp Cover/Pad,false,,
dc-miraclean-mcl-pro-1275,Buckeye Dry Cleaning Pads & Covers 2026,/catalogs/dry-cleaning-catalog.pdf,49,Miraclean buck pads and head plates,Miraclean,MCL,Pad/Cover,PRO-1275,Tan Pro-Finish 861,47 x 18 x 13,Legger w/cut-out,true,,Grouped Miraclean catalog table row.
dc-miraclean-mcl-rpro-1275,Buckeye Dry Cleaning Pads & Covers 2026,/catalogs/dry-cleaning-catalog.pdf,49,Miraclean buck pads and head plates,Miraclean,MCL,Pad/Cover,RPRO-1275,Red Pro-Finish 861,47 x 18 x 13,Legger w/cut-out,true,,Grouped Miraclean catalog table row.
dc-miraclean-mcl-mfhp-156,Buckeye Dry Cleaning Pads & Covers 2026,/catalogs/dry-cleaning-catalog.pdf,49,Miraclean buck pads and head plates,Miraclean,MCL,Head Plate,MFHP-156,White Master Finish,47 x 18 x 13,Legger w/cut-out,true,,Grouped Miraclean catalog table row.
dc-miraclean-mcl-bmfhp-156,Buckeye Dry Cleaning Pads & Covers 2026,/catalogs/dry-cleaning-catalog.pdf,49,Miraclean buck pads and head plates,Miraclean,MCL,Head Plate,BMFHP-156,Black Master Finish,47 x 18 x 13,Legger w/cut-out,true,,Grouped Miraclean catalog table row.
dc-miraclean-mcl-tgp-156,Buckeye Dry Cleaning Pads & Covers 2026,/catalogs/dry-cleaning-catalog.pdf,49,Miraclean buck pads and head plates,Miraclean,MCL,Teflon Grid Plate,TGP-156,Teflon Grid Plate,47 x 18 x 13,Legger w/cut-out,true,,Grouped Miraclean catalog table row.
dc-miraclean-mclsc-pro-1275,Buckeye Dry Cleaning Pads & Covers 2026,/catalogs/dry-cleaning-catalog.pdf,49,Miraclean buck pads and head plates,Miraclean,MCLSC,Pad/Cover,PRO-1275,Tan Pro-Finish 861,47 x 18 x 13,Legger w/cut-out,true,,Grouped Miraclean catalog table row.
dc-miraclean-mclsc-rpro-1275,Buckeye Dry Cleaning Pads & Covers 2026,/catalogs/dry-cleaning-catalog.pdf,49,Miraclean buck pads and head plates,Miraclean,MCLSC,Pad/Cover,RPRO-1275,Red Pro-Finish 861,47 x 18 x 13,Legger w/cut-out,true,,Grouped Miraclean catalog table row.
dc-miraclean-mclsc-mfhp-156,Buckeye Dry Cleaning Pads & Covers 2026,/catalogs/dry-cleaning-catalog.pdf,49,Miraclean buck pads and head plates,Miraclean,MCLSC,Head Plate,MFHP-156,White Master Finish,47 x 18 x 13,Legger w/cut-out,true,,Grouped Miraclean catalog table row.
dc-miraclean-mclsc-bmfhp-156,Buckeye Dry Cleaning Pads & Covers 2026,/catalogs/dry-cleaning-catalog.pdf,49,Miraclean buck pads and head plates,Miraclean,MCLSC,Head Plate,BMFHP-156,Black Master Finish,47 x 18 x 13,Legger w/cut-out,true,,Grouped Miraclean catalog table row.
dc-miraclean-mclsc-tgp-156,Buckeye Dry Cleaning Pads & Covers 2026,/catalogs/dry-cleaning-catalog.pdf,49,Miraclean buck pads and head plates,Miraclean,MCLSC,Teflon Grid Plate,TGP-156,Teflon Grid Plate,47 x 18 x 13,Legger w/cut-out,true,,Grouped Miraclean catalog table row.
dc-miraclean-s-ep1-pro-1275,Buckeye Dry Cleaning Pads & Covers 2026,/catalogs/dry-cleaning-catalog.pdf,49,Miraclean buck pads and head plates,Miraclean,S/EP1,Pad/Cover,PRO-1275,Tan Pro-Finish 861,47 x 18 x 13,Legger w/cut-out,true,,Grouped Miraclean catalog table row.
dc-miraclean-s-ep1-rpro-1275,Buckeye Dry Cleaning Pads & Covers 2026,/catalogs/dry-cleaning-catalog.pdf,49,Miraclean buck pads and head plates,Miraclean,S/EP1,Pad/Cover,RPRO-1275,Red Pro-Finish 861,47 x 18 x 13,Legger w/cut-out,true,,Grouped Miraclean catalog table row.
dc-miraclean-s-ep1-mfhp-156,Buckeye Dry Cleaning Pads & Covers 2026,/catalogs/dry-cleaning-catalog.pdf,49,Miraclean buck pads and head plates,Miraclean,S/EP1,Head Plate,MFHP-156,White Master Finish,47 x 18 x 13,Legger w/cut-out,true,,Grouped Miraclean catalog table row.
dc-miraclean-s-ep1-bmfhp-156,Buckeye Dry Cleaning Pads & Covers 2026,/catalogs/dry-cleaning-catalog.pdf,49,Miraclean buck pads and head plates,Miraclean,S/EP1,Head Plate,BMFHP-156,Black Master Finish,47 x 18 x 13,Legger w/cut-out,true,,Grouped Miraclean catalog table row.
dc-miraclean-s-ep1-tgp-156,Buckeye Dry Cleaning Pads & Covers 2026,/catalogs/dry-cleaning-catalog.pdf,49,Miraclean buck pads and head plates,Miraclean,S/EP1,Teflon Grid Plate,TGP-156,Teflon Grid Plate,47 x 18 x 13,Legger w/cut-out,true,,Grouped Miraclean catalog table row.
dc-miraclean-mclu-pro-1416,Buckeye Dry Cleaning Pads & Covers 2026,/catalogs/dry-cleaning-catalog.pdf,49,Miraclean buck pads and head plates,Miraclean,MCLU,Pad/Cover,PRO-1416,Tan Pro-Finish 861,47 x 18 x 9,Utility/Legger w/cut-out/round end,true,,Grouped Miraclean catalog table row.
dc-miraclean-mclu-rpro-1416,Buckeye Dry Cleaning Pads & Covers 2026,/catalogs/dry-cleaning-catalog.pdf,49,Miraclean buck pads and head plates,Miraclean,MCLU,Pad/Cover,RPRO-1416,Red Pro-Finish 861,47 x 18 x 9,Utility/Legger w/cut-out/round end,true,,Grouped Miraclean catalog table row.
dc-miraclean-mclu-mfhp-159,Buckeye Dry Cleaning Pads & Covers 2026,/catalogs/dry-cleaning-catalog.pdf,49,Miraclean buck pads and head plates,Miraclean,MCLU,Head Plate,MFHP-159,White Master Finish,47 x 18 x 9,Utility/Legger w/cut-out/round end,true,,Grouped Miraclean catalog table row.
dc-miraclean-mclu-bmfhp-159,Buckeye Dry Cleaning Pads & Covers 2026,/catalogs/dry-cleaning-catalog.pdf,49,Miraclean buck pads and head plates,Miraclean,MCLU,Head Plate,BMFHP-159,Black Master Finish,47 x 18 x 9,Utility/Legger w/cut-out/round end,true,,Grouped Miraclean catalog table row.
dc-miraclean-mclu-tgp-159,Buckeye Dry Cleaning Pads & Covers 2026,/catalogs/dry-cleaning-catalog.pdf,49,Miraclean buck pads and head plates,Miraclean,MCLU,Teflon Grid Plate,TGP-159,Teflon Grid Plate,47 x 18 x 9,Utility/Legger w/cut-out/round end,true,,Grouped Miraclean catalog table row.
dc-miraclean-s-ep5-pro-1416,Buckeye Dry Cleaning Pads & Covers 2026,/catalogs/dry-cleaning-catalog.pdf,49,Miraclean buck pads and head plates,Miraclean,S/EP5,Pad/Cover,PRO-1416,Tan Pro-Finish 861,47 x 18 x 9,Utility/Legger w/cut-out/round end,true,,Grouped Miraclean catalog table row.
dc-miraclean-s-ep5-rpro-1416,Buckeye Dry Cleaning Pads & Covers 2026,/catalogs/dry-cleaning-catalog.pdf,49,Miraclean buck pads and head plates,Miraclean,S/EP5,Pad/Cover,RPRO-1416,Red Pro-Finish 861,47 x 18 x 9,Utility/Legger w/cut-out/round end,true,,Grouped Miraclean catalog table row.
dc-miraclean-s-ep5-mfhp-159,Buckeye Dry Cleaning Pads & Covers 2026,/catalogs/dry-cleaning-catalog.pdf,49,Miraclean buck pads and head plates,Miraclean,S/EP5,Head Plate,MFHP-159,White Master Finish,47 x 18 x 9,Utility/Legger w/cut-out/round end,true,,Grouped Miraclean catalog table row.
dc-miraclean-s-ep5-bmfhp-159,Buckeye Dry Cleaning Pads & Covers 2026,/catalogs/dry-cleaning-catalog.pdf,49,Miraclean buck pads and head plates,Miraclean,S/EP5,Head Plate,BMFHP-159,Black Master Finish,47 x 18 x 9,Utility/Legger w/cut-out/round end,true,,Grouped Miraclean catalog table row.
dc-miraclean-s-ep5-tgp-159,Buckeye Dry Cleaning Pads & Covers 2026,/catalogs/dry-cleaning-catalog.pdf,49,Miraclean buck pads and head plates,Miraclean,S/EP5,Teflon Grid Plate,TGP-159,Teflon Grid Plate,47 x 18 x 9,Utility/Legger w/cut-out/round end,true,,Grouped Miraclean catalog table row.
dc-miraclean-mcu-pro-1258,Buckeye Dry Cleaning Pads & Covers 2026,/catalogs/dry-cleaning-catalog.pdf,49,Miraclean buck pads and head plates,Miraclean,MCU,Pad/Cover,PRO-1258,Tan Pro-Finish 861,47 x 14 x 9,Utility,true,,Grouped Miraclean catalog table row.
dc-miraclean-mcu-rpro-1258,Buckeye Dry Cleaning Pads & Covers 2026,/catalogs/dry-cleaning-catalog.pdf,49,Miraclean buck pads and head plates,Miraclean,MCU,Pad/Cover,RPRO-1258,Red Pro-Finish 861,47 x 14 x 9,Utility,true,,Grouped Miraclean catalog table row.
dc-miraclean-mcu-mfhp-150,Buckeye Dry Cleaning Pads & Covers 2026,/catalogs/dry-cleaning-catalog.pdf,49,Miraclean buck pads and head plates,Miraclean,MCU,Head Plate,MFHP-150,White Master Finish,47 x 14 x 9,Utility,true,,Grouped Miraclean catalog table row.
dc-miraclean-mcu-bmfhp-150,Buckeye Dry Cleaning Pads & Covers 2026,/catalogs/dry-cleaning-catalog.pdf,49,Miraclean buck pads and head plates,Miraclean,MCU,Head Plate,BMFHP-150,Black Master Finish,47 x 14 x 9,Utility,true,,Grouped Miraclean catalog table row.
dc-miraclean-mcu-tgp-150,Buckeye Dry Cleaning Pads & Covers 2026,/catalogs/dry-cleaning-catalog.pdf,49,Miraclean buck pads and head plates,Miraclean,MCU,Teflon Grid Plate,TGP-150,Teflon Grid Plate,47 x 14 x 9,Utility,true,,Grouped Miraclean catalog table row.
dc-miraclean-mcu-o-pro-1258,Buckeye Dry Cleaning Pads & Covers 2026,/catalogs/dry-cleaning-catalog.pdf,49,Miraclean buck pads and head plates,Miraclean,MCU-O,Pad/Cover,PRO-1258,Tan Pro-Finish 861,47 x 14 x 9,Utility,true,,Grouped Miraclean catalog table row.
dc-miraclean-mcu-o-rpro-1258,Buckeye Dry Cleaning Pads & Covers 2026,/catalogs/dry-cleaning-catalog.pdf,49,Miraclean buck pads and head plates,Miraclean,MCU-O,Pad/Cover,RPRO-1258,Red Pro-Finish 861,47 x 14 x 9,Utility,true,,Grouped Miraclean catalog table row.
dc-miraclean-mcu-o-mfhp-150,Buckeye Dry Cleaning Pads & Covers 2026,/catalogs/dry-cleaning-catalog.pdf,49,Miraclean buck pads and head plates,Miraclean,MCU-O,Head Plate,MFHP-150,White Master Finish,47 x 14 x 9,Utility,true,,Grouped Miraclean catalog table row.
dc-miraclean-mcu-o-bmfhp-150,Buckeye Dry Cleaning Pads & Covers 2026,/catalogs/dry-cleaning-catalog.pdf,49,Miraclean buck pads and head plates,Miraclean,MCU-O,Head Plate,BMFHP-150,Black Master Finish,47 x 14 x 9,Utility,true,,Grouped Miraclean catalog table row.
dc-miraclean-mcu-o-tgp-150,Buckeye Dry Cleaning Pads & Covers 2026,/catalogs/dry-cleaning-catalog.pdf,49,Miraclean buck pads and head plates,Miraclean,MCU-O,Teflon Grid Plate,TGP-150,Teflon Grid Plate,47 x 14 x 9,Utility,true,,Grouped Miraclean catalog table row.
dc-miraclean-mcusc-pro-1258,Buckeye Dry Cleaning Pads & Covers 2026,/catalogs/dry-cleaning-catalog.pdf,49,Miraclean buck pads and head plates,Miraclean,MCUSC,Pad/Cover,PRO-1258,Tan Pro-Finish 861,47 x 14 x 9,Utility,true,,Grouped Miraclean catalog table row.
dc-miraclean-mcusc-rpro-1258,Buckeye Dry Cleaning Pads & Covers 2026,/catalogs/dry-cleaning-catalog.pdf,49,Miraclean buck pads and head plates,Miraclean,MCUSC,Pad/Cover,RPRO-1258,Red Pro-Finish 861,47 x 14 x 9,Utility,true,,Grouped Miraclean catalog table row.
dc-miraclean-mcusc-mfhp-150,Buckeye Dry Cleaning Pads & Covers 2026,/catalogs/dry-cleaning-catalog.pdf,49,Miraclean buck pads and head plates,Miraclean,MCUSC,Head Plate,MFHP-150,White Master Finish,47 x 14 x 9,Utility,true,,Grouped Miraclean catalog table row.
dc-miraclean-mcusc-bmfhp-150,Buckeye Dry Cleaning Pads & Covers 2026,/catalogs/dry-cleaning-catalog.pdf,49,Miraclean buck pads and head plates,Miraclean,MCUSC,Head Plate,BMFHP-150,Black Master Finish,47 x 14 x 9,Utility,true,,Grouped Miraclean catalog table row.
dc-miraclean-mcusc-tgp-150,Buckeye Dry Cleaning Pads & Covers 2026,/catalogs/dry-cleaning-catalog.pdf,49,Miraclean buck pads and head plates,Miraclean,MCUSC,Teflon Grid Plate,TGP-150,Teflon Grid Plate,47 x 14 x 9,Utility,true,,Grouped Miraclean catalog table row.
dc-miraclean-s-ep4-pro-1258,Buckeye Dry Cleaning Pads & Covers 2026,/catalogs/dry-cleaning-catalog.pdf,49,Miraclean buck pads and head plates,Miraclean,S/EP4,Pad/Cover,PRO-1258,Tan Pro-Finish 861,47 x 14 x 9,Utility,true,,Grouped Miraclean catalog table row.
dc-miraclean-s-ep4-rpro-1258,Buckeye Dry Cleaning Pads & Covers 2026,/catalogs/dry-cleaning-catalog.pdf,49,Miraclean buck pads and head plates,Miraclean,S/EP4,Pad/Cover,RPRO-1258,Red Pro-Finish 861,47 x 14 x 9,Utility,true,,Grouped Miraclean catalog table row.
dc-miraclean-s-ep4-mfhp-150,Buckeye Dry Cleaning Pads & Covers 2026,/catalogs/dry-cleaning-catalog.pdf,49,Miraclean buck pads and head plates,Miraclean,S/EP4,Head Plate,MFHP-150,White Master Finish,47 x 14 x 9,Utility,true,,Grouped Miraclean catalog table row.
dc-miraclean-s-ep4-bmfhp-150,Buckeye Dry Cleaning Pads & Covers 2026,/catalogs/dry-cleaning-catalog.pdf,49,Miraclean buck pads and head plates,Miraclean,S/EP4,Head Plate,BMFHP-150,Black Master Finish,47 x 14 x 9,Utility,true,,Grouped Miraclean catalog table row.
dc-miraclean-s-ep4-tgp-150,Buckeye Dry Cleaning Pads & Covers 2026,/catalogs/dry-cleaning-catalog.pdf,49,Miraclean buck pads and head plates,Miraclean,S/EP4,Teflon Grid Plate,TGP-150,Teflon Grid Plate,47 x 14 x 9,Utility,true,,Grouped Miraclean catalog table row.
dc-mccallister-dc-2010-pant-topper-cover-and-pad-set,Buckeye Dry Cleaning Pads & Covers 2026,/catalogs/dry-cleaning-catalog.pdf,49,McCallister covers and pads for pants toppers,McCallister,DC,Cover/Pad Set,2010,,,Pant Topper Cover and Pad Set,false,,
dc-mccallister-mrs-108-a-pro-885,Buckeye Dry Cleaning Pads & Covers 2026,/catalogs/dry-cleaning-catalog.pdf,49,McCallister buck pads and head plates,McCallister,MRS-108-A,Pad/Cover,PRO-885,Tan Pro-Finish 861,45 x 18 x 9,Legger w/cut-out,true,,Grouped McCallister catalog table row.
dc-mccallister-mrs-108-a-rpro-885,Buckeye Dry Cleaning Pads & Covers 2026,/catalogs/dry-cleaning-catalog.pdf,49,McCallister buck pads and head plates,McCallister,MRS-108-A,Pad/Cover,RPRO-885,Red Pro-Finish 861,45 x 18 x 9,Legger w/cut-out,true,,Grouped McCallister catalog table row.
dc-mccallister-mrs-108-a-mfhp-246,Buckeye Dry Cleaning Pads & Covers 2026,/catalogs/dry-cleaning-catalog.pdf,49,McCallister buck pads and head plates,McCallister,MRS-108-A,Head Plate,MFHP-246,White Master Finish,45 x 18 x 9,Legger w/cut-out,true,,Grouped McCallister catalog table row.
dc-mccallister-mrs-108-a-bmfhp-246,Buckeye Dry Cleaning Pads & Covers 2026,/catalogs/dry-cleaning-catalog.pdf,49,McCallister buck pads and head plates,McCallister,MRS-108-A,Head Plate,BMFHP-246,Black Master Finish,45 x 18 x 9,Legger w/cut-out,true,,Grouped McCallister catalog table row.
dc-mccallister-mrs-108-a-tgp-246,Buckeye Dry Cleaning Pads & Covers 2026,/catalogs/dry-cleaning-catalog.pdf,49,McCallister buck pads and head plates,McCallister,MRS-108-A,Teflon Grid Plate,TGP-246,Teflon Grid Plate,45 x 18 x 9,Legger w/cut-out,true,,Grouped McCallister catalog table row.
dc-mccallister-mrs-111-a-pro-820,Buckeye Dry Cleaning Pads & Covers 2026,/catalogs/dry-cleaning-catalog.pdf,49,McCallister buck pads and head plates,McCallister,MRS-111-A,Pad/Cover,PRO-820,Tan Pro-Finish 861,21 x 10 x 8,Topper,true,,Grouped McCallister catalog table row.
dc-mccallister-mrs-111-a-rpro-820,Buckeye Dry Cleaning Pads & Covers 2026,/catalogs/dry-cleaning-catalog.pdf,49,McCallister buck pads and head plates,McCallister,MRS-111-A,Pad/Cover,RPRO-820,Red Pro-Finish 861,21 x 10 x 8,Topper,true,,Grouped McCallister catalog table row.
dc-mccallister-mrs-111-a-mfhp-6,Buckeye Dry Cleaning Pads & Covers 2026,/catalogs/dry-cleaning-catalog.pdf,49,McCallister buck pads and head plates,McCallister,MRS-111-A,Head Plate,MFHP-6,White Master Finish,21 x 10 x 8,Topper,true,,Grouped McCallister catalog table row.
dc-mccallister-mrs-111-a-bmfhp-6,Buckeye Dry Cleaning Pads & Covers 2026,/catalogs/dry-cleaning-catalog.pdf,49,McCallister buck pads and head plates,McCallister,MRS-111-A,Head Plate,BMFHP-6,Black Master Finish,21 x 10 x 8,Topper,true,,Grouped McCallister catalog table row.
dc-mccallister-mrs-111-a-tgp-6,Buckeye Dry Cleaning Pads & Covers 2026,/catalogs/dry-cleaning-catalog.pdf,49,McCallister buck pads and head plates,McCallister,MRS-111-A,Teflon Grid Plate,TGP-6,Teflon Grid Plate,21 x 10 x 8,Topper,true,,Grouped McCallister catalog table row.
dc-mccallister-mrs-042-pro-842,Buckeye Dry Cleaning Pads & Covers 2026,/catalogs/dry-cleaning-catalog.pdf,49,McCallister buck pads and head plates,McCallister,MRS-042,Pad/Cover,PRO-842,Tan Pro-Finish 861,42 x 12 x 9,Utility,true,,Grouped McCallister catalog table row.
dc-mccallister-mrs-042-rpro-842,Buckeye Dry Cleaning Pads & Covers 2026,/catalogs/dry-cleaning-catalog.pdf,49,McCallister buck pads and head plates,McCallister,MRS-042,Pad/Cover,RPRO-842,Red Pro-Finish 861,42 x 12 x 9,Utility,true,,Grouped McCallister catalog table row.
dc-mccallister-mrs-042-mfhp-20,Buckeye Dry Cleaning Pads & Covers 2026,/catalogs/dry-cleaning-catalog.pdf,49,McCallister buck pads and head plates,McCallister,MRS-042,Head Plate,MFHP-20,White Master Finish,42 x 12 x 9,Utility,true,,Grouped McCallister catalog table row.
dc-mccallister-mrs-042-bmfhp-20,Buckeye Dry Cleaning Pads & Covers 2026,/catalogs/dry-cleaning-catalog.pdf,49,McCallister buck pads and head plates,McCallister,MRS-042,Head Plate,BMFHP-20,Black Master Finish,42 x 12 x 9,Utility,true,,Grouped McCallister catalog table row.
dc-mccallister-mrs-042-tgp-20,Buckeye Dry Cleaning Pads & Covers 2026,/catalogs/dry-cleaning-catalog.pdf,49,McCallister buck pads and head plates,McCallister,MRS-042,Teflon Grid Plate,TGP-20,Teflon Grid Plate,42 x 12 x 9,Utility,true,,Grouped McCallister catalog table row.
dc-mccallister-mrs-142-a-pro-842,Buckeye Dry Cleaning Pads & Covers 2026,/catalogs/dry-cleaning-catalog.pdf,49,McCallister buck pads and head plates,McCallister,MRS-142-A,Pad/Cover,PRO-842,Tan Pro-Finish 861,42 x 12 x 9,Utility,true,,Grouped McCallister catalog table row.
dc-mccallister-mrs-142-a-rpro-842,Buckeye Dry Cleaning Pads & Covers 2026,/catalogs/dry-cleaning-catalog.pdf,49,McCallister buck pads and head plates,McCallister,MRS-142-A,Pad/Cover,RPRO-842,Red Pro-Finish 861,42 x 12 x 9,Utility,true,,Grouped McCallister catalog table row.
dc-mccallister-mrs-142-a-mfhp-20,Buckeye Dry Cleaning Pads & Covers 2026,/catalogs/dry-cleaning-catalog.pdf,49,McCallister buck pads and head plates,McCallister,MRS-142-A,Head Plate,MFHP-20,White Master Finish,42 x 12 x 9,Utility,true,,Grouped McCallister catalog table row.
dc-mccallister-mrs-142-a-bmfhp-20,Buckeye Dry Cleaning Pads & Covers 2026,/catalogs/dry-cleaning-catalog.pdf,49,McCallister buck pads and head plates,McCallister,MRS-142-A,Head Plate,BMFHP-20,Black Master Finish,42 x 12 x 9,Utility,true,,Grouped McCallister catalog table row.
dc-mccallister-mrs-142-a-tgp-20,Buckeye Dry Cleaning Pads & Covers 2026,/catalogs/dry-cleaning-catalog.pdf,49,McCallister buck pads and head plates,McCallister,MRS-142-A,Teflon Grid Plate,TGP-20,Teflon Grid Plate,42 x 12 x 9,Utility,true,,Grouped McCallister catalog table row.
dc-ajax-so-42-hs-651-offset-press,Buckeye Dry Cleaning Pads & Covers 2026,/catalogs/dry-cleaning-catalog.pdf,50,Offset Presses covers and pads,Ajax,SO 42,Aramid Cover,HS-651,,41 1/2 x 12 x 7,Offset press,false,,Hi-Spun aramid cover
dc-ajax-so-42-hb-651-offset-press,Buckeye Dry Cleaning Pads & Covers 2026,/catalogs/dry-cleaning-catalog.pdf,50,Offset Presses covers and pads,Ajax,SO 42,Pad,HB-651,,41 1/2 x 12 x 7,Offset press,false,,50 oz. Bonn-E-Blue pad
dc-cissell-lopz-pro-841-offset-press,Buckeye Dry Cleaning Pads & Covers 2026,/catalogs/dry-cleaning-catalog.pdf,50,Offset Presses covers and pads,Cissell,LOPZ,Pad/Cover,PRO-841,,41 x 12 x 9,Offset press,false,,Tan Pro pad/cover
dc-cissell-lopz-hs-841-offset-press,Buckeye Dry Cleaning Pads & Covers 2026,/catalogs/dry-cleaning-catalog.pdf,50,Offset Presses covers and pads,Cissell,LOPZ,Aramid Cover,HS-841,,41 x 12 x 9,Offset press,false,,Hi-Spun aramid cover
dc-cissell-lopz-hb-841-offset-press,Buckeye Dry Cleaning Pads & Covers 2026,/catalogs/dry-cleaning-catalog.pdf,50,Offset Presses covers and pads,Cissell,LOPZ,Pad,HB-841,,41 x 12 x 9,Offset press,false,,50 oz. Bonn-E-Blue pad
dc-cissell-opb-pro-841-offset-press,Buckeye Dry Cleaning Pads & Covers 2026,/catalogs/dry-cleaning-catalog.pdf,50,Offset Presses covers and pads,Cissell,OPB,Pad/Cover,PRO-841,,41 x 12 x 9,Offset press,false,,Tan Pro pad/cover
dc-cissell-opb-hs-841-offset-press,Buckeye Dry Cleaning Pads & Covers 2026,/catalogs/dry-cleaning-catalog.pdf,50,Offset Presses covers and pads,Cissell,OPB,Aramid Cover,HS-841,,41 x 12 x 9,Offset press,false,,Hi-Spun aramid cover
dc-cissell-opb-hb-841-offset-press,Buckeye Dry Cleaning Pads & Covers 2026,/catalogs/dry-cleaning-catalog.pdf,50,Offset Presses covers and pads,Cissell,OPB,Pad,HB-841,,41 x 12 x 9,Offset press,false,,50 oz. Bonn-E-Blue pad
dc-cissell-opc-pro-841-offset-press,Buckeye Dry Cleaning Pads & Covers 2026,/catalogs/dry-cleaning-catalog.pdf,50,Offset Presses covers and pads,Cissell,OPC,Pad/Cover,PRO-841,,41 x 12 x 9,Offset press,false,,Tan Pro pad/cover
dc-cissell-opc-hs-841-offset-press,Buckeye Dry Cleaning Pads & Covers 2026,/catalogs/dry-cleaning-catalog.pdf,50,Offset Presses covers and pads,Cissell,OPC,Aramid Cover,HS-841,,41 x 12 x 9,Offset press,false,,Hi-Spun aramid cover
dc-cissell-opc-hb-841-offset-press,Buckeye Dry Cleaning Pads & Covers 2026,/catalogs/dry-cleaning-catalog.pdf,50,Offset Presses covers and pads,Cissell,OPC,Pad,HB-841,,41 x 12 x 9,Offset press,false,,50 oz. Bonn-E-Blue pad
dc-cissell-opl-pro-841-offset-press,Buckeye Dry Cleaning Pads & Covers 2026,/catalogs/dry-cleaning-catalog.pdf,50,Offset Presses covers and pads,Cissell,OPL,Pad/Cover,PRO-841,,41 x 12 x 9,Offset press,false,,Tan Pro pad/cover
dc-cissell-opl-hs-841-offset-press,Buckeye Dry Cleaning Pads & Covers 2026,/catalogs/dry-cleaning-catalog.pdf,50,Offset Presses covers and pads,Cissell,OPL,Aramid Cover,HS-841,,41 x 12 x 9,Offset press,false,,Hi-Spun aramid cover
dc-cissell-opl-hb-841-offset-press,Buckeye Dry Cleaning Pads & Covers 2026,/catalogs/dry-cleaning-catalog.pdf,50,Offset Presses covers and pads,Cissell,OPL,Pad,HB-841,,41 x 12 x 9,Offset press,false,,50 oz. Bonn-E-Blue pad
dc-excelsior-300-pro-841-offset-press,Buckeye Dry Cleaning Pads & Covers 2026,/catalogs/dry-cleaning-catalog.pdf,50,Offset Presses covers and pads,Excelsior,300,Pad/Cover,PRO-841,,42 x 12 x 8,Offset press,false,,Tan Pro pad/cover
dc-excelsior-300-hs-841-offset-press,Buckeye Dry Cleaning Pads & Covers 2026,/catalogs/dry-cleaning-catalog.pdf,50,Offset Presses covers and pads,Excelsior,300,Aramid Cover,HS-841,,42 x 12 x 8,Offset press,false,,Hi-Spun aramid cover
dc-excelsior-300-hb-841-offset-press,Buckeye Dry Cleaning Pads & Covers 2026,/catalogs/dry-cleaning-catalog.pdf,50,Offset Presses covers and pads,Excelsior,300,Pad,HB-841,,42 x 12 x 8,Offset press,false,,50 oz. Bonn-E-Blue pad
dc-forenta-42-cos-cou-pro-832-offset-press,Buckeye Dry Cleaning Pads & Covers 2026,/catalogs/dry-cleaning-catalog.pdf,50,Offset Presses covers and pads,Forenta,42-COS/COU,Pad/Cover,PRO-832,,40 x 13 x 9,Offset press,false,,Tan Pro pad/cover
dc-forenta-42-cos-cou-hs-832-offset-press,Buckeye Dry Cleaning Pads & Covers 2026,/catalogs/dry-cleaning-catalog.pdf,50,Offset Presses covers and pads,Forenta,42-COS/COU,Aramid Cover,HS-832,,40 x 13 x 9,Offset press,false,,Hi-Spun aramid cover
dc-forenta-42-cos-cou-hb-832-offset-press,Buckeye Dry Cleaning Pads & Covers 2026,/catalogs/dry-cleaning-catalog.pdf,50,Offset Presses covers and pads,Forenta,42-COS/COU,Pad,HB-832,,40 x 13 x 9,Offset press,false,,50 oz. Bonn-E-Blue pad
dc-glover-vf-hs-1308-offset-press,Buckeye Dry Cleaning Pads & Covers 2026,/catalogs/dry-cleaning-catalog.pdf,50,Offset Presses covers and pads,Glover,VF,Aramid Cover,HS-1308,,42 x 14 x 7,Offset press,false,,Hi-Spun aramid cover
dc-glover-vf-hb-1308-offset-press,Buckeye Dry Cleaning Pads & Covers 2026,/catalogs/dry-cleaning-catalog.pdf,50,Offset Presses covers and pads,Glover,VF,Pad,HB-1308,,42 x 14 x 7,Offset press,false,,50 oz. Bonn-E-Blue pad
dc-hoffman-svco-25-pro-841-offset-press,Buckeye Dry Cleaning Pads & Covers 2026,/catalogs/dry-cleaning-catalog.pdf,50,Offset Presses covers and pads,Hoffman,SVCO 25,Pad/Cover,PRO-841,,42 x 12 x 9,Offset press,false,,Tan Pro pad/cover
dc-hoffman-svco-25-hs-841-offset-press,Buckeye Dry Cleaning Pads & Covers 2026,/catalogs/dry-cleaning-catalog.pdf,50,Offset Presses covers and pads,Hoffman,SVCO 25,Aramid Cover,HS-841,,42 x 12 x 9,Offset press,false,,Hi-Spun aramid cover
dc-hoffman-svco-25-hb-841-offset-press,Buckeye Dry Cleaning Pads & Covers 2026,/catalogs/dry-cleaning-catalog.pdf,50,Offset Presses covers and pads,Hoffman,SVCO 25,Pad,HB-841,,42 x 12 x 9,Offset press,false,,50 oz. Bonn-E-Blue pad
dc-unipress-doc-47-pro-884-offset-press,Buckeye Dry Cleaning Pads & Covers 2026,/catalogs/dry-cleaning-catalog.pdf,50,Offset Presses covers and pads,Unipress,DOC-47,Pad/Cover,PRO-884,,47 x 16 x 9,Offset press,false,,Tan Pro pad/cover
dc-unipress-doc-47-hs-884-offset-press,Buckeye Dry Cleaning Pads & Covers 2026,/catalogs/dry-cleaning-catalog.pdf,50,Offset Presses covers and pads,Unipress,DOC-47,Aramid Cover,HS-884,,47 x 16 x 9,Offset press,false,,Hi-Spun aramid cover
dc-unipress-doc-47-hb-884-offset-press,Buckeye Dry Cleaning Pads & Covers 2026,/catalogs/dry-cleaning-catalog.pdf,50,Offset Presses covers and pads,Unipress,DOC-47,Pad,HB-884,,47 x 16 x 9,Offset press,false,,50 oz. Bonn-E-Blue pad
dc-pantex-15-do-pro-815,Buckeye Dry Cleaning Pads & Covers 2026,/catalogs/dry-cleaning-catalog.pdf,51,Pantex buck pads and head plates,Pantex,15-DO,Pad/Cover,PRO-815,Tan Pro-Finish 861,15 x 9,Mushroom,true,,Grouped Pantex catalog table row.
dc-pantex-15-do-rpro-815,Buckeye Dry Cleaning Pads & Covers 2026,/catalogs/dry-cleaning-catalog.pdf,51,Pantex buck pads and head plates,Pantex,15-DO,Pad/Cover,RPRO-815,Red Pro-Finish 861,15 x 9,Mushroom,true,,Grouped Pantex catalog table row.
dc-pantex-15-do-mfhp-99,Buckeye Dry Cleaning Pads & Covers 2026,/catalogs/dry-cleaning-catalog.pdf,51,Pantex buck pads and head plates,Pantex,15-DO,Head Plate,MFHP-99,White Master Finish,15 x 9,Mushroom,true,,Grouped Pantex catalog table row.
dc-pantex-15-do-bmfhp-99,Buckeye Dry Cleaning Pads & Covers 2026,/catalogs/dry-cleaning-catalog.pdf,51,Pantex buck pads and head plates,Pantex,15-DO,Head Plate,BMFHP-99,Black Master Finish,15 x 9,Mushroom,true,,Grouped Pantex catalog table row.
dc-pantex-15-do-tgp-99,Buckeye Dry Cleaning Pads & Covers 2026,/catalogs/dry-cleaning-catalog.pdf,51,Pantex buck pads and head plates,Pantex,15-DO,Teflon Grid Plate,TGP-99,Teflon Grid Plate,15 x 9,Mushroom,true,,Grouped Pantex catalog table row.
dc-pantex-m-19-pro-818,Buckeye Dry Cleaning Pads & Covers 2026,/catalogs/dry-cleaning-catalog.pdf,51,Pantex buck pads and head plates,Pantex,M-19,Pad/Cover,PRO-818,Tan Pro-Finish 861,18 x 9 1/2,Mushroom,true,,Grouped Pantex catalog table row.
dc-pantex-m-19-rpro-818,Buckeye Dry Cleaning Pads & Covers 2026,/catalogs/dry-cleaning-catalog.pdf,51,Pantex buck pads and head plates,Pantex,M-19,Pad/Cover,RPRO-818,Red Pro-Finish 861,18 x 9 1/2,Mushroom,true,,Grouped Pantex catalog table row.
dc-pantex-m-19-mfhp-2,Buckeye Dry Cleaning Pads & Covers 2026,/catalogs/dry-cleaning-catalog.pdf,51,Pantex buck pads and head plates,Pantex,M-19,Head Plate,MFHP-2,White Master Finish,18 x 9 1/2,Mushroom,true,,Grouped Pantex catalog table row.
dc-pantex-m-19-bmfhp-2,Buckeye Dry Cleaning Pads & Covers 2026,/catalogs/dry-cleaning-catalog.pdf,51,Pantex buck pads and head plates,Pantex,M-19,Head Plate,BMFHP-2,Black Master Finish,18 x 9 1/2,Mushroom,true,,Grouped Pantex catalog table row.
dc-pantex-m-19-tgp-2,Buckeye Dry Cleaning Pads & Covers 2026,/catalogs/dry-cleaning-catalog.pdf,51,Pantex buck pads and head plates,Pantex,M-19,Teflon Grid Plate,TGP-2,Teflon Grid Plate,18 x 9 1/2,Mushroom,true,,Grouped Pantex catalog table row.
dc-pantex-m-20-pro-818,Buckeye Dry Cleaning Pads & Covers 2026,/catalogs/dry-cleaning-catalog.pdf,51,Pantex buck pads and head plates,Pantex,M-20,Pad/Cover,PRO-818,Tan Pro-Finish 861,18 x 9 1/2,Mushroom,true,,Grouped Pantex catalog table row.
dc-pantex-m-20-rpro-818,Buckeye Dry Cleaning Pads & Covers 2026,/catalogs/dry-cleaning-catalog.pdf,51,Pantex buck pads and head plates,Pantex,M-20,Pad/Cover,RPRO-818,Red Pro-Finish 861,18 x 9 1/2,Mushroom,true,,Grouped Pantex catalog table row.
dc-pantex-m-20-mfhp-2,Buckeye Dry Cleaning Pads & Covers 2026,/catalogs/dry-cleaning-catalog.pdf,51,Pantex buck pads and head plates,Pantex,M-20,Head Plate,MFHP-2,White Master Finish,18 x 9 1/2,Mushroom,true,,Grouped Pantex catalog table row.
dc-pantex-m-20-bmfhp-2,Buckeye Dry Cleaning Pads & Covers 2026,/catalogs/dry-cleaning-catalog.pdf,51,Pantex buck pads and head plates,Pantex,M-20,Head Plate,BMFHP-2,Black Master Finish,18 x 9 1/2,Mushroom,true,,Grouped Pantex catalog table row.
dc-pantex-m-20-tgp-2,Buckeye Dry Cleaning Pads & Covers 2026,/catalogs/dry-cleaning-catalog.pdf,51,Pantex buck pads and head plates,Pantex,M-20,Teflon Grid Plate,TGP-2,Teflon Grid Plate,18 x 9 1/2,Mushroom,true,,Grouped Pantex catalog table row.
dc-pantex-m-21-do-pro-822,Buckeye Dry Cleaning Pads & Covers 2026,/catalogs/dry-cleaning-catalog.pdf,51,Pantex buck pads and head plates,Pantex,M-21-DO,Pad/Cover,PRO-822,Tan Pro-Finish 861,22 x 10 x 7,Topper,true,,Grouped Pantex catalog table row.
dc-pantex-m-21-do-rpro-822,Buckeye Dry Cleaning Pads & Covers 2026,/catalogs/dry-cleaning-catalog.pdf,51,Pantex buck pads and head plates,Pantex,M-21-DO,Pad/Cover,RPRO-822,Red Pro-Finish 861,22 x 10 x 7,Topper,true,,Grouped Pantex catalog table row.
dc-pantex-m-21-do-mfhp-9,Buckeye Dry Cleaning Pads & Covers 2026,/catalogs/dry-cleaning-catalog.pdf,51,Pantex buck pads and head plates,Pantex,M-21-DO,Head Plate,MFHP-9,White Master Finish,22 x 10 x 7,Topper,true,,Grouped Pantex catalog table row.
dc-pantex-m-21-do-bmfhp-9,Buckeye Dry Cleaning Pads & Covers 2026,/catalogs/dry-cleaning-catalog.pdf,51,Pantex buck pads and head plates,Pantex,M-21-DO,Head Plate,BMFHP-9,Black Master Finish,22 x 10 x 7,Topper,true,,Grouped Pantex catalog table row.
dc-pantex-m-21-do-tgp-9,Buckeye Dry Cleaning Pads & Covers 2026,/catalogs/dry-cleaning-catalog.pdf,51,Pantex buck pads and head plates,Pantex,M-21-DO,Teflon Grid Plate,TGP-9,Teflon Grid Plate,22 x 10 x 7,Topper,true,,Grouped Pantex catalog table row.
dc-pantex-m-24-pro-822,Buckeye Dry Cleaning Pads & Covers 2026,/catalogs/dry-cleaning-catalog.pdf,51,Pantex buck pads and head plates,Pantex,M-24,Pad/Cover,PRO-822,Tan Pro-Finish 861,22 x 10 x 7,Topper,true,,Grouped Pantex catalog table row.
dc-pantex-m-24-rpro-822,Buckeye Dry Cleaning Pads & Covers 2026,/catalogs/dry-cleaning-catalog.pdf,51,Pantex buck pads and head plates,Pantex,M-24,Pad/Cover,RPRO-822,Red Pro-Finish 861,22 x 10 x 7,Topper,true,,Grouped Pantex catalog table row.
dc-pantex-m-24-mfhp-9,Buckeye Dry Cleaning Pads & Covers 2026,/catalogs/dry-cleaning-catalog.pdf,51,Pantex buck pads and head plates,Pantex,M-24,Head Plate,MFHP-9,White Master Finish,22 x 10 x 7,Topper,true,,Grouped Pantex catalog table row.
dc-pantex-m-24-bmfhp-9,Buckeye Dry Cleaning Pads & Covers 2026,/catalogs/dry-cleaning-catalog.pdf,51,Pantex buck pads and head plates,Pantex,M-24,Head Plate,BMFHP-9,Black Master Finish,22 x 10 x 7,Topper,true,,Grouped Pantex catalog table row.
dc-pantex-m-24-tgp-9,Buckeye Dry Cleaning Pads & Covers 2026,/catalogs/dry-cleaning-catalog.pdf,51,Pantex buck pads and head plates,Pantex,M-24,Teflon Grid Plate,TGP-9,Teflon Grid Plate,22 x 10 x 7,Topper,true,,Grouped Pantex catalog table row.
dc-pantex-40-pro-840,Buckeye Dry Cleaning Pads & Covers 2026,/catalogs/dry-cleaning-catalog.pdf,51,Pantex buck pads and head plates,Pantex,40,Pad/Cover,PRO-840,Tan Pro-Finish 861,40 x 12 x 8,Utility,true,,Grouped Pantex catalog table row.
dc-pantex-40-rpro-840,Buckeye Dry Cleaning Pads & Covers 2026,/catalogs/dry-cleaning-catalog.pdf,51,Pantex buck pads and head plates,Pantex,40,Pad/Cover,RPRO-840,Red Pro-Finish 861,40 x 12 x 8,Utility,true,,Grouped Pantex catalog table row.
dc-pantex-40-mfhp-21,Buckeye Dry Cleaning Pads & Covers 2026,/catalogs/dry-cleaning-catalog.pdf,51,Pantex buck pads and head plates,Pantex,40,Head Plate,MFHP-21,White Master Finish,40 x 12 x 8,Utility,true,,Grouped Pantex catalog table row.
dc-pantex-40-bmfhp-21,Buckeye Dry Cleaning Pads & Covers 2026,/catalogs/dry-cleaning-catalog.pdf,51,Pantex buck pads and head plates,Pantex,40,Head Plate,BMFHP-21,Black Master Finish,40 x 12 x 8,Utility,true,,Grouped Pantex catalog table row.
dc-pantex-40-tgp-21,Buckeye Dry Cleaning Pads & Covers 2026,/catalogs/dry-cleaning-catalog.pdf,51,Pantex buck pads and head plates,Pantex,40,Teflon Grid Plate,TGP-21,Teflon Grid Plate,40 x 12 x 8,Utility,true,,Grouped Pantex catalog table row.
dc-pantex-41-pro-840,Buckeye Dry Cleaning Pads & Covers 2026,/catalogs/dry-cleaning-catalog.pdf,51,Pantex buck pads and head plates,Pantex,41,Pad/Cover,PRO-840,Tan Pro-Finish 861,40 x 12 x 8,Utility,true,,Grouped Pantex catalog table row.
dc-pantex-41-rpro-840,Buckeye Dry Cleaning Pads & Covers 2026,/catalogs/dry-cleaning-catalog.pdf,51,Pantex buck pads and head plates,Pantex,41,Pad/Cover,RPRO-840,Red Pro-Finish 861,40 x 12 x 8,Utility,true,,Grouped Pantex catalog table row.
dc-pantex-41-mfhp-21,Buckeye Dry Cleaning Pads & Covers 2026,/catalogs/dry-cleaning-catalog.pdf,51,Pantex buck pads and head plates,Pantex,41,Head Plate,MFHP-21,White Master Finish,40 x 12 x 8,Utility,true,,Grouped Pantex catalog table row.
dc-pantex-41-bmfhp-21,Buckeye Dry Cleaning Pads & Covers 2026,/catalogs/dry-cleaning-catalog.pdf,51,Pantex buck pads and head plates,Pantex,41,Head Plate,BMFHP-21,Black Master Finish,40 x 12 x 8,Utility,true,,Grouped Pantex catalog table row.
dc-pantex-41-tgp-21,Buckeye Dry Cleaning Pads & Covers 2026,/catalogs/dry-cleaning-catalog.pdf,51,Pantex buck pads and head plates,Pantex,41,Teflon Grid Plate,TGP-21,Teflon Grid Plate,40 x 12 x 8,Utility,true,,Grouped Pantex catalog table row.
dc-pantex-m-41-pro-840,Buckeye Dry Cleaning Pads & Covers 2026,/catalogs/dry-cleaning-catalog.pdf,51,Pantex buck pads and head plates,Pantex,M-41,Pad/Cover,PRO-840,Tan Pro-Finish 861,40 x 12 x 8,Utility,true,,Grouped Pantex catalog table row.
dc-pantex-m-41-rpro-840,Buckeye Dry Cleaning Pads & Covers 2026,/catalogs/dry-cleaning-catalog.pdf,51,Pantex buck pads and head plates,Pantex,M-41,Pad/Cover,RPRO-840,Red Pro-Finish 861,40 x 12 x 8,Utility,true,,Grouped Pantex catalog table row.
dc-pantex-m-41-mfhp-21,Buckeye Dry Cleaning Pads & Covers 2026,/catalogs/dry-cleaning-catalog.pdf,51,Pantex buck pads and head plates,Pantex,M-41,Head Plate,MFHP-21,White Master Finish,40 x 12 x 8,Utility,true,,Grouped Pantex catalog table row.
dc-pantex-m-41-bmfhp-21,Buckeye Dry Cleaning Pads & Covers 2026,/catalogs/dry-cleaning-catalog.pdf,51,Pantex buck pads and head plates,Pantex,M-41,Head Plate,BMFHP-21,Black Master Finish,40 x 12 x 8,Utility,true,,Grouped Pantex catalog table row.
dc-pantex-m-41-tgp-21,Buckeye Dry Cleaning Pads & Covers 2026,/catalogs/dry-cleaning-catalog.pdf,51,Pantex buck pads and head plates,Pantex,M-41,Teflon Grid Plate,TGP-21,Teflon Grid Plate,40 x 12 x 8,Utility,true,,Grouped Pantex catalog table row.
dc-pantex-pa-41-pro-840,Buckeye Dry Cleaning Pads & Covers 2026,/catalogs/dry-cleaning-catalog.pdf,51,Pantex buck pads and head plates,Pantex,PA-41,Pad/Cover,PRO-840,Tan Pro-Finish 861,40 x 12 x 8,Utility,true,,Grouped Pantex catalog table row.
dc-pantex-pa-41-rpro-840,Buckeye Dry Cleaning Pads & Covers 2026,/catalogs/dry-cleaning-catalog.pdf,51,Pantex buck pads and head plates,Pantex,PA-41,Pad/Cover,RPRO-840,Red Pro-Finish 861,40 x 12 x 8,Utility,true,,Grouped Pantex catalog table row.
dc-pantex-pa-41-mfhp-21,Buckeye Dry Cleaning Pads & Covers 2026,/catalogs/dry-cleaning-catalog.pdf,51,Pantex buck pads and head plates,Pantex,PA-41,Head Plate,MFHP-21,White Master Finish,40 x 12 x 8,Utility,true,,Grouped Pantex catalog table row.
dc-pantex-pa-41-bmfhp-21,Buckeye Dry Cleaning Pads & Covers 2026,/catalogs/dry-cleaning-catalog.pdf,51,Pantex buck pads and head plates,Pantex,PA-41,Head Plate,BMFHP-21,Black Master Finish,40 x 12 x 8,Utility,true,,Grouped Pantex catalog table row.
dc-pantex-pa-41-tgp-21,Buckeye Dry Cleaning Pads & Covers 2026,/catalogs/dry-cleaning-catalog.pdf,51,Pantex buck pads and head plates,Pantex,PA-41,Teflon Grid Plate,TGP-21,Teflon Grid Plate,40 x 12 x 8,Utility,true,,Grouped Pantex catalog table row.
dc-pantex-u-41-pro-840,Buckeye Dry Cleaning Pads & Covers 2026,/catalogs/dry-cleaning-catalog.pdf,51,Pantex buck pads and head plates,Pantex,U-41,Pad/Cover,PRO-840,Tan Pro-Finish 861,40 x 12 x 8,Utility,true,,Grouped Pantex catalog table row.
dc-pantex-u-41-rpro-840,Buckeye Dry Cleaning Pads & Covers 2026,/catalogs/dry-cleaning-catalog.pdf,51,Pantex buck pads and head plates,Pantex,U-41,Pad/Cover,RPRO-840,Red Pro-Finish 861,40 x 12 x 8,Utility,true,,Grouped Pantex catalog table row.
dc-pantex-u-41-mfhp-21,Buckeye Dry Cleaning Pads & Covers 2026,/catalogs/dry-cleaning-catalog.pdf,51,Pantex buck pads and head plates,Pantex,U-41,Head Plate,MFHP-21,White Master Finish,40 x 12 x 8,Utility,true,,Grouped Pantex catalog table row.
dc-pantex-u-41-bmfhp-21,Buckeye Dry Cleaning Pads & Covers 2026,/catalogs/dry-cleaning-catalog.pdf,51,Pantex buck pads and head plates,Pantex,U-41,Head Plate,BMFHP-21,Black Master Finish,40 x 12 x 8,Utility,true,,Grouped Pantex catalog table row.
dc-pantex-u-41-tgp-21,Buckeye Dry Cleaning Pads & Covers 2026,/catalogs/dry-cleaning-catalog.pdf,51,Pantex buck pads and head plates,Pantex,U-41,Teflon Grid Plate,TGP-21,Teflon Grid Plate,40 x 12 x 8,Utility,true,,Grouped Pantex catalog table row.
dc-pantex-43-pro-834,Buckeye Dry Cleaning Pads & Covers 2026,/catalogs/dry-cleaning-catalog.pdf,51,Pantex buck pads and head plates,Pantex,43,Pad/Cover,PRO-834,Tan Pro-Finish 861,42 x 18 1/2 x 11,Legger w/cut-out,true,,Grouped Pantex catalog table row.
dc-pantex-43-rpro-834,Buckeye Dry Cleaning Pads & Covers 2026,/catalogs/dry-cleaning-catalog.pdf,51,Pantex buck pads and head plates,Pantex,43,Pad/Cover,RPRO-834,Red Pro-Finish 861,42 x 18 1/2 x 11,Legger w/cut-out,true,,Grouped Pantex catalog table row.
dc-pantex-43-mfhp-37,Buckeye Dry Cleaning Pads & Covers 2026,/catalogs/dry-cleaning-catalog.pdf,51,Pantex buck pads and head plates,Pantex,43,Head Plate,MFHP-37,White Master Finish,42 x 18 1/2 x 11,Legger w/cut-out,true,,Grouped Pantex catalog table row.
dc-pantex-43-bmfhp-37,Buckeye Dry Cleaning Pads & Covers 2026,/catalogs/dry-cleaning-catalog.pdf,51,Pantex buck pads and head plates,Pantex,43,Head Plate,BMFHP-37,Black Master Finish,42 x 18 1/2 x 11,Legger w/cut-out,true,,Grouped Pantex catalog table row.
dc-pantex-43-tgp-37,Buckeye Dry Cleaning Pads & Covers 2026,/catalogs/dry-cleaning-catalog.pdf,51,Pantex buck pads and head plates,Pantex,43,Teflon Grid Plate,TGP-37,Teflon Grid Plate,42 x 18 1/2 x 11,Legger w/cut-out,true,,Grouped Pantex catalog table row.
dc-pantex-sm-44-pro-894,Buckeye Dry Cleaning Pads & Covers 2026,/catalogs/dry-cleaning-catalog.pdf,51,Pantex buck pads and head plates,Pantex,SM-44,Pad/Cover,PRO-894,Tan Pro-Finish 861,43 x 19 x 11,Legger w/cut-out,true,,Grouped Pantex catalog table row.
dc-pantex-sm-44-rpro-894,Buckeye Dry Cleaning Pads & Covers 2026,/catalogs/dry-cleaning-catalog.pdf,51,Pantex buck pads and head plates,Pantex,SM-44,Pad/Cover,RPRO-894,Red Pro-Finish 861,43 x 19 x 11,Legger w/cut-out,true,,Grouped Pantex catalog table row.
dc-pantex-sm-44-mfhp-76,Buckeye Dry Cleaning Pads & Covers 2026,/catalogs/dry-cleaning-catalog.pdf,51,Pantex buck pads and head plates,Pantex,SM-44,Head Plate,MFHP-76,White Master Finish,43 x 19 x 11,Legger w/cut-out,true,,Grouped Pantex catalog table row.
dc-pantex-sm-44-bmfhp-76,Buckeye Dry Cleaning Pads & Covers 2026,/catalogs/dry-cleaning-catalog.pdf,51,Pantex buck pads and head plates,Pantex,SM-44,Head Plate,BMFHP-76,Black Master Finish,43 x 19 x 11,Legger w/cut-out,true,,Grouped Pantex catalog table row.
dc-pantex-sm-44-tgp-76,Buckeye Dry Cleaning Pads & Covers 2026,/catalogs/dry-cleaning-catalog.pdf,51,Pantex buck pads and head plates,Pantex,SM-44,Teflon Grid Plate,TGP-76,Teflon Grid Plate,43 x 19 x 11,Legger w/cut-out,true,,Grouped Pantex catalog table row.
dc-pantex-45-pro-845,Buckeye Dry Cleaning Pads & Covers 2026,/catalogs/dry-cleaning-catalog.pdf,51,Pantex buck pads and head plates,Pantex,45,Pad/Cover,PRO-845,Tan Pro-Finish 861,43 1/2 x 12 x 8,Utility,true,,Grouped Pantex catalog table row.
dc-pantex-45-rpro-845,Buckeye Dry Cleaning Pads & Covers 2026,/catalogs/dry-cleaning-catalog.pdf,51,Pantex buck pads and head plates,Pantex,45,Pad/Cover,RPRO-845,Red Pro-Finish 861,43 1/2 x 12 x 8,Utility,true,,Grouped Pantex catalog table row.
dc-pantex-45-mfhp-54,Buckeye Dry Cleaning Pads & Covers 2026,/catalogs/dry-cleaning-catalog.pdf,51,Pantex buck pads and head plates,Pantex,45,Head Plate,MFHP-54,White Master Finish,43 1/2 x 12 x 8,Utility,true,,Grouped Pantex catalog table row.
dc-pantex-45-bmfhp-54,Buckeye Dry Cleaning Pads & Covers 2026,/catalogs/dry-cleaning-catalog.pdf,51,Pantex buck pads and head plates,Pantex,45,Head Plate,BMFHP-54,Black Master Finish,43 1/2 x 12 x 8,Utility,true,,Grouped Pantex catalog table row.
dc-pantex-45-tgp-54,Buckeye Dry Cleaning Pads & Covers 2026,/catalogs/dry-cleaning-catalog.pdf,51,Pantex buck pads and head plates,Pantex,45,Teflon Grid Plate,TGP-54,Teflon Grid Plate,43 1/2 x 12 x 8,Utility,true,,Grouped Pantex catalog table row.
dc-pantex-pa-45-pro-845,Buckeye Dry Cleaning Pads & Covers 2026,/catalogs/dry-cleaning-catalog.pdf,51,Pantex buck pads and head plates,Pantex,PA-45,Pad/Cover,PRO-845,Tan Pro-Finish 861,43 1/2 x 12 x 8,Utility,true,,Grouped Pantex catalog table row.
dc-pantex-pa-45-rpro-845,Buckeye Dry Cleaning Pads & Covers 2026,/catalogs/dry-cleaning-catalog.pdf,51,Pantex buck pads and head plates,Pantex,PA-45,Pad/Cover,RPRO-845,Red Pro-Finish 861,43 1/2 x 12 x 8,Utility,true,,Grouped Pantex catalog table row.
dc-pantex-pa-45-mfhp-54,Buckeye Dry Cleaning Pads & Covers 2026,/catalogs/dry-cleaning-catalog.pdf,51,Pantex buck pads and head plates,Pantex,PA-45,Head Plate,MFHP-54,White Master Finish,43 1/2 x 12 x 8,Utility,true,,Grouped Pantex catalog table row.
dc-pantex-pa-45-bmfhp-54,Buckeye Dry Cleaning Pads & Covers 2026,/catalogs/dry-cleaning-catalog.pdf,51,Pantex buck pads and head plates,Pantex,PA-45,Head Plate,BMFHP-54,Black Master Finish,43 1/2 x 12 x 8,Utility,true,,Grouped Pantex catalog table row.
dc-pantex-pa-45-tgp-54,Buckeye Dry Cleaning Pads & Covers 2026,/catalogs/dry-cleaning-catalog.pdf,51,Pantex buck pads and head plates,Pantex,PA-45,Teflon Grid Plate,TGP-54,Teflon Grid Plate,43 1/2 x 12 x 8,Utility,true,,Grouped Pantex catalog table row.
dc-pantex-u-45-pro-845,Buckeye Dry Cleaning Pads & Covers 2026,/catalogs/dry-cleaning-catalog.pdf,51,Pantex buck pads and head plates,Pantex,U-45,Pad/Cover,PRO-845,Tan Pro-Finish 861,43 1/2 x 12 x 8,Utility,true,,Grouped Pantex catalog table row.
dc-pantex-u-45-rpro-845,Buckeye Dry Cleaning Pads & Covers 2026,/catalogs/dry-cleaning-catalog.pdf,51,Pantex buck pads and head plates,Pantex,U-45,Pad/Cover,RPRO-845,Red Pro-Finish 861,43 1/2 x 12 x 8,Utility,true,,Grouped Pantex catalog table row.
dc-pantex-u-45-mfhp-54,Buckeye Dry Cleaning Pads & Covers 2026,/catalogs/dry-cleaning-catalog.pdf,51,Pantex buck pads and head plates,Pantex,U-45,Head Plate,MFHP-54,White Master Finish,43 1/2 x 12 x 8,Utility,true,,Grouped Pantex catalog table row.
dc-pantex-u-45-bmfhp-54,Buckeye Dry Cleaning Pads & Covers 2026,/catalogs/dry-cleaning-catalog.pdf,51,Pantex buck pads and head plates,Pantex,U-45,Head Plate,BMFHP-54,Black Master Finish,43 1/2 x 12 x 8,Utility,true,,Grouped Pantex catalog table row.
dc-pantex-u-45-tgp-54,Buckeye Dry Cleaning Pads & Covers 2026,/catalogs/dry-cleaning-catalog.pdf,51,Pantex buck pads and head plates,Pantex,U-45,Teflon Grid Plate,TGP-54,Teflon Grid Plate,43 1/2 x 12 x 8,Utility,true,,Grouped Pantex catalog table row.
dc-pantex-u-46-pro-844,Buckeye Dry Cleaning Pads & Covers 2026,/catalogs/dry-cleaning-catalog.pdf,51,Pantex buck pads and head plates,Pantex,U-46,Pad/Cover,PRO-844,Tan Pro-Finish 861,46 x 18 x 9 1/4,Legger,true,,Grouped Pantex catalog table row.
dc-pantex-u-46-rpro-844,Buckeye Dry Cleaning Pads & Covers 2026,/catalogs/dry-cleaning-catalog.pdf,51,Pantex buck pads and head plates,Pantex,U-46,Pad/Cover,RPRO-844,Red Pro-Finish 861,46 x 18 x 9 1/4,Legger,true,,Grouped Pantex catalog table row.
dc-pantex-u-46-mfhp-53,Buckeye Dry Cleaning Pads & Covers 2026,/catalogs/dry-cleaning-catalog.pdf,51,Pantex buck pads and head plates,Pantex,U-46,Head Plate,MFHP-53,White Master Finish,46 x 18 x 9 1/4,Legger,true,,Grouped Pantex catalog table row.
dc-pantex-u-46-bmfhp-53,Buckeye Dry Cleaning Pads & Covers 2026,/catalogs/dry-cleaning-catalog.pdf,51,Pantex buck pads and head plates,Pantex,U-46,Head Plate,BMFHP-53,Black Master Finish,46 x 18 x 9 1/4,Legger,true,,Grouped Pantex catalog table row.
dc-pantex-u-46-tgp-53,Buckeye Dry Cleaning Pads & Covers 2026,/catalogs/dry-cleaning-catalog.pdf,51,Pantex buck pads and head plates,Pantex,U-46,Teflon Grid Plate,TGP-53,Teflon Grid Plate,46 x 18 x 9 1/4,Legger,true,,Grouped Pantex catalog table row.
dc-pantex-pa-47-pro-847,Buckeye Dry Cleaning Pads & Covers 2026,/catalogs/dry-cleaning-catalog.pdf,51,Pantex buck pads and head plates,Pantex,PA-47,Pad/Cover,PRO-847,Tan Pro-Finish 861,46 x 14 1/2 x 9,Utility,true,,Grouped Pantex catalog table row.
dc-pantex-pa-47-rpro-847,Buckeye Dry Cleaning Pads & Covers 2026,/catalogs/dry-cleaning-catalog.pdf,51,Pantex buck pads and head plates,Pantex,PA-47,Pad/Cover,RPRO-847,Red Pro-Finish 861,46 x 14 1/2 x 9,Utility,true,,Grouped Pantex catalog table row.
dc-pantex-pa-47-mfhp-22,Buckeye Dry Cleaning Pads & Covers 2026,/catalogs/dry-cleaning-catalog.pdf,51,Pantex buck pads and head plates,Pantex,PA-47,Head Plate,MFHP-22,White Master Finish,46 x 14 1/2 x 9,Utility,true,,Grouped Pantex catalog table row.
dc-pantex-pa-47-bmfhp-22,Buckeye Dry Cleaning Pads & Covers 2026,/catalogs/dry-cleaning-catalog.pdf,51,Pantex buck pads and head plates,Pantex,PA-47,Head Plate,BMFHP-22,Black Master Finish,46 x 14 1/2 x 9,Utility,true,,Grouped Pantex catalog table row.
dc-pantex-pa-47-tgp-22,Buckeye Dry Cleaning Pads & Covers 2026,/catalogs/dry-cleaning-catalog.pdf,51,Pantex buck pads and head plates,Pantex,PA-47,Teflon Grid Plate,TGP-22,Teflon Grid Plate,46 x 14 1/2 x 9,Utility,true,,Grouped Pantex catalog table row.
dc-pantex-u-47-pro-847,Buckeye Dry Cleaning Pads & Covers 2026,/catalogs/dry-cleaning-catalog.pdf,51,Pantex buck pads and head plates,Pantex,U-47,Pad/Cover,PRO-847,Tan Pro-Finish 861,46 x 14 1/2 x 9,Utility,true,,Grouped Pantex catalog table row.
dc-pantex-u-47-rpro-847,Buckeye Dry Cleaning Pads & Covers 2026,/catalogs/dry-cleaning-catalog.pdf,51,Pantex buck pads and head plates,Pantex,U-47,Pad/Cover,RPRO-847,Red Pro-Finish 861,46 x 14 1/2 x 9,Utility,true,,Grouped Pantex catalog table row.
dc-pantex-u-47-mfhp-22,Buckeye Dry Cleaning Pads & Covers 2026,/catalogs/dry-cleaning-catalog.pdf,51,Pantex buck pads and head plates,Pantex,U-47,Head Plate,MFHP-22,White Master Finish,46 x 14 1/2 x 9,Utility,true,,Grouped Pantex catalog table row.
dc-pantex-u-47-bmfhp-22,Buckeye Dry Cleaning Pads & Covers 2026,/catalogs/dry-cleaning-catalog.pdf,51,Pantex buck pads and head plates,Pantex,U-47,Head Plate,BMFHP-22,Black Master Finish,46 x 14 1/2 x 9,Utility,true,,Grouped Pantex catalog table row.
dc-pantex-u-47-tgp-22,Buckeye Dry Cleaning Pads & Covers 2026,/catalogs/dry-cleaning-catalog.pdf,51,Pantex buck pads and head plates,Pantex,U-47,Teflon Grid Plate,TGP-22,Teflon Grid Plate,46 x 14 1/2 x 9,Utility,true,,Grouped Pantex catalog table row.
dc-pantex-u-47-b-pro-834,Buckeye Dry Cleaning Pads & Covers 2026,/catalogs/dry-cleaning-catalog.pdf,51,Pantex buck pads and head plates,Pantex,U-47-B,Pad/Cover,PRO-834,Tan Pro-Finish 861,45 x 18 x 8 1/2,Legger w/cut-out,true,,Grouped Pantex catalog table row.
dc-pantex-u-47-b-rpro-834,Buckeye Dry Cleaning Pads & Covers 2026,/catalogs/dry-cleaning-catalog.pdf,51,Pantex buck pads and head plates,Pantex,U-47-B,Pad/Cover,RPRO-834,Red Pro-Finish 861,45 x 18 x 8 1/2,Legger w/cut-out,true,,Grouped Pantex catalog table row.
dc-pantex-u-47-b-mfhp-37,Buckeye Dry Cleaning Pads & Covers 2026,/catalogs/dry-cleaning-catalog.pdf,51,Pantex buck pads and head plates,Pantex,U-47-B,Head Plate,MFHP-37,White Master Finish,45 x 18 x 8 1/2,Legger w/cut-out,true,,Grouped Pantex catalog table row.
dc-pantex-u-47-b-bmfhp-37,Buckeye Dry Cleaning Pads & Covers 2026,/catalogs/dry-cleaning-catalog.pdf,51,Pantex buck pads and head plates,Pantex,U-47-B,Head Plate,BMFHP-37,Black Master Finish,45 x 18 x 8 1/2,Legger w/cut-out,true,,Grouped Pantex catalog table row.
dc-pantex-u-47-b-tgp-37,Buckeye Dry Cleaning Pads & Covers 2026,/catalogs/dry-cleaning-catalog.pdf,51,Pantex buck pads and head plates,Pantex,U-47-B,Teflon Grid Plate,TGP-37,Teflon Grid Plate,45 x 18 x 8 1/2,Legger w/cut-out,true,,Grouped Pantex catalog table row.
dc-pantex-u-475-pro-834,Buckeye Dry Cleaning Pads & Covers 2026,/catalogs/dry-cleaning-catalog.pdf,51,Pantex buck pads and head plates,Pantex,U-475,Pad/Cover,PRO-834,Tan Pro-Finish 861,45 x 18 x 8 1/2,Legger w/cut-out,true,,Grouped Pantex catalog table row.
dc-pantex-u-475-rpro-834,Buckeye Dry Cleaning Pads & Covers 2026,/catalogs/dry-cleaning-catalog.pdf,51,Pantex buck pads and head plates,Pantex,U-475,Pad/Cover,RPRO-834,Red Pro-Finish 861,45 x 18 x 8 1/2,Legger w/cut-out,true,,Grouped Pantex catalog table row.
dc-pantex-u-475-mfhp-37,Buckeye Dry Cleaning Pads & Covers 2026,/catalogs/dry-cleaning-catalog.pdf,51,Pantex buck pads and head plates,Pantex,U-475,Head Plate,MFHP-37,White Master Finish,45 x 18 x 8 1/2,Legger w/cut-out,true,,Grouped Pantex catalog table row.
dc-pantex-u-475-bmfhp-37,Buckeye Dry Cleaning Pads & Covers 2026,/catalogs/dry-cleaning-catalog.pdf,51,Pantex buck pads and head plates,Pantex,U-475,Head Plate,BMFHP-37,Black Master Finish,45 x 18 x 8 1/2,Legger w/cut-out,true,,Grouped Pantex catalog table row.
dc-pantex-u-475-tgp-37,Buckeye Dry Cleaning Pads & Covers 2026,/catalogs/dry-cleaning-catalog.pdf,51,Pantex buck pads and head plates,Pantex,U-475,Teflon Grid Plate,TGP-37,Teflon Grid Plate,45 x 18 x 8 1/2,Legger w/cut-out,true,,Grouped Pantex catalog table row.
dc-pantex-52-pro-851,Buckeye Dry Cleaning Pads & Covers 2026,/catalogs/dry-cleaning-catalog.pdf,51,Pantex buck pads and head plates,Pantex,52,Pad/Cover,PRO-851,Tan Pro-Finish 861,51 x 16 1/2 x 11,Utility,true,,Grouped Pantex catalog table row.
dc-pantex-52-rpro-851,Buckeye Dry Cleaning Pads & Covers 2026,/catalogs/dry-cleaning-catalog.pdf,51,Pantex buck pads and head plates,Pantex,52,Pad/Cover,RPRO-851,Red Pro-Finish 861,51 x 16 1/2 x 11,Utility,true,,Grouped Pantex catalog table row.
dc-pantex-52-mfhp-56,Buckeye Dry Cleaning Pads & Covers 2026,/catalogs/dry-cleaning-catalog.pdf,51,Pantex buck pads and head plates,Pantex,52,Head Plate,MFHP-56,White Master Finish,51 x 16 1/2 x 11,Utility,true,,Grouped Pantex catalog table row.
dc-pantex-52-bmfhp-56,Buckeye Dry Cleaning Pads & Covers 2026,/catalogs/dry-cleaning-catalog.pdf,51,Pantex buck pads and head plates,Pantex,52,Head Plate,BMFHP-56,Black Master Finish,51 x 16 1/2 x 11,Utility,true,,Grouped Pantex catalog table row.
dc-pantex-52-tgp-56,Buckeye Dry Cleaning Pads & Covers 2026,/catalogs/dry-cleaning-catalog.pdf,51,Pantex buck pads and head plates,Pantex,52,Teflon Grid Plate,TGP-56,Teflon Grid Plate,51 x 16 1/2 x 11,Utility,true,,Grouped Pantex catalog table row.
dc-pantex-m-441-pro-805,Buckeye Dry Cleaning Pads & Covers 2026,/catalogs/dry-cleaning-catalog.pdf,51,Pantex buck pads and head plates,Pantex,M-441,Pad/Cover,PRO-805,Tan Pro-Finish 861,43 x 19 1/2 x 12,Legger w/cut-out,true,,Grouped Pantex catalog table row.
dc-pantex-m-441-rpro-805,Buckeye Dry Cleaning Pads & Covers 2026,/catalogs/dry-cleaning-catalog.pdf,51,Pantex buck pads and head plates,Pantex,M-441,Pad/Cover,RPRO-805,Red Pro-Finish 861,43 x 19 1/2 x 12,Legger w/cut-out,true,,Grouped Pantex catalog table row.
dc-pantex-m-441-mfhp-121,Buckeye Dry Cleaning Pads & Covers 2026,/catalogs/dry-cleaning-catalog.pdf,51,Pantex buck pads and head plates,Pantex,M-441,Head Plate,MFHP-121,White Master Finish,43 x 19 1/2 x 12,Legger w/cut-out,true,,Grouped Pantex catalog table row.
dc-pantex-m-441-bmfhp-121,Buckeye Dry Cleaning Pads & Covers 2026,/catalogs/dry-cleaning-catalog.pdf,51,Pantex buck pads and head plates,Pantex,M-441,Head Plate,BMFHP-121,Black Master Finish,43 x 19 1/2 x 12,Legger w/cut-out,true,,Grouped Pantex catalog table row.
dc-pantex-m-441-tgp-121,Buckeye Dry Cleaning Pads & Covers 2026,/catalogs/dry-cleaning-catalog.pdf,51,Pantex buck pads and head plates,Pantex,M-441,Teflon Grid Plate,TGP-121,Teflon Grid Plate,43 x 19 1/2 x 12,Legger w/cut-out,true,,Grouped Pantex catalog table row.
dc-pantex-pa-444-pro-895,Buckeye Dry Cleaning Pads & Covers 2026,/catalogs/dry-cleaning-catalog.pdf,51,Pantex buck pads and head plates,Pantex,PA-444,Pad/Cover,PRO-895,Tan Pro-Finish 861,43 x 17 1/2 x 11,Legger w/cut-out,true,,Grouped Pantex catalog table row.
dc-pantex-pa-444-rpro-895,Buckeye Dry Cleaning Pads & Covers 2026,/catalogs/dry-cleaning-catalog.pdf,51,Pantex buck pads and head plates,Pantex,PA-444,Pad/Cover,RPRO-895,Red Pro-Finish 861,43 x 17 1/2 x 11,Legger w/cut-out,true,,Grouped Pantex catalog table row.
dc-pantex-pa-444-mfhp-72,Buckeye Dry Cleaning Pads & Covers 2026,/catalogs/dry-cleaning-catalog.pdf,51,Pantex buck pads and head plates,Pantex,PA-444,Head Plate,MFHP-72,White Master Finish,43 x 17 1/2 x 11,Legger w/cut-out,true,,Grouped Pantex catalog table row.
dc-pantex-pa-444-bmfhp-72,Buckeye Dry Cleaning Pads & Covers 2026,/catalogs/dry-cleaning-catalog.pdf,51,Pantex buck pads and head plates,Pantex,PA-444,Head Plate,BMFHP-72,Black Master Finish,43 x 17 1/2 x 11,Legger w/cut-out,true,,Grouped Pantex catalog table row.
dc-pantex-pa-444-tgp-72,Buckeye Dry Cleaning Pads & Covers 2026,/catalogs/dry-cleaning-catalog.pdf,51,Pantex buck pads and head plates,Pantex,PA-444,Teflon Grid Plate,TGP-72,Teflon Grid Plate,43 x 17 1/2 x 11,Legger w/cut-out,true,,Grouped Pantex catalog table row.
dc-pantex-m-480-o-pro-848,Buckeye Dry Cleaning Pads & Covers 2026,/catalogs/dry-cleaning-catalog.pdf,51,Pantex buck pads and head plates,Pantex,M-480-O,Pad/Cover,PRO-848,Tan Pro-Finish 861,47 x 18 1/2 x 11 1/2,Legger w/cut-out,true,,Grouped Pantex catalog table row.
dc-pantex-m-480-o-rpro-848,Buckeye Dry Cleaning Pads & Covers 2026,/catalogs/dry-cleaning-catalog.pdf,51,Pantex buck pads and head plates,Pantex,M-480-O,Pad/Cover,RPRO-848,Red Pro-Finish 861,47 x 18 1/2 x 11 1/2,Legger w/cut-out,true,,Grouped Pantex catalog table row.
dc-pantex-m-480-o-mfhp-39,Buckeye Dry Cleaning Pads & Covers 2026,/catalogs/dry-cleaning-catalog.pdf,51,Pantex buck pads and head plates,Pantex,M-480-O,Head Plate,MFHP-39,White Master Finish,47 x 18 1/2 x 11 1/2,Legger w/cut-out,true,,Grouped Pantex catalog table row.
dc-pantex-m-480-o-bmfhp-39,Buckeye Dry Cleaning Pads & Covers 2026,/catalogs/dry-cleaning-catalog.pdf,51,Pantex buck pads and head plates,Pantex,M-480-O,Head Plate,BMFHP-39,Black Master Finish,47 x 18 1/2 x 11 1/2,Legger w/cut-out,true,,Grouped Pantex catalog table row.
dc-pantex-m-480-o-tgp-39,Buckeye Dry Cleaning Pads & Covers 2026,/catalogs/dry-cleaning-catalog.pdf,51,Pantex buck pads and head plates,Pantex,M-480-O,Teflon Grid Plate,TGP-39,Teflon Grid Plate,47 x 18 1/2 x 11 1/2,Legger w/cut-out,true,,Grouped Pantex catalog table row.
dc-pantex-m-481-f-pro-848,Buckeye Dry Cleaning Pads & Covers 2026,/catalogs/dry-cleaning-catalog.pdf,51,Pantex buck pads and head plates,Pantex,M-481-F,Pad/Cover,PRO-848,Tan Pro-Finish 861,47 x 18 1/2 x 11 1/2,Legger w/cut-out,true,,Grouped Pantex catalog table row.
dc-pantex-m-481-f-rpro-848,Buckeye Dry Cleaning Pads & Covers 2026,/catalogs/dry-cleaning-catalog.pdf,51,Pantex buck pads and head plates,Pantex,M-481-F,Pad/Cover,RPRO-848,Red Pro-Finish 861,47 x 18 1/2 x 11 1/2,Legger w/cut-out,true,,Grouped Pantex catalog table row.
dc-pantex-m-481-f-mfhp-39,Buckeye Dry Cleaning Pads & Covers 2026,/catalogs/dry-cleaning-catalog.pdf,51,Pantex buck pads and head plates,Pantex,M-481-F,Head Plate,MFHP-39,White Master Finish,47 x 18 1/2 x 11 1/2,Legger w/cut-out,true,,Grouped Pantex catalog table row.
dc-pantex-m-481-f-bmfhp-39,Buckeye Dry Cleaning Pads & Covers 2026,/catalogs/dry-cleaning-catalog.pdf,51,Pantex buck pads and head plates,Pantex,M-481-F,Head Plate,BMFHP-39,Black Master Finish,47 x 18 1/2 x 11 1/2,Legger w/cut-out,true,,Grouped Pantex catalog table row.
dc-pantex-m-481-f-tgp-39,Buckeye Dry Cleaning Pads & Covers 2026,/catalogs/dry-cleaning-catalog.pdf,51,Pantex buck pads and head plates,Pantex,M-481-F,Teflon Grid Plate,TGP-39,Teflon Grid Plate,47 x 18 1/2 x 11 1/2,Legger w/cut-out,true,,Grouped Pantex catalog table row.
dc-paris-master-mg-399-995-steam-air-finisher-cover,Buckeye Dry Cleaning Pads & Covers 2026,/catalogs/dry-cleaning-catalog.pdf,52,Paris covers and pads for steam air finishers,Paris,MASTER / MG-399,Steam Air Finisher Cover,995,,,Steam Air Finisher Cover,false,,
dc-paris-master-mg-399-1092-front-clamp-cover-pad,Buckeye Dry Cleaning Pads & Covers 2026,/catalogs/dry-cleaning-catalog.pdf,52,Paris covers and pads for steam air finishers,Paris,MASTER / MG-399,Clamp Cover/Pad,1092,,3 x 35,Front Clamp Cover/Pad,false,,
dc-paris-master-mg-399-1093-rear-clamp-cover-pad,Buckeye Dry Cleaning Pads & Covers 2026,/catalogs/dry-cleaning-catalog.pdf,52,Paris covers and pads for steam air finishers,Paris,MASTER / MG-399,Clamp Cover/Pad,1093,,3 x 31,Rear Clamp Cover/Pad,false,,
dc-pony-sidi-camptel-legger-pro-1275,Buckeye Dry Cleaning Pads & Covers 2026,/catalogs/dry-cleaning-catalog.pdf,52,Pony/Sidi/Camptel buck pads and head plates,Pony/Sidi/Camptel,LEGGER,Pad/Cover,PRO-1275,Tan Pro-Finish 861,47 x 19 x 13,Legger w/cut-out,true,,Grouped Pony/Sidi/Camptel catalog table row.
dc-pony-sidi-camptel-legger-rpro-1275,Buckeye Dry Cleaning Pads & Covers 2026,/catalogs/dry-cleaning-catalog.pdf,52,Pony/Sidi/Camptel buck pads and head plates,Pony/Sidi/Camptel,LEGGER,Pad/Cover,RPRO-1275,Red Pro-Finish 861,47 x 19 x 13,Legger w/cut-out,true,,Grouped Pony/Sidi/Camptel catalog table row.
dc-pony-sidi-camptel-legger-mfhp-156,Buckeye Dry Cleaning Pads & Covers 2026,/catalogs/dry-cleaning-catalog.pdf,52,Pony/Sidi/Camptel buck pads and head plates,Pony/Sidi/Camptel,LEGGER,Head Plate,MFHP-156,White Master Finish,47 x 19 x 13,Legger w/cut-out,true,,Grouped Pony/Sidi/Camptel catalog table row.
dc-pony-sidi-camptel-legger-bmfhp-156,Buckeye Dry Cleaning Pads & Covers 2026,/catalogs/dry-cleaning-catalog.pdf,52,Pony/Sidi/Camptel buck pads and head plates,Pony/Sidi/Camptel,LEGGER,Head Plate,BMFHP-156,Black Master Finish,47 x 19 x 13,Legger w/cut-out,true,,Grouped Pony/Sidi/Camptel catalog table row.
dc-pony-sidi-camptel-legger-tgp-156,Buckeye Dry Cleaning Pads & Covers 2026,/catalogs/dry-cleaning-catalog.pdf,52,Pony/Sidi/Camptel buck pads and head plates,Pony/Sidi/Camptel,LEGGER,Teflon Grid Plate,TGP-156,Teflon Grid Plate,47 x 19 x 13,Legger w/cut-out,true,,Grouped Pony/Sidi/Camptel catalog table row.
dc-pony-sidi-camptel-utility-pro-1225,Buckeye Dry Cleaning Pads & Covers 2026,/catalogs/dry-cleaning-catalog.pdf,52,Pony/Sidi/Camptel buck pads and head plates,Pony/Sidi/Camptel,UTILITY,Pad/Cover,PRO-1225,Tan Pro-Finish 861,48 x 16 1/4 x 10,Utility,true,,Grouped Pony/Sidi/Camptel catalog table row.
dc-pony-sidi-camptel-utility-rpro-1225,Buckeye Dry Cleaning Pads & Covers 2026,/catalogs/dry-cleaning-catalog.pdf,52,Pony/Sidi/Camptel buck pads and head plates,Pony/Sidi/Camptel,UTILITY,Pad/Cover,RPRO-1225,Red Pro-Finish 861,48 x 16 1/4 x 10,Utility,true,,Grouped Pony/Sidi/Camptel catalog table row.
dc-pony-sidi-camptel-utility-mfhp-148,Buckeye Dry Cleaning Pads & Covers 2026,/catalogs/dry-cleaning-catalog.pdf,52,Pony/Sidi/Camptel buck pads and head plates,Pony/Sidi/Camptel,UTILITY,Head Plate,MFHP-148,White Master Finish,48 x 16 1/4 x 10,Utility,true,,Grouped Pony/Sidi/Camptel catalog table row.
dc-pony-sidi-camptel-utility-bmfhp-148,Buckeye Dry Cleaning Pads & Covers 2026,/catalogs/dry-cleaning-catalog.pdf,52,Pony/Sidi/Camptel buck pads and head plates,Pony/Sidi/Camptel,UTILITY,Head Plate,BMFHP-148,Black Master Finish,48 x 16 1/4 x 10,Utility,true,,Grouped Pony/Sidi/Camptel catalog table row.
dc-pony-sidi-camptel-utility-tgp-148,Buckeye Dry Cleaning Pads & Covers 2026,/catalogs/dry-cleaning-catalog.pdf,52,Pony/Sidi/Camptel buck pads and head plates,Pony/Sidi/Camptel,UTILITY,Teflon Grid Plate,TGP-148,Teflon Grid Plate,48 x 16 1/4 x 10,Utility,true,,Grouped Pony/Sidi/Camptel catalog table row.
dc-pony-sidi-camptel-gidine-idea-5-405-1218-steam-air-finisher-cover,Buckeye Dry Cleaning Pads & Covers 2026,/catalogs/dry-cleaning-catalog.pdf,52,"Pony/Sidi/Camptel/Gidine steam air finishers, pants toppers and tensioning equipment",Pony/Sidi/Camptel/Gidine,IDEA-5 / 405,Steam Air Finisher Cover,1218,,,Steam Air Finisher Cover,false,,
dc-pony-sidi-camptel-gidine-idea-5-405-956-front-clamp-cover-pad,Buckeye Dry Cleaning Pads & Covers 2026,/catalogs/dry-cleaning-catalog.pdf,52,"Pony/Sidi/Camptel/Gidine steam air finishers, pants toppers and tensioning equipment",Pony/Sidi/Camptel/Gidine,IDEA-5 / 405,Clamp Cover/Pad,956,,4 x 36,Front Clamp Cover/Pad,false,,
dc-pony-sidi-camptel-gidine-idea-5-405-924-rear-clamp-cover-pad,Buckeye Dry Cleaning Pads & Covers 2026,/catalogs/dry-cleaning-catalog.pdf,52,"Pony/Sidi/Camptel/Gidine steam air finishers, pants toppers and tensioning equipment",Pony/Sidi/Camptel/Gidine,IDEA-5 / 405,Clamp Cover/Pad,924,,4 x 24,Rear Clamp Cover/Pad,false,,
dc-pony-sidi-camptel-gidine-idea-5-405-2605-shirt-finisher-cover,Buckeye Dry Cleaning Pads & Covers 2026,/catalogs/dry-cleaning-catalog.pdf,52,"Pony/Sidi/Camptel/Gidine steam air finishers, pants toppers and tensioning equipment",Pony/Sidi/Camptel/Gidine,IDEA-5 / 405,Shirt Finisher Cover,2605,,4 x 32,Shirt Finisher Cover,false,,
dc-pony-sidi-camptel-gidine-idea-5-405-2607-front-blade-cover,Buckeye Dry Cleaning Pads & Covers 2026,/catalogs/dry-cleaning-catalog.pdf,52,"Pony/Sidi/Camptel/Gidine steam air finishers, pants toppers and tensioning equipment",Pony/Sidi/Camptel/Gidine,IDEA-5 / 405,Blade Cover,2607,,,Front Blade Cover,false,,
dc-pony-sidi-camptel-gidine-idea-5-405-2608-side-clamp-covers,Buckeye Dry Cleaning Pads & Covers 2026,/catalogs/dry-cleaning-catalog.pdf,52,"Pony/Sidi/Camptel/Gidine steam air finishers, pants toppers and tensioning equipment",Pony/Sidi/Camptel/Gidine,IDEA-5 / 405,Side Clamp Covers,2608,,,Side Clamp Covers,false,2 required,
dc-pony-sidi-camptel-gidine-mpt-37p2-2062-cover-and-pad-set-for-pants-topper,Buckeye Dry Cleaning Pads & Covers 2026,/catalogs/dry-cleaning-catalog.pdf,52,"Pony/Sidi/Camptel/Gidine steam air finishers, pants toppers and tensioning equipment",Pony/Sidi/Camptel/Gidine,MPT-37P2,Cover/Pad Set,2062,,,Cover and Pad Set for Pants Topper,false,,
dc-pony-sidi-camptel-gidine-mpt-37p2-pkdb-2070-pleat-pad-cover,Buckeye Dry Cleaning Pads & Covers 2026,/catalogs/dry-cleaning-catalog.pdf,52,"Pony/Sidi/Camptel/Gidine steam air finishers, pants toppers and tensioning equipment",Pony/Sidi/Camptel/Gidine,MPT-37P2,Pleat Pad/Cover,PKDB-2070,,6 3/4 x 11 1/2,Pleat Pad/Cover,false,2 required,
dc-pony-sidi-camptel-gidine-mpt-37p2-pkdb-2072-fly-clamp-cover-pad,Buckeye Dry Cleaning Pads & Covers 2026,/catalogs/dry-cleaning-catalog.pdf,52,"Pony/Sidi/Camptel/Gidine steam air finishers, pants toppers and tensioning equipment",Pony/Sidi/Camptel/Gidine,MPT-37P2,Fly Clamp Cover Pad,PKDB-2072,,2 3/4 x 8 3/4,Fly Clamp Cover Pad,false,,
dc-pony-sidi-camptel-gidine-mpt-37p2-pk-2073-rear-cover,Buckeye Dry Cleaning Pads & Covers 2026,/catalogs/dry-cleaning-catalog.pdf,52,"Pony/Sidi/Camptel/Gidine steam air finishers, pants toppers and tensioning equipment",Pony/Sidi/Camptel/Gidine,MPT-37P2,Rear Cover,PK-2073,,,Rear Cover,false,,
dc-pony-sidi-camptel-gidine-idea-5-1227-cover-only-for-pants-topper,Buckeye Dry Cleaning Pads & Covers 2026,/catalogs/dry-cleaning-catalog.pdf,52,"Pony/Sidi/Camptel/Gidine steam air finishers, pants toppers and tensioning equipment",Pony/Sidi/Camptel/Gidine,IDEA-5,Cover,1227,,,Cover only for Pants Topper,false,,
dc-pony-sidi-camptel-gidine-idea-5-1483-cover-only-for-pants-topper,Buckeye Dry Cleaning Pads & Covers 2026,/catalogs/dry-cleaning-catalog.pdf,52,"Pony/Sidi/Camptel/Gidine steam air finishers, pants toppers and tensioning equipment",Pony/Sidi/Camptel/Gidine,IDEA-5,Cover,1483,,,Cover only for Pants Topper,false,,
dc-pony-sidi-camptel-gidine-cosmos-2159-steam-air-finisher-cover,Buckeye Dry Cleaning Pads & Covers 2026,/catalogs/dry-cleaning-catalog.pdf,52,"Pony/Sidi/Camptel/Gidine steam air finishers, pants toppers and tensioning equipment",Pony/Sidi/Camptel/Gidine,COSMOS,Steam Air Finisher Cover,2159,,,Steam Air Finisher Cover,false,,
dc-pony-sidi-camptel-gidine-mpt-a-1405-cover-and-pad-set-for-pants-topper,Buckeye Dry Cleaning Pads & Covers 2026,/catalogs/dry-cleaning-catalog.pdf,52,"Pony/Sidi/Camptel/Gidine steam air finishers, pants toppers and tensioning equipment",Pony/Sidi/Camptel/Gidine,MPT-A,Cover/Pad Set,1405,,,Cover and Pad Set for Pants Topper,false,,
dc-pony-sidi-camptel-gidine-mpt-a-cpdb-1651-pleat-pad-cover,Buckeye Dry Cleaning Pads & Covers 2026,/catalogs/dry-cleaning-catalog.pdf,52,"Pony/Sidi/Camptel/Gidine steam air finishers, pants toppers and tensioning equipment",Pony/Sidi/Camptel/Gidine,MPT-A,Pleat Pad/Cover,CPDB-1651,,7 x 13,Pleat Pad/Cover,false,2 required,
dc-pony-sidi-camptel-gidine-mpt-b-1227-cover-only-for-pants-topper,Buckeye Dry Cleaning Pads & Covers 2026,/catalogs/dry-cleaning-catalog.pdf,52,"Pony/Sidi/Camptel/Gidine steam air finishers, pants toppers and tensioning equipment",Pony/Sidi/Camptel/Gidine,MPT-B,Cover,1227,,,Cover Only for Pants Topper,false,,
dc-pony-sidi-camptel-gidine-mpt-dp2-2420-cover-and-pad-set-for-pants-topper,Buckeye Dry Cleaning Pads & Covers 2026,/catalogs/dry-cleaning-catalog.pdf,52,"Pony/Sidi/Camptel/Gidine steam air finishers, pants toppers and tensioning equipment",Pony/Sidi/Camptel/Gidine,MPT-DP2,Cover/Pad Set,2420,,,Cover and Pad Set for Pants Topper,false,,
dc-pony-sidi-camptel-gidine-mpt-dp2-2496-silicone-foam-pad,Buckeye Dry Cleaning Pads & Covers 2026,/catalogs/dry-cleaning-catalog.pdf,52,"Pony/Sidi/Camptel/Gidine steam air finishers, pants toppers and tensioning equipment",Pony/Sidi/Camptel/Gidine,MPT-DP2,Silicone Foam Pad,2496,,,Silicone Foam Pad,false,,
dc-pony-sidi-camptel-gidine-mpt-dp2-pk-2073-rear-cover,Buckeye Dry Cleaning Pads & Covers 2026,/catalogs/dry-cleaning-catalog.pdf,52,"Pony/Sidi/Camptel/Gidine steam air finishers, pants toppers and tensioning equipment",Pony/Sidi/Camptel/Gidine,MPT-DP2,Rear Cover,PK-2073,,,Rear Cover,false,,
dc-pony-sidi-camptel-gidine-mpt-37-1575-cover-and-pad-set-for-pants-topper,Buckeye Dry Cleaning Pads & Covers 2026,/catalogs/dry-cleaning-catalog.pdf,52,"Pony/Sidi/Camptel/Gidine steam air finishers, pants toppers and tensioning equipment",Pony/Sidi/Camptel/Gidine,MPT-37,Cover/Pad Set,1575,,,Cover and Pad Set for Pants Topper,false,,
dc-pony-sidi-camptel-gidine-mpt-37-pk-1582-fly-cover,Buckeye Dry Cleaning Pads & Covers 2026,/catalogs/dry-cleaning-catalog.pdf,52,"Pony/Sidi/Camptel/Gidine steam air finishers, pants toppers and tensioning equipment",Pony/Sidi/Camptel/Gidine,MPT-37,Fly Cover,PK-1582,,,Fly Cover,false,,
dc-pony-sidi-camptel-gidine-mpt-38p-2050-cover-and-pad-set-for-pants-topper,Buckeye Dry Cleaning Pads & Covers 2026,/catalogs/dry-cleaning-catalog.pdf,52,"Pony/Sidi/Camptel/Gidine steam air finishers, pants toppers and tensioning equipment",Pony/Sidi/Camptel/Gidine,MPT-38P,Cover/Pad Set,2050,,,Cover and Pad Set for Pants Topper,false,,
dc-pony-sidi-camptel-gidine-mpt-38p-2052-fly-cover,Buckeye Dry Cleaning Pads & Covers 2026,/catalogs/dry-cleaning-catalog.pdf,52,"Pony/Sidi/Camptel/Gidine steam air finishers, pants toppers and tensioning equipment",Pony/Sidi/Camptel/Gidine,MPT-38P,Fly Cover,2052,,,Fly Cover,false,,
dc-prosperity-ld-50-pro-870,Buckeye Dry Cleaning Pads & Covers 2026,/catalogs/dry-cleaning-catalog.pdf,53,Prosperity buck pads and head plates,Prosperity,LD-50,Pad/Cover,PRO-870,Tan Pro-Finish 861,48 x 14 x 7,Utility,true,,Grouped Prosperity catalog table row.
dc-prosperity-ld-50-rpro-870,Buckeye Dry Cleaning Pads & Covers 2026,/catalogs/dry-cleaning-catalog.pdf,53,Prosperity buck pads and head plates,Prosperity,LD-50,Pad/Cover,RPRO-870,Red Pro-Finish 861,48 x 14 x 7,Utility,true,,Grouped Prosperity catalog table row.
dc-prosperity-ld-50-mfhp-48,Buckeye Dry Cleaning Pads & Covers 2026,/catalogs/dry-cleaning-catalog.pdf,53,Prosperity buck pads and head plates,Prosperity,LD-50,Head Plate,MFHP-48,White Master Finish,48 x 14 x 7,Utility,true,,Grouped Prosperity catalog table row.
dc-prosperity-ld-50-bmfhp-48,Buckeye Dry Cleaning Pads & Covers 2026,/catalogs/dry-cleaning-catalog.pdf,53,Prosperity buck pads and head plates,Prosperity,LD-50,Head Plate,BMFHP-48,Black Master Finish,48 x 14 x 7,Utility,true,,Grouped Prosperity catalog table row.
dc-prosperity-ld-50-tgp-48,Buckeye Dry Cleaning Pads & Covers 2026,/catalogs/dry-cleaning-catalog.pdf,53,Prosperity buck pads and head plates,Prosperity,LD-50,Teflon Grid Plate,TGP-48,Teflon Grid Plate,48 x 14 x 7,Utility,true,,Grouped Prosperity catalog table row.
dc-prosperity-250-pro-870,Buckeye Dry Cleaning Pads & Covers 2026,/catalogs/dry-cleaning-catalog.pdf,53,Prosperity buck pads and head plates,Prosperity,250,Pad/Cover,PRO-870,Tan Pro-Finish 861,48 x 14 x 7,Utility,true,,Grouped Prosperity catalog table row.
dc-prosperity-250-rpro-870,Buckeye Dry Cleaning Pads & Covers 2026,/catalogs/dry-cleaning-catalog.pdf,53,Prosperity buck pads and head plates,Prosperity,250,Pad/Cover,RPRO-870,Red Pro-Finish 861,48 x 14 x 7,Utility,true,,Grouped Prosperity catalog table row.
dc-prosperity-250-mfhp-48,Buckeye Dry Cleaning Pads & Covers 2026,/catalogs/dry-cleaning-catalog.pdf,53,Prosperity buck pads and head plates,Prosperity,250,Head Plate,MFHP-48,White Master Finish,48 x 14 x 7,Utility,true,,Grouped Prosperity catalog table row.
dc-prosperity-250-bmfhp-48,Buckeye Dry Cleaning Pads & Covers 2026,/catalogs/dry-cleaning-catalog.pdf,53,Prosperity buck pads and head plates,Prosperity,250,Head Plate,BMFHP-48,Black Master Finish,48 x 14 x 7,Utility,true,,Grouped Prosperity catalog table row.
dc-prosperity-250-tgp-48,Buckeye Dry Cleaning Pads & Covers 2026,/catalogs/dry-cleaning-catalog.pdf,53,Prosperity buck pads and head plates,Prosperity,250,Teflon Grid Plate,TGP-48,Teflon Grid Plate,48 x 14 x 7,Utility,true,,Grouped Prosperity catalog table row.
dc-prosperity-118-pro-818,Buckeye Dry Cleaning Pads & Covers 2026,/catalogs/dry-cleaning-catalog.pdf,53,Prosperity buck pads and head plates,Prosperity,118,Pad/Cover,PRO-818,Tan Pro-Finish 861,18 1/2 x 9,Mushroom,true,,Grouped Prosperity catalog table row.
dc-prosperity-118-rpro-818,Buckeye Dry Cleaning Pads & Covers 2026,/catalogs/dry-cleaning-catalog.pdf,53,Prosperity buck pads and head plates,Prosperity,118,Pad/Cover,RPRO-818,Red Pro-Finish 861,18 1/2 x 9,Mushroom,true,,Grouped Prosperity catalog table row.
dc-prosperity-118-mfhp-2,Buckeye Dry Cleaning Pads & Covers 2026,/catalogs/dry-cleaning-catalog.pdf,53,Prosperity buck pads and head plates,Prosperity,118,Head Plate,MFHP-2,White Master Finish,18 1/2 x 9,Mushroom,true,,Grouped Prosperity catalog table row.
dc-prosperity-118-bmfhp-2,Buckeye Dry Cleaning Pads & Covers 2026,/catalogs/dry-cleaning-catalog.pdf,53,Prosperity buck pads and head plates,Prosperity,118,Head Plate,BMFHP-2,Black Master Finish,18 1/2 x 9,Mushroom,true,,Grouped Prosperity catalog table row.
dc-prosperity-118-tgp-2,Buckeye Dry Cleaning Pads & Covers 2026,/catalogs/dry-cleaning-catalog.pdf,53,Prosperity buck pads and head plates,Prosperity,118,Teflon Grid Plate,TGP-2,Teflon Grid Plate,18 1/2 x 9,Mushroom,true,,Grouped Prosperity catalog table row.
dc-prosperity-218-pro-818,Buckeye Dry Cleaning Pads & Covers 2026,/catalogs/dry-cleaning-catalog.pdf,53,Prosperity buck pads and head plates,Prosperity,218,Pad/Cover,PRO-818,Tan Pro-Finish 861,18 1/2 x 9,Mushroom,true,,Grouped Prosperity catalog table row.
dc-prosperity-218-rpro-818,Buckeye Dry Cleaning Pads & Covers 2026,/catalogs/dry-cleaning-catalog.pdf,53,Prosperity buck pads and head plates,Prosperity,218,Pad/Cover,RPRO-818,Red Pro-Finish 861,18 1/2 x 9,Mushroom,true,,Grouped Prosperity catalog table row.
dc-prosperity-218-mfhp-2,Buckeye Dry Cleaning Pads & Covers 2026,/catalogs/dry-cleaning-catalog.pdf,53,Prosperity buck pads and head plates,Prosperity,218,Head Plate,MFHP-2,White Master Finish,18 1/2 x 9,Mushroom,true,,Grouped Prosperity catalog table row.
dc-prosperity-218-bmfhp-2,Buckeye Dry Cleaning Pads & Covers 2026,/catalogs/dry-cleaning-catalog.pdf,53,Prosperity buck pads and head plates,Prosperity,218,Head Plate,BMFHP-2,Black Master Finish,18 1/2 x 9,Mushroom,true,,Grouped Prosperity catalog table row.
dc-prosperity-218-tgp-2,Buckeye Dry Cleaning Pads & Covers 2026,/catalogs/dry-cleaning-catalog.pdf,53,Prosperity buck pads and head plates,Prosperity,218,Teflon Grid Plate,TGP-2,Teflon Grid Plate,18 1/2 x 9,Mushroom,true,,Grouped Prosperity catalog table row.
dc-prosperity-318-pro-818,Buckeye Dry Cleaning Pads & Covers 2026,/catalogs/dry-cleaning-catalog.pdf,53,Prosperity buck pads and head plates,Prosperity,318,Pad/Cover,PRO-818,Tan Pro-Finish 861,18 1/2 x 9,Mushroom,true,,Grouped Prosperity catalog table row.
dc-prosperity-318-rpro-818,Buckeye Dry Cleaning Pads & Covers 2026,/catalogs/dry-cleaning-catalog.pdf,53,Prosperity buck pads and head plates,Prosperity,318,Pad/Cover,RPRO-818,Red Pro-Finish 861,18 1/2 x 9,Mushroom,true,,Grouped Prosperity catalog table row.
dc-prosperity-318-mfhp-2,Buckeye Dry Cleaning Pads & Covers 2026,/catalogs/dry-cleaning-catalog.pdf,53,Prosperity buck pads and head plates,Prosperity,318,Head Plate,MFHP-2,White Master Finish,18 1/2 x 9,Mushroom,true,,Grouped Prosperity catalog table row.
dc-prosperity-318-bmfhp-2,Buckeye Dry Cleaning Pads & Covers 2026,/catalogs/dry-cleaning-catalog.pdf,53,Prosperity buck pads and head plates,Prosperity,318,Head Plate,BMFHP-2,Black Master Finish,18 1/2 x 9,Mushroom,true,,Grouped Prosperity catalog table row.
dc-prosperity-318-tgp-2,Buckeye Dry Cleaning Pads & Covers 2026,/catalogs/dry-cleaning-catalog.pdf,53,Prosperity buck pads and head plates,Prosperity,318,Teflon Grid Plate,TGP-2,Teflon Grid Plate,18 1/2 x 9,Mushroom,true,,Grouped Prosperity catalog table row.
dc-prosperity-237-pro-838,Buckeye Dry Cleaning Pads & Covers 2026,/catalogs/dry-cleaning-catalog.pdf,53,Prosperity buck pads and head plates,Prosperity,237,Pad/Cover,PRO-838,Tan Pro-Finish 861,37 1/2 x 11 x 8,Utility,true,,Grouped Prosperity catalog table row.
dc-prosperity-237-rpro-838,Buckeye Dry Cleaning Pads & Covers 2026,/catalogs/dry-cleaning-catalog.pdf,53,Prosperity buck pads and head plates,Prosperity,237,Pad/Cover,RPRO-838,Red Pro-Finish 861,37 1/2 x 11 x 8,Utility,true,,Grouped Prosperity catalog table row.
dc-prosperity-237-mfhp-15,Buckeye Dry Cleaning Pads & Covers 2026,/catalogs/dry-cleaning-catalog.pdf,53,Prosperity buck pads and head plates,Prosperity,237,Head Plate,MFHP-15,White Master Finish,37 1/2 x 11 x 8,Utility,true,,Grouped Prosperity catalog table row.
dc-prosperity-237-bmfhp-15,Buckeye Dry Cleaning Pads & Covers 2026,/catalogs/dry-cleaning-catalog.pdf,53,Prosperity buck pads and head plates,Prosperity,237,Head Plate,BMFHP-15,Black Master Finish,37 1/2 x 11 x 8,Utility,true,,Grouped Prosperity catalog table row.
dc-prosperity-237-tgp-15,Buckeye Dry Cleaning Pads & Covers 2026,/catalogs/dry-cleaning-catalog.pdf,53,Prosperity buck pads and head plates,Prosperity,237,Teflon Grid Plate,TGP-15,Teflon Grid Plate,37 1/2 x 11 x 8,Utility,true,,Grouped Prosperity catalog table row.
dc-prosperity-237-ezd-pro-838,Buckeye Dry Cleaning Pads & Covers 2026,/catalogs/dry-cleaning-catalog.pdf,53,Prosperity buck pads and head plates,Prosperity,237-EZD,Pad/Cover,PRO-838,Tan Pro-Finish 861,37 1/2 x 11 x 8,Utility,true,,Grouped Prosperity catalog table row.
dc-prosperity-237-ezd-rpro-838,Buckeye Dry Cleaning Pads & Covers 2026,/catalogs/dry-cleaning-catalog.pdf,53,Prosperity buck pads and head plates,Prosperity,237-EZD,Pad/Cover,RPRO-838,Red Pro-Finish 861,37 1/2 x 11 x 8,Utility,true,,Grouped Prosperity catalog table row.
dc-prosperity-237-ezd-mfhp-15,Buckeye Dry Cleaning Pads & Covers 2026,/catalogs/dry-cleaning-catalog.pdf,53,Prosperity buck pads and head plates,Prosperity,237-EZD,Head Plate,MFHP-15,White Master Finish,37 1/2 x 11 x 8,Utility,true,,Grouped Prosperity catalog table row.
dc-prosperity-237-ezd-bmfhp-15,Buckeye Dry Cleaning Pads & Covers 2026,/catalogs/dry-cleaning-catalog.pdf,53,Prosperity buck pads and head plates,Prosperity,237-EZD,Head Plate,BMFHP-15,Black Master Finish,37 1/2 x 11 x 8,Utility,true,,Grouped Prosperity catalog table row.
dc-prosperity-237-ezd-tgp-15,Buckeye Dry Cleaning Pads & Covers 2026,/catalogs/dry-cleaning-catalog.pdf,53,Prosperity buck pads and head plates,Prosperity,237-EZD,Teflon Grid Plate,TGP-15,Teflon Grid Plate,37 1/2 x 11 x 8,Utility,true,,Grouped Prosperity catalog table row.
dc-prosperity-249-pro-898,Buckeye Dry Cleaning Pads & Covers 2026,/catalogs/dry-cleaning-catalog.pdf,53,Prosperity buck pads and head plates,Prosperity,249,Pad/Cover,PRO-898,Tan Pro-Finish 861,47 x 19 1/2 x 11 1/2,Legger w/cut-out,true,,Grouped Prosperity catalog table row.
dc-prosperity-249-rpro-898,Buckeye Dry Cleaning Pads & Covers 2026,/catalogs/dry-cleaning-catalog.pdf,53,Prosperity buck pads and head plates,Prosperity,249,Pad/Cover,RPRO-898,Red Pro-Finish 861,47 x 19 1/2 x 11 1/2,Legger w/cut-out,true,,Grouped Prosperity catalog table row.
dc-prosperity-249-mfhp-39,Buckeye Dry Cleaning Pads & Covers 2026,/catalogs/dry-cleaning-catalog.pdf,53,Prosperity buck pads and head plates,Prosperity,249,Head Plate,MFHP-39,White Master Finish,47 x 19 1/2 x 11 1/2,Legger w/cut-out,true,,Grouped Prosperity catalog table row.
dc-prosperity-249-bmfhp-39,Buckeye Dry Cleaning Pads & Covers 2026,/catalogs/dry-cleaning-catalog.pdf,53,Prosperity buck pads and head plates,Prosperity,249,Head Plate,BMFHP-39,Black Master Finish,47 x 19 1/2 x 11 1/2,Legger w/cut-out,true,,Grouped Prosperity catalog table row.
dc-prosperity-249-tgp-39,Buckeye Dry Cleaning Pads & Covers 2026,/catalogs/dry-cleaning-catalog.pdf,53,Prosperity buck pads and head plates,Prosperity,249,Teflon Grid Plate,TGP-39,Teflon Grid Plate,47 x 19 1/2 x 11 1/2,Legger w/cut-out,true,,Grouped Prosperity catalog table row.
dc-prosperity-343-pro-842,Buckeye Dry Cleaning Pads & Covers 2026,/catalogs/dry-cleaning-catalog.pdf,53,Prosperity buck pads and head plates,Prosperity,343,Pad/Cover,PRO-842,Tan Pro-Finish 861,43 x 13 x 8 1/2,Utility,true,,Grouped Prosperity catalog table row.
dc-prosperity-343-rpro-842,Buckeye Dry Cleaning Pads & Covers 2026,/catalogs/dry-cleaning-catalog.pdf,53,Prosperity buck pads and head plates,Prosperity,343,Pad/Cover,RPRO-842,Red Pro-Finish 861,43 x 13 x 8 1/2,Utility,true,,Grouped Prosperity catalog table row.
dc-prosperity-343-mfhp-20,Buckeye Dry Cleaning Pads & Covers 2026,/catalogs/dry-cleaning-catalog.pdf,53,Prosperity buck pads and head plates,Prosperity,343,Head Plate,MFHP-20,White Master Finish,43 x 13 x 8 1/2,Utility,true,,Grouped Prosperity catalog table row.
dc-prosperity-343-bmfhp-20,Buckeye Dry Cleaning Pads & Covers 2026,/catalogs/dry-cleaning-catalog.pdf,53,Prosperity buck pads and head plates,Prosperity,343,Head Plate,BMFHP-20,Black Master Finish,43 x 13 x 8 1/2,Utility,true,,Grouped Prosperity catalog table row.
dc-prosperity-343-tgp-20,Buckeye Dry Cleaning Pads & Covers 2026,/catalogs/dry-cleaning-catalog.pdf,53,Prosperity buck pads and head plates,Prosperity,343,Teflon Grid Plate,TGP-20,Teflon Grid Plate,43 x 13 x 8 1/2,Utility,true,,Grouped Prosperity catalog table row.
dc-prosperity-442-pro-834,Buckeye Dry Cleaning Pads & Covers 2026,/catalogs/dry-cleaning-catalog.pdf,53,Prosperity buck pads and head plates,Prosperity,442,Pad/Cover,PRO-834,Tan Pro-Finish 861,42 x 18 1/2 x 11,Legger w/cut-out,true,,Grouped Prosperity catalog table row.
dc-prosperity-442-rpro-834,Buckeye Dry Cleaning Pads & Covers 2026,/catalogs/dry-cleaning-catalog.pdf,53,Prosperity buck pads and head plates,Prosperity,442,Pad/Cover,RPRO-834,Red Pro-Finish 861,42 x 18 1/2 x 11,Legger w/cut-out,true,,Grouped Prosperity catalog table row.
dc-prosperity-442-mfhp-52,Buckeye Dry Cleaning Pads & Covers 2026,/catalogs/dry-cleaning-catalog.pdf,53,Prosperity buck pads and head plates,Prosperity,442,Head Plate,MFHP-52,White Master Finish,42 x 18 1/2 x 11,Legger w/cut-out,true,,Grouped Prosperity catalog table row.
dc-prosperity-442-bmfhp-52,Buckeye Dry Cleaning Pads & Covers 2026,/catalogs/dry-cleaning-catalog.pdf,53,Prosperity buck pads and head plates,Prosperity,442,Head Plate,BMFHP-52,Black Master Finish,42 x 18 1/2 x 11,Legger w/cut-out,true,,Grouped Prosperity catalog table row.
dc-prosperity-442-tgp-52,Buckeye Dry Cleaning Pads & Covers 2026,/catalogs/dry-cleaning-catalog.pdf,53,Prosperity buck pads and head plates,Prosperity,442,Teflon Grid Plate,TGP-52,Teflon Grid Plate,42 x 18 1/2 x 11,Legger w/cut-out,true,,Grouped Prosperity catalog table row.
dc-prosperity-542-pro-834,Buckeye Dry Cleaning Pads & Covers 2026,/catalogs/dry-cleaning-catalog.pdf,53,Prosperity buck pads and head plates,Prosperity,542,Pad/Cover,PRO-834,Tan Pro-Finish 861,42 x 18 1/2 x 11,Legger w/cut-out,true,,Grouped Prosperity catalog table row.
dc-prosperity-542-rpro-834,Buckeye Dry Cleaning Pads & Covers 2026,/catalogs/dry-cleaning-catalog.pdf,53,Prosperity buck pads and head plates,Prosperity,542,Pad/Cover,RPRO-834,Red Pro-Finish 861,42 x 18 1/2 x 11,Legger w/cut-out,true,,Grouped Prosperity catalog table row.
dc-prosperity-542-mfhp-52,Buckeye Dry Cleaning Pads & Covers 2026,/catalogs/dry-cleaning-catalog.pdf,53,Prosperity buck pads and head plates,Prosperity,542,Head Plate,MFHP-52,White Master Finish,42 x 18 1/2 x 11,Legger w/cut-out,true,,Grouped Prosperity catalog table row.
dc-prosperity-542-bmfhp-52,Buckeye Dry Cleaning Pads & Covers 2026,/catalogs/dry-cleaning-catalog.pdf,53,Prosperity buck pads and head plates,Prosperity,542,Head Plate,BMFHP-52,Black Master Finish,42 x 18 1/2 x 11,Legger w/cut-out,true,,Grouped Prosperity catalog table row.
dc-prosperity-542-tgp-52,Buckeye Dry Cleaning Pads & Covers 2026,/catalogs/dry-cleaning-catalog.pdf,53,Prosperity buck pads and head plates,Prosperity,542,Teflon Grid Plate,TGP-52,Teflon Grid Plate,42 x 18 1/2 x 11,Legger w/cut-out,true,,Grouped Prosperity catalog table row.
dc-prosperity-842-pro-834,Buckeye Dry Cleaning Pads & Covers 2026,/catalogs/dry-cleaning-catalog.pdf,53,Prosperity buck pads and head plates,Prosperity,842,Pad/Cover,PRO-834,Tan Pro-Finish 861,42 x 18 1/2 x 11,Legger w/cut-out,true,,Grouped Prosperity catalog table row.
dc-prosperity-842-rpro-834,Buckeye Dry Cleaning Pads & Covers 2026,/catalogs/dry-cleaning-catalog.pdf,53,Prosperity buck pads and head plates,Prosperity,842,Pad/Cover,RPRO-834,Red Pro-Finish 861,42 x 18 1/2 x 11,Legger w/cut-out,true,,Grouped Prosperity catalog table row.
dc-prosperity-842-mfhp-52,Buckeye Dry Cleaning Pads & Covers 2026,/catalogs/dry-cleaning-catalog.pdf,53,Prosperity buck pads and head plates,Prosperity,842,Head Plate,MFHP-52,White Master Finish,42 x 18 1/2 x 11,Legger w/cut-out,true,,Grouped Prosperity catalog table row.
dc-prosperity-842-bmfhp-52,Buckeye Dry Cleaning Pads & Covers 2026,/catalogs/dry-cleaning-catalog.pdf,53,Prosperity buck pads and head plates,Prosperity,842,Head Plate,BMFHP-52,Black Master Finish,42 x 18 1/2 x 11,Legger w/cut-out,true,,Grouped Prosperity catalog table row.
dc-prosperity-842-tgp-52,Buckeye Dry Cleaning Pads & Covers 2026,/catalogs/dry-cleaning-catalog.pdf,53,Prosperity buck pads and head plates,Prosperity,842,Teflon Grid Plate,TGP-52,Teflon Grid Plate,42 x 18 1/2 x 11,Legger w/cut-out,true,,Grouped Prosperity catalog table row.
dc-prosperity-443-pro-842,Buckeye Dry Cleaning Pads & Covers 2026,/catalogs/dry-cleaning-catalog.pdf,53,Prosperity buck pads and head plates,Prosperity,443,Pad/Cover,PRO-842,Tan Pro-Finish 861,42 x 12 x 9,Utility,true,,Grouped Prosperity catalog table row.
dc-prosperity-443-rpro-842,Buckeye Dry Cleaning Pads & Covers 2026,/catalogs/dry-cleaning-catalog.pdf,53,Prosperity buck pads and head plates,Prosperity,443,Pad/Cover,RPRO-842,Red Pro-Finish 861,42 x 12 x 9,Utility,true,,Grouped Prosperity catalog table row.
dc-prosperity-443-mfhp-20,Buckeye Dry Cleaning Pads & Covers 2026,/catalogs/dry-cleaning-catalog.pdf,53,Prosperity buck pads and head plates,Prosperity,443,Head Plate,MFHP-20,White Master Finish,42 x 12 x 9,Utility,true,,Grouped Prosperity catalog table row.
dc-prosperity-443-bmfhp-20,Buckeye Dry Cleaning Pads & Covers 2026,/catalogs/dry-cleaning-catalog.pdf,53,Prosperity buck pads and head plates,Prosperity,443,Head Plate,BMFHP-20,Black Master Finish,42 x 12 x 9,Utility,true,,Grouped Prosperity catalog table row.
dc-prosperity-443-tgp-20,Buckeye Dry Cleaning Pads & Covers 2026,/catalogs/dry-cleaning-catalog.pdf,53,Prosperity buck pads and head plates,Prosperity,443,Teflon Grid Plate,TGP-20,Teflon Grid Plate,42 x 12 x 9,Utility,true,,Grouped Prosperity catalog table row.
dc-prosperity-743-pro-842,Buckeye Dry Cleaning Pads & Covers 2026,/catalogs/dry-cleaning-catalog.pdf,53,Prosperity buck pads and head plates,Prosperity,743,Pad/Cover,PRO-842,Tan Pro-Finish 861,42 x 12 x 9,Utility,true,,Grouped Prosperity catalog table row.
dc-prosperity-743-rpro-842,Buckeye Dry Cleaning Pads & Covers 2026,/catalogs/dry-cleaning-catalog.pdf,53,Prosperity buck pads and head plates,Prosperity,743,Pad/Cover,RPRO-842,Red Pro-Finish 861,42 x 12 x 9,Utility,true,,Grouped Prosperity catalog table row.
dc-prosperity-743-mfhp-20,Buckeye Dry Cleaning Pads & Covers 2026,/catalogs/dry-cleaning-catalog.pdf,53,Prosperity buck pads and head plates,Prosperity,743,Head Plate,MFHP-20,White Master Finish,42 x 12 x 9,Utility,true,,Grouped Prosperity catalog table row.
dc-prosperity-743-bmfhp-20,Buckeye Dry Cleaning Pads & Covers 2026,/catalogs/dry-cleaning-catalog.pdf,53,Prosperity buck pads and head plates,Prosperity,743,Head Plate,BMFHP-20,Black Master Finish,42 x 12 x 9,Utility,true,,Grouped Prosperity catalog table row.
dc-prosperity-743-tgp-20,Buckeye Dry Cleaning Pads & Covers 2026,/catalogs/dry-cleaning-catalog.pdf,53,Prosperity buck pads and head plates,Prosperity,743,Teflon Grid Plate,TGP-20,Teflon Grid Plate,42 x 12 x 9,Utility,true,,Grouped Prosperity catalog table row.
dc-prosperity-719-pro-820,Buckeye Dry Cleaning Pads & Covers 2026,/catalogs/dry-cleaning-catalog.pdf,53,Prosperity buck pads and head plates,Prosperity,719,Pad/Cover,PRO-820,Tan Pro-Finish 861,20 1/4 x 9 1/2 x 8 1/2,Topper,true,,Grouped Prosperity catalog table row.
dc-prosperity-719-rpro-820,Buckeye Dry Cleaning Pads & Covers 2026,/catalogs/dry-cleaning-catalog.pdf,53,Prosperity buck pads and head plates,Prosperity,719,Pad/Cover,RPRO-820,Red Pro-Finish 861,20 1/4 x 9 1/2 x 8 1/2,Topper,true,,Grouped Prosperity catalog table row.
dc-prosperity-719-mfhp-8,Buckeye Dry Cleaning Pads & Covers 2026,/catalogs/dry-cleaning-catalog.pdf,53,Prosperity buck pads and head plates,Prosperity,719,Head Plate,MFHP-8,White Master Finish,20 1/4 x 9 1/2 x 8 1/2,Topper,true,,Grouped Prosperity catalog table row.
dc-prosperity-719-bmfhp-8,Buckeye Dry Cleaning Pads & Covers 2026,/catalogs/dry-cleaning-catalog.pdf,53,Prosperity buck pads and head plates,Prosperity,719,Head Plate,BMFHP-8,Black Master Finish,20 1/4 x 9 1/2 x 8 1/2,Topper,true,,Grouped Prosperity catalog table row.
dc-prosperity-719-tgp-8,Buckeye Dry Cleaning Pads & Covers 2026,/catalogs/dry-cleaning-catalog.pdf,53,Prosperity buck pads and head plates,Prosperity,719,Teflon Grid Plate,TGP-8,Teflon Grid Plate,20 1/4 x 9 1/2 x 8 1/2,Topper,true,,Grouped Prosperity catalog table row.
dc-prosperity-720-pro-820,Buckeye Dry Cleaning Pads & Covers 2026,/catalogs/dry-cleaning-catalog.pdf,53,Prosperity buck pads and head plates,Prosperity,720,Pad/Cover,PRO-820,Tan Pro-Finish 861,20 1/2 x 9 x 7 1/2,Topper,true,,Grouped Prosperity catalog table row.
dc-prosperity-720-rpro-820,Buckeye Dry Cleaning Pads & Covers 2026,/catalogs/dry-cleaning-catalog.pdf,53,Prosperity buck pads and head plates,Prosperity,720,Pad/Cover,RPRO-820,Red Pro-Finish 861,20 1/2 x 9 x 7 1/2,Topper,true,,Grouped Prosperity catalog table row.
dc-prosperity-720-mfhp-7,Buckeye Dry Cleaning Pads & Covers 2026,/catalogs/dry-cleaning-catalog.pdf,53,Prosperity buck pads and head plates,Prosperity,720,Head Plate,MFHP-7,White Master Finish,20 1/2 x 9 x 7 1/2,Topper,true,,Grouped Prosperity catalog table row.
dc-prosperity-720-bmfhp-7,Buckeye Dry Cleaning Pads & Covers 2026,/catalogs/dry-cleaning-catalog.pdf,53,Prosperity buck pads and head plates,Prosperity,720,Head Plate,BMFHP-7,Black Master Finish,20 1/2 x 9 x 7 1/2,Topper,true,,Grouped Prosperity catalog table row.
dc-prosperity-720-tgp-7,Buckeye Dry Cleaning Pads & Covers 2026,/catalogs/dry-cleaning-catalog.pdf,53,Prosperity buck pads and head plates,Prosperity,720,Teflon Grid Plate,TGP-7,Teflon Grid Plate,20 1/2 x 9 x 7 1/2,Topper,true,,Grouped Prosperity catalog table row.
dc-prosperity-845-pro-844,Buckeye Dry Cleaning Pads & Covers 2026,/catalogs/dry-cleaning-catalog.pdf,53,Prosperity buck pads and head plates,Prosperity,845,Pad/Cover,PRO-844,Tan Pro-Finish 861,45 x 17 x 8 1/2,Legger,true,,Grouped Prosperity catalog table row.
dc-prosperity-845-rpro-844,Buckeye Dry Cleaning Pads & Covers 2026,/catalogs/dry-cleaning-catalog.pdf,53,Prosperity buck pads and head plates,Prosperity,845,Pad/Cover,RPRO-844,Red Pro-Finish 861,45 x 17 x 8 1/2,Legger,true,,Grouped Prosperity catalog table row.
dc-prosperity-845-mfhp-53,Buckeye Dry Cleaning Pads & Covers 2026,/catalogs/dry-cleaning-catalog.pdf,53,Prosperity buck pads and head plates,Prosperity,845,Head Plate,MFHP-53,White Master Finish,45 x 17 x 8 1/2,Legger,true,,Grouped Prosperity catalog table row.
dc-prosperity-845-bmfhp-53,Buckeye Dry Cleaning Pads & Covers 2026,/catalogs/dry-cleaning-catalog.pdf,53,Prosperity buck pads and head plates,Prosperity,845,Head Plate,BMFHP-53,Black Master Finish,45 x 17 x 8 1/2,Legger,true,,Grouped Prosperity catalog table row.
dc-prosperity-845-tgp-53,Buckeye Dry Cleaning Pads & Covers 2026,/catalogs/dry-cleaning-catalog.pdf,53,Prosperity buck pads and head plates,Prosperity,845,Teflon Grid Plate,TGP-53,Teflon Grid Plate,45 x 17 x 8 1/2,Legger,true,,Grouped Prosperity catalog table row.
dc-prosperity-945-pro-895,Buckeye Dry Cleaning Pads & Covers 2026,/catalogs/dry-cleaning-catalog.pdf,53,Prosperity buck pads and head plates,Prosperity,945,Pad/Cover,PRO-895,Tan Pro-Finish 861,45 x 18 1/2 x 9 1/2,Legger w/cut-out,true,,Grouped Prosperity catalog table row.
dc-prosperity-945-rpro-895,Buckeye Dry Cleaning Pads & Covers 2026,/catalogs/dry-cleaning-catalog.pdf,53,Prosperity buck pads and head plates,Prosperity,945,Pad/Cover,RPRO-895,Red Pro-Finish 861,45 x 18 1/2 x 9 1/2,Legger w/cut-out,true,,Grouped Prosperity catalog table row.
dc-prosperity-945-mfhp-43,Buckeye Dry Cleaning Pads & Covers 2026,/catalogs/dry-cleaning-catalog.pdf,53,Prosperity buck pads and head plates,Prosperity,945,Head Plate,MFHP-43,White Master Finish,45 x 18 1/2 x 9 1/2,Legger w/cut-out,true,,Grouped Prosperity catalog table row.
dc-prosperity-945-bmfhp-43,Buckeye Dry Cleaning Pads & Covers 2026,/catalogs/dry-cleaning-catalog.pdf,53,Prosperity buck pads and head plates,Prosperity,945,Head Plate,BMFHP-43,Black Master Finish,45 x 18 1/2 x 9 1/2,Legger w/cut-out,true,,Grouped Prosperity catalog table row.
dc-prosperity-945-tgp-43,Buckeye Dry Cleaning Pads & Covers 2026,/catalogs/dry-cleaning-catalog.pdf,53,Prosperity buck pads and head plates,Prosperity,945,Teflon Grid Plate,TGP-43,Teflon Grid Plate,45 x 18 1/2 x 9 1/2,Legger w/cut-out,true,,Grouped Prosperity catalog table row.
dc-puff-irons-1-egg-htd-629-size-1-cissell-elcco-excelsior-hoffman-and-unipress,Buckeye Dry Cleaning Pads & Covers 2026,/catalogs/dry-cleaning-catalog.pdf,54,Puff Irons covers and pads,Puff Irons,#1 Egg,Aramid Cover,HTD-629,,3 1/4 x 1 1/4,"Size #1 Cissell, Elcco, Excelsior, Hoffman, and Unipress",false,,Aramid with DFN cover.
dc-puff-irons-1-egg-bndb-629-size-1-cissell-elcco-excelsior-hoffman-and-unipress,Buckeye Dry Cleaning Pads & Covers 2026,/catalogs/dry-cleaning-catalog.pdf,54,Puff Irons covers and pads,Puff Irons,#1 Egg,Pad,BNDB-629,,3 1/4 x 1 1/4,"Size #1 Cissell, Elcco, Excelsior, Hoffman, and Unipress",false,,Black nylon with DFN / 50 oz pad as listed.
dc-puff-irons-2-peanut-ladies-shoulder-htd-641-size-2-cissell-excelsior-hoffman-forenta-and-unipress,Buckeye Dry Cleaning Pads & Covers 2026,/catalogs/dry-cleaning-catalog.pdf,54,Puff Irons covers and pads,Puff Irons,#2 Peanut / Ladies Shoulder,Aramid Cover,HTD-641,,6 3/4 x 3 7/8,"Size #2 Cissell, Excelsior, Hoffman, Forenta, and Unipress",false,,Aramid with DFN cover.
dc-puff-irons-2-peanut-ladies-shoulder-bndb-641-size-2-cissell-excelsior-hoffman-forenta-and-unipress,Buckeye Dry Cleaning Pads & Covers 2026,/catalogs/dry-cleaning-catalog.pdf,54,Puff Irons covers and pads,Puff Irons,#2 Peanut / Ladies Shoulder,Pad,BNDB-641,,6 3/4 x 3 7/8,"Size #2 Cissell, Excelsior, Hoffman, Forenta, and Unipress",false,,Black nylon with DFN / 50 oz pad as listed.
dc-puff-irons-3-mushroom-topper-htd-642-size-3-cissell-excelsior-hoffman-forenta-and-unipress,Buckeye Dry Cleaning Pads & Covers 2026,/catalogs/dry-cleaning-catalog.pdf,54,Puff Irons covers and pads,Puff Irons,#3 Mushroom Topper,Aramid Cover,HTD-642,,12 x 7 7/8,"Size #3 Cissell, Excelsior, Hoffman, Forenta, and Unipress",false,,Aramid with DFN cover.
dc-puff-irons-3-mushroom-topper-bndb-642-size-3-cissell-excelsior-hoffman-forenta-and-unipress,Buckeye Dry Cleaning Pads & Covers 2026,/catalogs/dry-cleaning-catalog.pdf,54,Puff Irons covers and pads,Puff Irons,#3 Mushroom Topper,Pad,BNDB-642,,12 x 7 7/8,"Size #3 Cissell, Excelsior, Hoffman, Forenta, and Unipress",false,,Black nylon with DFN / 50 oz pad as listed.
dc-puff-irons-4-14-in-sleever-htd-643-size-4-cissell-hoffman,Buckeye Dry Cleaning Pads & Covers 2026,/catalogs/dry-cleaning-catalog.pdf,54,Puff Irons covers and pads,Puff Irons,#4 14 in Sleever,Aramid Cover,HTD-643,,14 x 3 5/8 x 1 3/4,"Size #4 Cissell, Hoffman",false,,Aramid with DFN cover.
dc-puff-irons-4-14-in-sleever-bndb-643-size-4-cissell-hoffman,Buckeye Dry Cleaning Pads & Covers 2026,/catalogs/dry-cleaning-catalog.pdf,54,Puff Irons covers and pads,Puff Irons,#4 14 in Sleever,Pad,BNDB-643,,14 x 3 5/8 x 1 3/4,"Size #4 Cissell, Hoffman",false,,Black nylon with DFN / 50 oz pad as listed.
dc-puff-irons-4-1-2-18-in-sleever-htd-644-size-4-1-2-elcco,Buckeye Dry Cleaning Pads & Covers 2026,/catalogs/dry-cleaning-catalog.pdf,54,Puff Irons covers and pads,Puff Irons,#4 1/2 18 in Sleever,Aramid Cover,HTD-644,,18 in sleever,Size #4 1/2 Elcco,false,,Aramid with DFN cover.
dc-puff-irons-4-1-2-18-in-sleever-bndb-644-size-4-1-2-elcco,Buckeye Dry Cleaning Pads & Covers 2026,/catalogs/dry-cleaning-catalog.pdf,54,Puff Irons covers and pads,Puff Irons,#4 1/2 18 in Sleever,Pad,BNDB-644,,18 in sleever,Size #4 1/2 Elcco,false,,Black nylon with DFN / 50 oz pad as listed.
dc-puff-irons-5-22-in-sleever-htd-630-size-5-cissell-excelsior-and-unipress,Buckeye Dry Cleaning Pads & Covers 2026,/catalogs/dry-cleaning-catalog.pdf,54,Puff Irons covers and pads,Puff Irons,#5 22 in Sleever,Aramid Cover,HTD-630,,22 x 3 7/8 x 1 1/2,"Size #5 Cissell, Excelsior, and Unipress",false,,Aramid with DFN cover.
dc-puff-irons-5-22-in-sleever-bndb-630-size-5-cissell-excelsior-and-unipress,Buckeye Dry Cleaning Pads & Covers 2026,/catalogs/dry-cleaning-catalog.pdf,54,Puff Irons covers and pads,Puff Irons,#5 22 in Sleever,Pad,BNDB-630,,22 x 3 7/8 x 1 1/2,"Size #5 Cissell, Excelsior, and Unipress",false,,Black nylon with DFN / 50 oz pad as listed.
dc-puff-irons-5f-sleever-htd-1210-forenta-part-17411,Buckeye Dry Cleaning Pads & Covers 2026,/catalogs/dry-cleaning-catalog.pdf,54,Puff Irons covers and pads,Puff Irons,#5F Sleever,Aramid Cover,HTD-1210,,22 x 4 1/2 x 1 3/4,Forenta Part #17411,false,,Aramid with DFN cover.
dc-puff-irons-5f-sleever-bndb-1210-forenta-part-17411,Buckeye Dry Cleaning Pads & Covers 2026,/catalogs/dry-cleaning-catalog.pdf,54,Puff Irons covers and pads,Puff Irons,#5F Sleever,Pad,BNDB-1210,,22 x 4 1/2 x 1 3/4,Forenta Part #17411,false,,Black nylon with DFN / 50 oz pad as listed.
dc-puff-irons-5fn-sleever-htd-1211-forenta-part-30169,Buckeye Dry Cleaning Pads & Covers 2026,/catalogs/dry-cleaning-catalog.pdf,54,Puff Irons covers and pads,Puff Irons,#5FN Sleever,Aramid Cover,HTD-1211,,22 x 3 7/8 x 1 1/2,Forenta Part #30169,false,,Aramid with DFN cover.
dc-puff-irons-5fn-sleever-bndb-1211-forenta-part-30169,Buckeye Dry Cleaning Pads & Covers 2026,/catalogs/dry-cleaning-catalog.pdf,54,Puff Irons covers and pads,Puff Irons,#5FN Sleever,Pad,BNDB-1211,,22 x 3 7/8 x 1 1/2,Forenta Part #30169,false,,Black nylon with DFN / 50 oz pad as listed.
dc-puff-irons-5-1-2-curved-sleever-htd-671-hogback-cissell-4-c,Buckeye Dry Cleaning Pads & Covers 2026,/catalogs/dry-cleaning-catalog.pdf,54,Puff Irons covers and pads,Puff Irons,#5 1/2 Curved Sleever,Aramid Cover,HTD-671,,22 x 3 5/8 x 1 3/4,Hogback / Cissell 4-C,false,,Aramid with DFN cover.
dc-puff-irons-5-1-2-curved-sleever-bndb-671-hogback-cissell-4-c,Buckeye Dry Cleaning Pads & Covers 2026,/catalogs/dry-cleaning-catalog.pdf,54,Puff Irons covers and pads,Puff Irons,#5 1/2 Curved Sleever,Pad,BNDB-671,,22 x 3 5/8 x 1 3/4,Hogback / Cissell 4-C,false,,Black nylon with DFN / 50 oz pad as listed.
dc-puff-irons-6-men-shoulder-htd-645-cissell-1-m-forenta-hoffman-8-ajax-pia-16-pc-843-and-unipress-pi-1,Buckeye Dry Cleaning Pads & Covers 2026,/catalogs/dry-cleaning-catalog.pdf,54,Puff Irons covers and pads,Puff Irons,#6 Men Shoulder,Aramid Cover,HTD-645,,7 1/2 x 4 1/2,"Cissell 1-M, Forenta, Hoffman 8, Ajax PIA 16 PC 843, and Unipress PI-1",false,,Aramid with DFN cover.
dc-puff-irons-6-men-shoulder-bndb-645-cissell-1-m-forenta-hoffman-8-ajax-pia-16-pc-843-and-unipress-pi-1,Buckeye Dry Cleaning Pads & Covers 2026,/catalogs/dry-cleaning-catalog.pdf,54,Puff Irons covers and pads,Puff Irons,#6 Men Shoulder,Pad,BNDB-645,,7 1/2 x 4 1/2,"Cissell 1-M, Forenta, Hoffman 8, Ajax PIA 16 PC 843, and Unipress PI-1",false,,Black nylon with DFN / 50 oz pad as listed.
dc-puff-irons-6f-shoulder-htd-1213-forenta-part-30170,Buckeye Dry Cleaning Pads & Covers 2026,/catalogs/dry-cleaning-catalog.pdf,54,Puff Irons covers and pads,Puff Irons,#6F Shoulder,Aramid Cover,HTD-1213,,7 x 4,Forenta Part #30170,false,,Aramid with DFN cover.
dc-puff-irons-6f-shoulder-bndb-1213-forenta-part-30170,Buckeye Dry Cleaning Pads & Covers 2026,/catalogs/dry-cleaning-catalog.pdf,54,Puff Irons covers and pads,Puff Irons,#6F Shoulder,Pad,BNDB-1213,,7 x 4,Forenta Part #30170,false,,Black nylon with DFN / 50 oz pad as listed.
dc-puff-irons-7-men-shoulder-htd-646-norris-dryco-1015,Buckeye Dry Cleaning Pads & Covers 2026,/catalogs/dry-cleaning-catalog.pdf,54,Puff Irons covers and pads,Puff Irons,#7 Men Shoulder,Aramid Cover,HTD-646,,9 1/2 x 4 1/2,Norris-Dryco #1015,false,,Aramid with DFN cover.
dc-puff-irons-7-men-shoulder-bndb-646-norris-dryco-1015,Buckeye Dry Cleaning Pads & Covers 2026,/catalogs/dry-cleaning-catalog.pdf,54,Puff Irons covers and pads,Puff Irons,#7 Men Shoulder,Pad,BNDB-646,,9 1/2 x 4 1/2,Norris-Dryco #1015,false,,Black nylon with DFN / 50 oz pad as listed.
dc-puff-irons-8-shoulder-htd-647-cissell-1-e-and-norris-dryco-1010,Buckeye Dry Cleaning Pads & Covers 2026,/catalogs/dry-cleaning-catalog.pdf,54,Puff Irons covers and pads,Puff Irons,#8 Shoulder,Aramid Cover,HTD-647,,7 1/4 x 4 7/8,Cissell 1-E and Norris-Dryco #1010,false,,Aramid with DFN cover.
dc-puff-irons-8-shoulder-bndb-647-cissell-1-e-and-norris-dryco-1010,Buckeye Dry Cleaning Pads & Covers 2026,/catalogs/dry-cleaning-catalog.pdf,54,Puff Irons covers and pads,Puff Irons,#8 Shoulder,Pad,BNDB-647,,7 1/4 x 4 7/8,Cissell 1-E and Norris-Dryco #1010,false,,Black nylon with DFN / 50 oz pad as listed.
dc-puff-irons-9-vertical-sleeve-finisher-1260-forenta-7ps-3-requires-both-cover-and-50-oz-pad,Buckeye Dry Cleaning Pads & Covers 2026,/catalogs/dry-cleaning-catalog.pdf,54,Puff Irons covers and pads,Puff Irons,#9 Vertical Sleeve Finisher,Aramid Cover,1260,,,Forenta 7PS-3; requires both cover and 50 oz pad,false,,Aramid with DFN cover.
dc-puff-irons-9-vertical-sleeve-finisher-db-1260-forenta-7ps-3-requires-both-cover-and-50-oz-pad,Buckeye Dry Cleaning Pads & Covers 2026,/catalogs/dry-cleaning-catalog.pdf,54,Puff Irons covers and pads,Puff Irons,#9 Vertical Sleeve Finisher,Pad,DB-1260,,,Forenta 7PS-3; requires both cover and 50 oz pad,false,,Black nylon with DFN / 50 oz pad as listed.
dc-puff-irons-9-x-7-aramid-cover-alh-9x7-aramid-puffer-post-cover-with-velcro,Buckeye Dry Cleaning Pads & Covers 2026,/catalogs/dry-cleaning-catalog.pdf,55,Puff Irons head covers,Puff Irons,9 x 7 Aramid Cover,Aramid Cover,ALH-9X7,,,Aramid puffer post cover with Velcro,false,,
dc-puff-irons-9-x-9-aramid-cover-alh-9x9-aramid-puffer-post-cover-with-velcro,Buckeye Dry Cleaning Pads & Covers 2026,/catalogs/dry-cleaning-catalog.pdf,55,Puff Irons head covers,Puff Irons,9 x 9 Aramid Cover,Aramid Cover,ALH-9X9,,,Aramid puffer post cover with Velcro,false,,
dc-puff-irons-2-shoulder-1084-head-cover-installed-over-existing-frame,Buckeye Dry Cleaning Pads & Covers 2026,/catalogs/dry-cleaning-catalog.pdf,55,Puff Irons head covers,Puff Irons,#2 Shoulder,Head Cover,1084,,,Head cover installed over existing frame,false,,
dc-puff-irons-3-mushroom-1091-head-cover-installed-over-existing-frame,Buckeye Dry Cleaning Pads & Covers 2026,/catalogs/dry-cleaning-catalog.pdf,55,Puff Irons head covers,Puff Irons,#3 Mushroom,Head Cover,1091,,,Head cover installed over existing frame,false,,
dc-puff-irons-5-sleever-1086-head-cover-installed-over-existing-frame,Buckeye Dry Cleaning Pads & Covers 2026,/catalogs/dry-cleaning-catalog.pdf,55,Puff Irons head covers,Puff Irons,#5 Sleever,Head Cover,1086,,,Head cover installed over existing frame,false,,
dc-puff-irons-6-shoulder-1084-head-cover-installed-over-existing-frame,Buckeye Dry Cleaning Pads & Covers 2026,/catalogs/dry-cleaning-catalog.pdf,55,Puff Irons head covers,Puff Irons,#6 Shoulder,Head Cover,1084,,,Head cover installed over existing frame,false,,
dc-puff-irons-cissell-mushroom-1091-head-cover-installed-over-existing-frame,Buckeye Dry Cleaning Pads & Covers 2026,/catalogs/dry-cleaning-catalog.pdf,55,Puff Irons head covers,Puff Irons,Cissell Mushroom,Head Cover,1091,,,Head cover installed over existing frame,false,,
dc-puff-irons-cissell-shoulder-1084-head-cover-installed-over-existing-frame,Buckeye Dry Cleaning Pads & Covers 2026,/catalogs/dry-cleaning-catalog.pdf,55,Puff Irons head covers,Puff Irons,Cissell Shoulder,Head Cover,1084,,,Head cover installed over existing frame,false,,
dc-puff-irons-cissell-sleever-1086-head-cover-installed-over-existing-frame,Buckeye Dry Cleaning Pads & Covers 2026,/catalogs/dry-cleaning-catalog.pdf,55,Puff Irons head covers,Puff Irons,Cissell Sleever,Head Cover,1086,,,Head cover installed over existing frame,false,,
dc-puff-irons-cissell-curved-sleever-1085-head-cover-installed-over-existing-frame,Buckeye Dry Cleaning Pads & Covers 2026,/catalogs/dry-cleaning-catalog.pdf,55,Puff Irons head covers,Puff Irons,Cissell Curved Sleever,Head Cover,1085,,,Head cover installed over existing frame,false,,
dc-puff-irons-excelsior-mushroom-1068-head-cover-installed-over-existing-frame,Buckeye Dry Cleaning Pads & Covers 2026,/catalogs/dry-cleaning-catalog.pdf,55,Puff Irons head covers,Puff Irons,Excelsior Mushroom,Head Cover,1068,,,Head cover installed over existing frame,false,,
dc-puff-irons-excelsior-shoulder-1067-head-cover-installed-over-existing-frame,Buckeye Dry Cleaning Pads & Covers 2026,/catalogs/dry-cleaning-catalog.pdf,55,Puff Irons head covers,Puff Irons,Excelsior Shoulder,Head Cover,1067,,,Head cover installed over existing frame,false,,
dc-puff-irons-excelsior-sleever-1086-head-cover-installed-over-existing-frame,Buckeye Dry Cleaning Pads & Covers 2026,/catalogs/dry-cleaning-catalog.pdf,55,Puff Irons head covers,Puff Irons,Excelsior Sleever,Head Cover,1086,,,Head cover installed over existing frame,false,,
dc-puff-irons-forenta-mushroom-1068-head-cover-installed-over-existing-frame,Buckeye Dry Cleaning Pads & Covers 2026,/catalogs/dry-cleaning-catalog.pdf,55,Puff Irons head covers,Puff Irons,Forenta Mushroom,Head Cover,1068,,,Head cover installed over existing frame,false,,
dc-puff-irons-forenta-sleever-1086-head-cover-installed-over-existing-frame,Buckeye Dry Cleaning Pads & Covers 2026,/catalogs/dry-cleaning-catalog.pdf,55,Puff Irons head covers,Puff Irons,Forenta Sleever,Head Cover,1086,,,Head cover installed over existing frame,false,,
dc-puff-irons-unipress-shoulder-1251-head-cover-installed-over-existing-frame,Buckeye Dry Cleaning Pads & Covers 2026,/catalogs/dry-cleaning-catalog.pdf,55,Puff Irons head covers,Puff Irons,Unipress Shoulder,Head Cover,1251,,,Head cover installed over existing frame,false,,
dc-puff-irons-unipress-mushroom-1252-head-cover-installed-over-existing-frame,Buckeye Dry Cleaning Pads & Covers 2026,/catalogs/dry-cleaning-catalog.pdf,55,Puff Irons head covers,Puff Irons,Unipress Mushroom,Head Cover,1252,,,Head cover installed over existing frame,false,,
dc-puff-irons-unipress-sleever-1253-head-cover-installed-over-existing-frame,Buckeye Dry Cleaning Pads & Covers 2026,/catalogs/dry-cleaning-catalog.pdf,55,Puff Irons head covers,Puff Irons,Unipress Sleever,Head Cover,1253,,,Head cover installed over existing frame,false,,
dc-rimar-80-l-pro-837,Buckeye Dry Cleaning Pads & Covers 2026,/catalogs/dry-cleaning-catalog.pdf,56,Rimar buck pads and head plates,Rimar,80-L,Pad/Cover,PRO-837,Tan Pro-Finish 861,43 1/2 x 17 1/2 x 11,Legger w/cut-out,true,,Grouped Rimar catalog table row.
dc-rimar-80-l-rpro-837,Buckeye Dry Cleaning Pads & Covers 2026,/catalogs/dry-cleaning-catalog.pdf,56,Rimar buck pads and head plates,Rimar,80-L,Pad/Cover,RPRO-837,Red Pro-Finish 861,43 1/2 x 17 1/2 x 11,Legger w/cut-out,true,,Grouped Rimar catalog table row.
dc-rimar-80-l-mfhp-31,Buckeye Dry Cleaning Pads & Covers 2026,/catalogs/dry-cleaning-catalog.pdf,56,Rimar buck pads and head plates,Rimar,80-L,Head Plate,MFHP-31,White Master Finish,43 1/2 x 17 1/2 x 11,Legger w/cut-out,true,,Grouped Rimar catalog table row.
dc-rimar-80-l-bmfhp-31,Buckeye Dry Cleaning Pads & Covers 2026,/catalogs/dry-cleaning-catalog.pdf,56,Rimar buck pads and head plates,Rimar,80-L,Head Plate,BMFHP-31,Black Master Finish,43 1/2 x 17 1/2 x 11,Legger w/cut-out,true,,Grouped Rimar catalog table row.
dc-rimar-80-l-tgp-31,Buckeye Dry Cleaning Pads & Covers 2026,/catalogs/dry-cleaning-catalog.pdf,56,Rimar buck pads and head plates,Rimar,80-L,Teflon Grid Plate,TGP-31,Teflon Grid Plate,43 1/2 x 17 1/2 x 11,Legger w/cut-out,true,,Grouped Rimar catalog table row.
dc-rimar-80-m-pro-690,Buckeye Dry Cleaning Pads & Covers 2026,/catalogs/dry-cleaning-catalog.pdf,56,Rimar buck pads and head plates,Rimar,80-M,Pad/Cover,PRO-690,Tan Pro-Finish 861,19 x 9,Mushroom,true,,Grouped Rimar catalog table row.
dc-rimar-80-m-rpro-690,Buckeye Dry Cleaning Pads & Covers 2026,/catalogs/dry-cleaning-catalog.pdf,56,Rimar buck pads and head plates,Rimar,80-M,Pad/Cover,RPRO-690,Red Pro-Finish 861,19 x 9,Mushroom,true,,Grouped Rimar catalog table row.
dc-rimar-80-m-mfhp-116,Buckeye Dry Cleaning Pads & Covers 2026,/catalogs/dry-cleaning-catalog.pdf,56,Rimar buck pads and head plates,Rimar,80-M,Head Plate,MFHP-116,White Master Finish,19 x 9,Mushroom,true,,Grouped Rimar catalog table row.
dc-rimar-80-m-bmfhp-116,Buckeye Dry Cleaning Pads & Covers 2026,/catalogs/dry-cleaning-catalog.pdf,56,Rimar buck pads and head plates,Rimar,80-M,Head Plate,BMFHP-116,Black Master Finish,19 x 9,Mushroom,true,,Grouped Rimar catalog table row.
dc-rimar-80-m-tgp-116,Buckeye Dry Cleaning Pads & Covers 2026,/catalogs/dry-cleaning-catalog.pdf,56,Rimar buck pads and head plates,Rimar,80-M,Teflon Grid Plate,TGP-116,Teflon Grid Plate,19 x 9,Mushroom,true,,Grouped Rimar catalog table row.
dc-rimar-80-u-pro-842,Buckeye Dry Cleaning Pads & Covers 2026,/catalogs/dry-cleaning-catalog.pdf,56,Rimar buck pads and head plates,Rimar,80-U,Pad/Cover,PRO-842,Tan Pro-Finish 861,42 x 12 x 9,Utility,true,,Grouped Rimar catalog table row.
dc-rimar-80-u-rpro-842,Buckeye Dry Cleaning Pads & Covers 2026,/catalogs/dry-cleaning-catalog.pdf,56,Rimar buck pads and head plates,Rimar,80-U,Pad/Cover,RPRO-842,Red Pro-Finish 861,42 x 12 x 9,Utility,true,,Grouped Rimar catalog table row.
dc-rimar-80-u-mfhp-23,Buckeye Dry Cleaning Pads & Covers 2026,/catalogs/dry-cleaning-catalog.pdf,56,Rimar buck pads and head plates,Rimar,80-U,Head Plate,MFHP-23,White Master Finish,42 x 12 x 9,Utility,true,,Grouped Rimar catalog table row.
dc-rimar-80-u-bmfhp-23,Buckeye Dry Cleaning Pads & Covers 2026,/catalogs/dry-cleaning-catalog.pdf,56,Rimar buck pads and head plates,Rimar,80-U,Head Plate,BMFHP-23,Black Master Finish,42 x 12 x 9,Utility,true,,Grouped Rimar catalog table row.
dc-rimar-80-u-tgp-23,Buckeye Dry Cleaning Pads & Covers 2026,/catalogs/dry-cleaning-catalog.pdf,56,Rimar buck pads and head plates,Rimar,80-U,Teflon Grid Plate,TGP-23,Teflon Grid Plate,42 x 12 x 9,Utility,true,,Grouped Rimar catalog table row.
dc-sailstar-sff20-943-steam-air-finisher-cover,Buckeye Dry Cleaning Pads & Covers 2026,/catalogs/dry-cleaning-catalog.pdf,56,Sailstar covers and pads for steam air finishers,Sailstar,SFF20,Steam Air Finisher Cover,943,,,Steam Air Finisher Cover,false,,
dc-sailstar-sff20-956-front-clamp-cover-pad,Buckeye Dry Cleaning Pads & Covers 2026,/catalogs/dry-cleaning-catalog.pdf,56,Sailstar covers and pads for steam air finishers,Sailstar,SFF20,Clamp Cover/Pad,956,,4 x 36,Front Clamp Cover/Pad,false,,
dc-sailstar-sff20-927-rear-clamp-cover-pad,Buckeye Dry Cleaning Pads & Covers 2026,/catalogs/dry-cleaning-catalog.pdf,56,Sailstar covers and pads for steam air finishers,Sailstar,SFF20,Clamp Cover/Pad,927,,4 x 26,Rear Clamp Cover/Pad,false,,
dc-rotondi-sr3000-women-11-in-2173-shirt-finisher-cover,Buckeye Dry Cleaning Pads & Covers 2026,/catalogs/dry-cleaning-catalog.pdf,56,Rotondi shirt tensioning equipment,Rotondi,SR3000 Women 11 in,Shirt Finisher Cover,2173,,,Shirt Finisher Cover,false,,
dc-rotondi-sr3000-women-11-in-db-2173-buck-pad-20-oz,Buckeye Dry Cleaning Pads & Covers 2026,/catalogs/dry-cleaning-catalog.pdf,56,Rotondi shirt tensioning equipment,Rotondi,SR3000 Women 11 in,Buck Pad,DB-2173,,,Buck Pad - 20 oz,false,,
dc-rotondi-sr3000-women-11-in-fm-1108-cuff-clamp-cover-w-silicone-foam-pads,Buckeye Dry Cleaning Pads & Covers 2026,/catalogs/dry-cleaning-catalog.pdf,56,Rotondi shirt tensioning equipment,Rotondi,SR3000 Women 11 in,Clamp Cover,FM-1108,,,Cuff Clamp Cover w/Silicone Foam Pads,false,4 required,
dc-rotondi-sr3000-women-11-in-waju-1103-front-blade-cover-pad,Buckeye Dry Cleaning Pads & Covers 2026,/catalogs/dry-cleaning-catalog.pdf,56,Rotondi shirt tensioning equipment,Rotondi,SR3000 Women 11 in,Blade Cover/Pad,WAJU-1103,,3 3/4 x 32,Front Blade Cover/Pad,false,,
dc-rotondi-sr3000-women-11-in-pk-2071-side-vent-cover-w-foam-pads,Buckeye Dry Cleaning Pads & Covers 2026,/catalogs/dry-cleaning-catalog.pdf,56,Rotondi shirt tensioning equipment,Rotondi,SR3000 Women 11 in,Side Vent Cover,PK-2071,,,Side Vent Cover w/Foam Pads,false,2 required,
dc-rotondi-sr3000-men-14-in-1099-cover,Buckeye Dry Cleaning Pads & Covers 2026,/catalogs/dry-cleaning-catalog.pdf,56,Rotondi shirt tensioning equipment,Rotondi,SR3000 Men 14 in,Cover,1099,,,Cover,false,,
dc-rotondi-sr3000-men-14-in-fb-1096-30-oz-bonn-e-blue-flannel-pad,Buckeye Dry Cleaning Pads & Covers 2026,/catalogs/dry-cleaning-catalog.pdf,56,Rotondi shirt tensioning equipment,Rotondi,SR3000 Men 14 in,Pad,FB-1096,,,30 oz. Bonn-E-Blue Flannel Pad,false,,
dc-rotondi-sr3000-men-14-in-wa-1104-side-clamp-cover,Buckeye Dry Cleaning Pads & Covers 2026,/catalogs/dry-cleaning-catalog.pdf,56,Rotondi shirt tensioning equipment,Rotondi,SR3000 Men 14 in,Clamp Cover,WA-1104,,,Side Clamp Cover,false,2 required,
dc-rotondi-sr3000-men-14-in-wafb-1101-front-clamp-cover-pad,Buckeye Dry Cleaning Pads & Covers 2026,/catalogs/dry-cleaning-catalog.pdf,56,Rotondi shirt tensioning equipment,Rotondi,SR3000 Men 14 in,Clamp Cover/Pad,WAFB-1101,,,Front Clamp Cover/Pad,false,2 required,
dc-rotondi-sr3000-men-14-in-waju-1103-front-blade-cover,Buckeye Dry Cleaning Pads & Covers 2026,/catalogs/dry-cleaning-catalog.pdf,56,Rotondi shirt tensioning equipment,Rotondi,SR3000 Men 14 in,Blade Cover,WAJU-1103,,4 x 32,Front Blade Cover,false,,
dc-rotondi-sr3000-men-14-in-pkfb-1102-rear-clamp-cover-pad,Buckeye Dry Cleaning Pads & Covers 2026,/catalogs/dry-cleaning-catalog.pdf,56,Rotondi shirt tensioning equipment,Rotondi,SR3000 Men 14 in,Cover/Pad,PKFB-1102,,,Rear Clamp Cover/Pad,false,,
dc-rotondi-sr3000-men-14-in-fm-1108-cuff-clamp-cover-w-silicone-foam-pads,Buckeye Dry Cleaning Pads & Covers 2026,/catalogs/dry-cleaning-catalog.pdf,56,Rotondi shirt tensioning equipment,Rotondi,SR3000 Men 14 in,Clamp Cover,FM-1108,,,Cuff Clamp Cover w/Silicone Foam Pads,false,4 required,
dc-sankosha-dp-150-ru-san-1870-legger,Buckeye Dry Cleaning Pads & Covers 2026,/catalogs/dry-cleaning-catalog.pdf,58,Sankosha buck pads and head pad/cover,Sankosha,DP-150-RU,Pad/Cover,SAN-1870,,,Legger,false,,
dc-sankosha-dp-150-ru-san-1847-legger,Buckeye Dry Cleaning Pads & Covers 2026,/catalogs/dry-cleaning-catalog.pdf,58,Sankosha buck pads and head pad/cover,Sankosha,DP-150-RU,Soft Head Pad/Cover,SAN-1847,,,Legger,false,,
dc-sankosha-dp-150-ru-mfhp-1847-legger,Buckeye Dry Cleaning Pads & Covers 2026,/catalogs/dry-cleaning-catalog.pdf,58,Sankosha buck pads and head pad/cover,Sankosha,DP-150-RU,Master Finish Head Plate,MFHP-1847,,,Legger,false,,
dc-sankosha-dp-155-ru-san-1870-legger,Buckeye Dry Cleaning Pads & Covers 2026,/catalogs/dry-cleaning-catalog.pdf,58,Sankosha buck pads and head pad/cover,Sankosha,DP-155-RU,Pad/Cover,SAN-1870,,,Legger,false,,
dc-sankosha-dp-155-ru-san-1847-legger,Buckeye Dry Cleaning Pads & Covers 2026,/catalogs/dry-cleaning-catalog.pdf,58,Sankosha buck pads and head pad/cover,Sankosha,DP-155-RU,Soft Head Pad/Cover,SAN-1847,,,Legger,false,,
dc-sankosha-dp-155-ru-mfhp-1847-legger,Buckeye Dry Cleaning Pads & Covers 2026,/catalogs/dry-cleaning-catalog.pdf,58,Sankosha buck pads and head pad/cover,Sankosha,DP-155-RU,Master Finish Head Plate,MFHP-1847,,,Legger,false,,
dc-sankosha-kmp-150-san-1870-legger,Buckeye Dry Cleaning Pads & Covers 2026,/catalogs/dry-cleaning-catalog.pdf,58,Sankosha buck pads and head pad/cover,Sankosha,KMP-150,Pad/Cover,SAN-1870,,,Legger,false,,
dc-sankosha-kmp-150-san-1847-legger,Buckeye Dry Cleaning Pads & Covers 2026,/catalogs/dry-cleaning-catalog.pdf,58,Sankosha buck pads and head pad/cover,Sankosha,KMP-150,Soft Head Pad/Cover,SAN-1847,,,Legger,false,,
dc-sankosha-kmp-150-mfhp-1847-legger,Buckeye Dry Cleaning Pads & Covers 2026,/catalogs/dry-cleaning-catalog.pdf,58,Sankosha buck pads and head pad/cover,Sankosha,KMP-150,Master Finish Head Plate,MFHP-1847,,,Legger,false,,
dc-sankosha-kmp-200-san-1890-utility-36-in,Buckeye Dry Cleaning Pads & Covers 2026,/catalogs/dry-cleaning-catalog.pdf,58,Sankosha buck pads and head pad/cover,Sankosha,KMP-200,Pad/Cover,SAN-1890,,,Utility 36 in,false,,Catalog text appears once as N/A and once as MFHP-1849; verify.
dc-sankosha-kmp-200-san-1849-utility-36-in,Buckeye Dry Cleaning Pads & Covers 2026,/catalogs/dry-cleaning-catalog.pdf,58,Sankosha buck pads and head pad/cover,Sankosha,KMP-200,Soft Head Pad/Cover,SAN-1849,,,Utility 36 in,false,,Catalog text appears once as N/A and once as MFHP-1849; verify.
dc-sankosha-kmp-200-mfhp-1849-utility-36-in,Buckeye Dry Cleaning Pads & Covers 2026,/catalogs/dry-cleaning-catalog.pdf,58,Sankosha buck pads and head pad/cover,Sankosha,KMP-200,Master Finish Head Plate,MFHP-1849,,,Utility 36 in,false,,Catalog text appears once as N/A and once as MFHP-1849; verify.
dc-sankosha-dp-250-ru-san-1840-utility-42-in,Buckeye Dry Cleaning Pads & Covers 2026,/catalogs/dry-cleaning-catalog.pdf,58,Sankosha buck pads and head pad/cover,Sankosha,DP-250-RU,Pad/Cover,SAN-1840,,,Utility 42 in,false,,
dc-sankosha-dp-250-ru-san-1839-utility-42-in,Buckeye Dry Cleaning Pads & Covers 2026,/catalogs/dry-cleaning-catalog.pdf,58,Sankosha buck pads and head pad/cover,Sankosha,DP-250-RU,Soft Head Pad/Cover,SAN-1839,,,Utility 42 in,false,,
dc-sankosha-dp-250-ru-mfhp-1839-utility-42-in,Buckeye Dry Cleaning Pads & Covers 2026,/catalogs/dry-cleaning-catalog.pdf,58,Sankosha buck pads and head pad/cover,Sankosha,DP-250-RU,Master Finish Head Plate,MFHP-1839,,,Utility 42 in,false,,
dc-sankosha-dp-255-ru-san-1840-utility-42-in,Buckeye Dry Cleaning Pads & Covers 2026,/catalogs/dry-cleaning-catalog.pdf,58,Sankosha buck pads and head pad/cover,Sankosha,DP-255-RU,Pad/Cover,SAN-1840,,,Utility 42 in,false,,
dc-sankosha-dp-255-ru-san-1839-utility-42-in,Buckeye Dry Cleaning Pads & Covers 2026,/catalogs/dry-cleaning-catalog.pdf,58,Sankosha buck pads and head pad/cover,Sankosha,DP-255-RU,Soft Head Pad/Cover,SAN-1839,,,Utility 42 in,false,,
dc-sankosha-dp-255-ru-mfhp-1839-utility-42-in,Buckeye Dry Cleaning Pads & Covers 2026,/catalogs/dry-cleaning-catalog.pdf,58,Sankosha buck pads and head pad/cover,Sankosha,DP-255-RU,Master Finish Head Plate,MFHP-1839,,,Utility 42 in,false,,
dc-sankosha-kmp-250-san-1840-utility-42-in,Buckeye Dry Cleaning Pads & Covers 2026,/catalogs/dry-cleaning-catalog.pdf,58,Sankosha buck pads and head pad/cover,Sankosha,KMP-250,Pad/Cover,SAN-1840,,,Utility 42 in,false,,
dc-sankosha-kmp-250-san-1839-utility-42-in,Buckeye Dry Cleaning Pads & Covers 2026,/catalogs/dry-cleaning-catalog.pdf,58,Sankosha buck pads and head pad/cover,Sankosha,KMP-250,Soft Head Pad/Cover,SAN-1839,,,Utility 42 in,false,,
dc-sankosha-kmp-250-mfhp-1839-utility-42-in,Buckeye Dry Cleaning Pads & Covers 2026,/catalogs/dry-cleaning-catalog.pdf,58,Sankosha buck pads and head pad/cover,Sankosha,KMP-250,Master Finish Head Plate,MFHP-1839,,,Utility 42 in,false,,
dc-sankosha-dp-420-san-845-utility-45-in,Buckeye Dry Cleaning Pads & Covers 2026,/catalogs/dry-cleaning-catalog.pdf,58,Sankosha buck pads and head pad/cover,Sankosha,DP-420,Pad/Cover,SAN-845,,,Utility 45 in,false,,
dc-sankosha-dp-420-san-17-utility-45-in,Buckeye Dry Cleaning Pads & Covers 2026,/catalogs/dry-cleaning-catalog.pdf,58,Sankosha buck pads and head pad/cover,Sankosha,DP-420,Soft Head Pad/Cover,SAN-17,,,Utility 45 in,false,,
dc-sankosha-dp-420-mfhp-17-utility-45-in,Buckeye Dry Cleaning Pads & Covers 2026,/catalogs/dry-cleaning-catalog.pdf,58,Sankosha buck pads and head pad/cover,Sankosha,DP-420,Master Finish Head Plate,MFHP-17,,,Utility 45 in,false,,
dc-sankosha-dp-445-ru-san-845-utility-45-in,Buckeye Dry Cleaning Pads & Covers 2026,/catalogs/dry-cleaning-catalog.pdf,58,Sankosha buck pads and head pad/cover,Sankosha,DP-445-RU,Pad/Cover,SAN-845,,,Utility 45 in,false,,
dc-sankosha-dp-445-ru-san-17-utility-45-in,Buckeye Dry Cleaning Pads & Covers 2026,/catalogs/dry-cleaning-catalog.pdf,58,Sankosha buck pads and head pad/cover,Sankosha,DP-445-RU,Soft Head Pad/Cover,SAN-17,,,Utility 45 in,false,,
dc-sankosha-dp-445-ru-mfhp-17-utility-45-in,Buckeye Dry Cleaning Pads & Covers 2026,/catalogs/dry-cleaning-catalog.pdf,58,Sankosha buck pads and head pad/cover,Sankosha,DP-445-RU,Master Finish Head Plate,MFHP-17,,,Utility 45 in,false,,
dc-sankosha-dp-446-u-san-850-legger,Buckeye Dry Cleaning Pads & Covers 2026,/catalogs/dry-cleaning-catalog.pdf,58,Sankosha buck pads and head pad/cover,Sankosha,DP-446-U,Pad/Cover,SAN-850,,,Legger,false,,
dc-sankosha-dp-446-u-san-2558-legger,Buckeye Dry Cleaning Pads & Covers 2026,/catalogs/dry-cleaning-catalog.pdf,58,Sankosha buck pads and head pad/cover,Sankosha,DP-446-U,Soft Head Pad/Cover,SAN-2558,,,Legger,false,,
dc-sankosha-dp-446-u-mfhp-2558-legger,Buckeye Dry Cleaning Pads & Covers 2026,/catalogs/dry-cleaning-catalog.pdf,58,Sankosha buck pads and head pad/cover,Sankosha,DP-446-U,Master Finish Head Plate,MFHP-2558,,,Legger,false,,
dc-sankosha-dp-mp-450-san-1830-fast-back-utility-utility,Buckeye Dry Cleaning Pads & Covers 2026,/catalogs/dry-cleaning-catalog.pdf,58,Sankosha buck pads and head pad/cover,Sankosha,DP/MP-450,Pad/Cover,SAN-1830,,,Fast Back Utility / Utility,false,,
dc-sankosha-dp-mp-450-san-1804-fast-back-utility-utility,Buckeye Dry Cleaning Pads & Covers 2026,/catalogs/dry-cleaning-catalog.pdf,58,Sankosha buck pads and head pad/cover,Sankosha,DP/MP-450,Soft Head Pad/Cover,SAN-1804,,,Fast Back Utility / Utility,false,,
dc-sankosha-dp-mp-450-mfhp-1804-fast-back-utility-utility,Buckeye Dry Cleaning Pads & Covers 2026,/catalogs/dry-cleaning-catalog.pdf,58,Sankosha buck pads and head pad/cover,Sankosha,DP/MP-450,Master Finish Head Plate,MFHP-1804,,,Fast Back Utility / Utility,false,,
dc-sankosha-mp-450-san-1830-fast-back-utility-utility,Buckeye Dry Cleaning Pads & Covers 2026,/catalogs/dry-cleaning-catalog.pdf,58,Sankosha buck pads and head pad/cover,Sankosha,MP-450,Pad/Cover,SAN-1830,,,Fast Back Utility / Utility,false,,
dc-sankosha-mp-450-san-1804-fast-back-utility-utility,Buckeye Dry Cleaning Pads & Covers 2026,/catalogs/dry-cleaning-catalog.pdf,58,Sankosha buck pads and head pad/cover,Sankosha,MP-450,Soft Head Pad/Cover,SAN-1804,,,Fast Back Utility / Utility,false,,
dc-sankosha-mp-450-mfhp-1804-fast-back-utility-utility,Buckeye Dry Cleaning Pads & Covers 2026,/catalogs/dry-cleaning-catalog.pdf,58,Sankosha buck pads and head pad/cover,Sankosha,MP-450,Master Finish Head Plate,MFHP-1804,,,Fast Back Utility / Utility,false,,
dc-sankosha-mp-550-san-1830-fast-back-utility-utility,Buckeye Dry Cleaning Pads & Covers 2026,/catalogs/dry-cleaning-catalog.pdf,58,Sankosha buck pads and head pad/cover,Sankosha,MP-550,Pad/Cover,SAN-1830,,,Fast Back Utility / Utility,false,,
dc-sankosha-mp-550-san-1804-fast-back-utility-utility,Buckeye Dry Cleaning Pads & Covers 2026,/catalogs/dry-cleaning-catalog.pdf,58,Sankosha buck pads and head pad/cover,Sankosha,MP-550,Soft Head Pad/Cover,SAN-1804,,,Fast Back Utility / Utility,false,,
dc-sankosha-mp-550-mfhp-1804-fast-back-utility-utility,Buckeye Dry Cleaning Pads & Covers 2026,/catalogs/dry-cleaning-catalog.pdf,58,Sankosha buck pads and head pad/cover,Sankosha,MP-550,Master Finish Head Plate,MFHP-1804,,,Fast Back Utility / Utility,false,,
dc-sankosha-dp-610-san-1870-legger,Buckeye Dry Cleaning Pads & Covers 2026,/catalogs/dry-cleaning-catalog.pdf,58,Sankosha buck pads and head pad/cover,Sankosha,DP-610,Pad/Cover,SAN-1870,,,Legger,false,,
dc-sankosha-dp-610-san-1847-legger,Buckeye Dry Cleaning Pads & Covers 2026,/catalogs/dry-cleaning-catalog.pdf,58,Sankosha buck pads and head pad/cover,Sankosha,DP-610,Soft Head Pad/Cover,SAN-1847,,,Legger,false,,
dc-sankosha-dp-610-mfhp-1847-legger,Buckeye Dry Cleaning Pads & Covers 2026,/catalogs/dry-cleaning-catalog.pdf,58,Sankosha buck pads and head pad/cover,Sankosha,DP-610,Master Finish Head Plate,MFHP-1847,,,Legger,false,,
dc-sankosha-mp-850-set-1850-double-legger,Buckeye Dry Cleaning Pads & Covers 2026,/catalogs/dry-cleaning-catalog.pdf,58,Sankosha buck pads and head pad/cover,Sankosha,MP-850,Set,SET-1850,,,Double Legger,false,,"Set includes top, bottom, center leaf, pants rest, and bar cover; head cover/pad included in set."
dc-sankosha-mp-860-set-1860-double-legger,Buckeye Dry Cleaning Pads & Covers 2026,/catalogs/dry-cleaning-catalog.pdf,58,Sankosha buck pads and head pad/cover,Sankosha,MP-860,Set,SET-1860,,,Double Legger,false,,"Set includes top, bottom, center leaf, pants rest, and bar cover; head cover/pad included in set."
dc-sankosha-dp-870-u-set-1871-double-legger,Buckeye Dry Cleaning Pads & Covers 2026,/catalogs/dry-cleaning-catalog.pdf,58,Sankosha buck pads and head pad/cover,Sankosha,DP-870-U,Set,SET-1871,,,Double Legger,false,,"Set includes top, bottom, center leaf, pants rest, and bar cover; head cover/pad included in set."
dc-sankosha-wf-50-1959-upper-cover,Buckeye Dry Cleaning Pads & Covers 2026,/catalogs/dry-cleaning-catalog.pdf,58,Sankosha form finisher and tensioning equipment,Sankosha,WF-50,Cover,1959,,,Upper Cover,false,,
dc-sankosha-wf-50-1970-lower-bag-assembly,Buckeye Dry Cleaning Pads & Covers 2026,/catalogs/dry-cleaning-catalog.pdf,58,Sankosha form finisher and tensioning equipment,Sankosha,WF-50,Bag Assembly,1970,,,Lower Bag Assembly,false,,
dc-sankosha-wf-50-1962-front-clamp-cover-pad,Buckeye Dry Cleaning Pads & Covers 2026,/catalogs/dry-cleaning-catalog.pdf,58,Sankosha form finisher and tensioning equipment,Sankosha,WF-50,Clamp Cover/Pad,1962,,6 1/2 x 13,Front Clamp Cover/Pad,false,,
dc-sankosha-wf-50-1966-rear-clamp-cover-pad,Buckeye Dry Cleaning Pads & Covers 2026,/catalogs/dry-cleaning-catalog.pdf,58,Sankosha form finisher and tensioning equipment,Sankosha,WF-50,Clamp Cover/Pad,1966,,6 1/2 x 13,Rear Clamp Cover/Pad,false,,
dc-sankosha-wf-50-set-1968-inside-clamp-cover-foam-pads,Buckeye Dry Cleaning Pads & Covers 2026,/catalogs/dry-cleaning-catalog.pdf,58,Sankosha form finisher and tensioning equipment,Sankosha,WF-50,Inside Cover/Foam Pads,SET-1968,,,Inside Clamp Cover/Foam Pads,false,Set of 6,
dc-sankosha-df-50-2280-upper-cover,Buckeye Dry Cleaning Pads & Covers 2026,/catalogs/dry-cleaning-catalog.pdf,58,Sankosha form finisher and tensioning equipment,Sankosha,DF-50,Cover,2280,,,Upper Cover,false,,
dc-sankosha-df-50-2287-lower-bag-assembly,Buckeye Dry Cleaning Pads & Covers 2026,/catalogs/dry-cleaning-catalog.pdf,58,Sankosha form finisher and tensioning equipment,Sankosha,DF-50,Bag Assembly,2287,,,Lower Bag Assembly,false,,
dc-sankosha-df-50-2290-front-rear-clamp-covers,Buckeye Dry Cleaning Pads & Covers 2026,/catalogs/dry-cleaning-catalog.pdf,58,Sankosha form finisher and tensioning equipment,Sankosha,DF-50,Clamp Covers,2290,,6 1/2 x 14,Front/Rear Clamp Covers,false,Requires 2,
dc-sankosha-df-50-2283-side-clamp-covers,Buckeye Dry Cleaning Pads & Covers 2026,/catalogs/dry-cleaning-catalog.pdf,58,Sankosha form finisher and tensioning equipment,Sankosha,DF-50,Side Clamp Covers,2283,,5 x 8,Side Clamp Covers,false,Requires 2,
dc-sankosha-cn-50-2509-upper-body-cover,Buckeye Dry Cleaning Pads & Covers 2026,/catalogs/dry-cleaning-catalog.pdf,58,Sankosha form finisher and tensioning equipment,Sankosha,CN-50,Cover,2509,,,Upper Body Cover,false,,
dc-sankosha-cn-50-2512-shoulder-covers,Buckeye Dry Cleaning Pads & Covers 2026,/catalogs/dry-cleaning-catalog.pdf,58,Sankosha form finisher and tensioning equipment,Sankosha,CN-50,Shoulder Covers,2512,,,Shoulder Covers,false,2 required,
dc-sankosha-cn-50-1970-lower-bag-assembly,Buckeye Dry Cleaning Pads & Covers 2026,/catalogs/dry-cleaning-catalog.pdf,58,Sankosha form finisher and tensioning equipment,Sankosha,CN-50,Bag Assembly,1970,,,Lower Bag Assembly,false,,
dc-sankosha-cn-50-1962-front-clamp-cover,Buckeye Dry Cleaning Pads & Covers 2026,/catalogs/dry-cleaning-catalog.pdf,58,Sankosha form finisher and tensioning equipment,Sankosha,CN-50,Clamp Cover,1962,,6 1/2 x 13,Front Clamp Cover,false,,
dc-sankosha-cn-50-1966-rear-clamp-cover,Buckeye Dry Cleaning Pads & Covers 2026,/catalogs/dry-cleaning-catalog.pdf,58,Sankosha form finisher and tensioning equipment,Sankosha,CN-50,Clamp Cover,1966,,6 1/2 x 13,Rear Clamp Cover,false,,
dc-sankosha-cn-50-set-1968-inside-cover-pads,Buckeye Dry Cleaning Pads & Covers 2026,/catalogs/dry-cleaning-catalog.pdf,58,Sankosha form finisher and tensioning equipment,Sankosha,CN-50,Inside Cover/Pads,SET-1968,,,Inside Cover/Pads,false,,
dc-sankosha-df-550-u-df-550-e-kf-550-u-wa-2196-cover,Buckeye Dry Cleaning Pads & Covers 2026,/catalogs/dry-cleaning-catalog.pdf,58,Sankosha form finisher and tensioning equipment,Sankosha,DF-550-U / DF-550-E / KF-550-U,Cover,WA-2196,,,Cover,false,,
dc-sankosha-df-550-u-df-550-e-kf-550-u-db-2196-pad-20-oz,Buckeye Dry Cleaning Pads & Covers 2026,/catalogs/dry-cleaning-catalog.pdf,58,Sankosha form finisher and tensioning equipment,Sankosha,DF-550-U / DF-550-E / KF-550-U,Pad,DB-2196,,,Pad 20 oz,false,,
dc-sankosha-df-550-u-df-550-e-kf-550-u-wa-2197-tail-clamp-cover,Buckeye Dry Cleaning Pads & Covers 2026,/catalogs/dry-cleaning-catalog.pdf,58,Sankosha form finisher and tensioning equipment,Sankosha,DF-550-U / DF-550-E / KF-550-U,Tail Clamp Cover,WA-2197,,,Tail Clamp Cover,false,,
dc-sankosha-df-550-u-df-550-e-kf-550-u-wa-2198-shoulder-expander-cover,Buckeye Dry Cleaning Pads & Covers 2026,/catalogs/dry-cleaning-catalog.pdf,58,Sankosha form finisher and tensioning equipment,Sankosha,DF-550-U / DF-550-E / KF-550-U,Shoulder Expander Cover,WA-2198,,,Shoulder Expander Cover,false,2 required,
dc-sankosha-df-550-u-df-550-e-kf-550-u-db-2198-shoulder-expander-pad,Buckeye Dry Cleaning Pads & Covers 2026,/catalogs/dry-cleaning-catalog.pdf,58,Sankosha form finisher and tensioning equipment,Sankosha,DF-550-U / DF-550-E / KF-550-U,Shoulder Expander Pad,DB-2198,,,Shoulder Expander Pad,false,2 required,
dc-sankosha-df-550-u-df-550-e-kf-550-u-2199-collar-support,Buckeye Dry Cleaning Pads & Covers 2026,/catalogs/dry-cleaning-catalog.pdf,58,Sankosha form finisher and tensioning equipment,Sankosha,DF-550-U / DF-550-E / KF-550-U,Collar Support,2199,,,Collar Support,false,,
dc-sankosha-df-550-u-df-550-e-kf-550-u-wafm-2200-left-expander-cover-pad,Buckeye Dry Cleaning Pads & Covers 2026,/catalogs/dry-cleaning-catalog.pdf,58,Sankosha form finisher and tensioning equipment,Sankosha,DF-550-U / DF-550-E / KF-550-U,Expander Cover/Pad,WAFM-2200,,,Left Expander Cover/Pad,false,,
dc-sankosha-df-550-u-df-550-e-kf-550-u-wafm-2202-right-expander-cover-pad,Buckeye Dry Cleaning Pads & Covers 2026,/catalogs/dry-cleaning-catalog.pdf,58,Sankosha form finisher and tensioning equipment,Sankosha,DF-550-U / DF-550-E / KF-550-U,Expander Cover/Pad,WAFM-2202,,,Right Expander Cover/Pad,false,,
dc-sankosha-df-550-u-df-550-e-kf-550-u-wa-2201-front-clamp-cover,Buckeye Dry Cleaning Pads & Covers 2026,/catalogs/dry-cleaning-catalog.pdf,58,Sankosha form finisher and tensioning equipment,Sankosha,DF-550-U / DF-550-E / KF-550-U,Clamp Cover,WA-2201,,4 1/2 x 32,Front Clamp Cover,false,,
dc-sankosha-df-550-u-df-550-e-kf-550-u-fm-2201-front-clamp-foam-pad,Buckeye Dry Cleaning Pads & Covers 2026,/catalogs/dry-cleaning-catalog.pdf,58,Sankosha form finisher and tensioning equipment,Sankosha,DF-550-U / DF-550-E / KF-550-U,Clamp Foam Pad,FM-2201,,4 1/2 x 32,Front Clamp Foam Pad,false,,
dc-sankosha-df-550-u-df-550-e-kf-550-u-2203-tuck-clamp-covers,Buckeye Dry Cleaning Pads & Covers 2026,/catalogs/dry-cleaning-catalog.pdf,58,Sankosha form finisher and tensioning equipment,Sankosha,DF-550-U / DF-550-E / KF-550-U,Tuck Clamp Covers,2203,,3 1/2 x 11,Tuck Clamp Covers,false,4 required,
dc-sankosha-df100uv2-df100uv-rotary-jacket-former-2525-upper-cover,Buckeye Dry Cleaning Pads & Covers 2026,/catalogs/dry-cleaning-catalog.pdf,59,Sankosha form finisher,Sankosha,DF100UV2 / DF100UV Rotary Jacket Former,Cover,2525,,,Upper Cover,false,,
dc-sankosha-df100uv2-df100uv-rotary-jacket-former-2495-lower-bag-assembly,Buckeye Dry Cleaning Pads & Covers 2026,/catalogs/dry-cleaning-catalog.pdf,59,Sankosha form finisher,Sankosha,DF100UV2 / DF100UV Rotary Jacket Former,Bag Assembly,2495,,,Lower Bag Assembly,false,,
dc-sankosha-df100uv2-df100uv-rotary-jacket-former-2522-front-clamp-cover,Buckeye Dry Cleaning Pads & Covers 2026,/catalogs/dry-cleaning-catalog.pdf,59,Sankosha form finisher,Sankosha,DF100UV2 / DF100UV Rotary Jacket Former,Clamp Cover,2522,,8 x 15,Front Clamp Cover,false,,
dc-sankosha-df100uv2-df100uv-rotary-jacket-former-2523-front-clamp-foam-pad,Buckeye Dry Cleaning Pads & Covers 2026,/catalogs/dry-cleaning-catalog.pdf,59,Sankosha form finisher,Sankosha,DF100UV2 / DF100UV Rotary Jacket Former,Clamp Foam Pad,2523,,,Front Clamp Foam Pad,false,,
dc-sankosha-df100uv2-df100uv-rotary-jacket-former-2526-rear-clamp-cover,Buckeye Dry Cleaning Pads & Covers 2026,/catalogs/dry-cleaning-catalog.pdf,59,Sankosha form finisher,Sankosha,DF100UV2 / DF100UV Rotary Jacket Former,Clamp Cover,2526,,6 x 15,Rear Clamp Cover,false,,
dc-sankosha-df100uv2-df100uv-rotary-jacket-former-2527-rear-clamp-foam-pad,Buckeye Dry Cleaning Pads & Covers 2026,/catalogs/dry-cleaning-catalog.pdf,59,Sankosha form finisher,Sankosha,DF100UV2 / DF100UV Rotary Jacket Former,Clamp Foam Pad,2527,,,Rear Clamp Foam Pad,false,,
dc-sankosha-df100uv2-df100uv-rotary-jacket-former-2528-side-clamp-cover,Buckeye Dry Cleaning Pads & Covers 2026,/catalogs/dry-cleaning-catalog.pdf,59,Sankosha form finisher,Sankosha,DF100UV2 / DF100UV Rotary Jacket Former,Side Clamp Cover,2528,,,Side Clamp Cover,false,Requires 2,
dc-sankosha-df100uv2-df100uv-rotary-jacket-former-2529-side-clamp-foam-pads,Buckeye Dry Cleaning Pads & Covers 2026,/catalogs/dry-cleaning-catalog.pdf,59,Sankosha form finisher,Sankosha,DF100UV2 / DF100UV Rotary Jacket Former,Side Clamp Foam Pads,2529,,,Side Clamp Foam Pads,false,Requires 2,
dc-sankosha-df100uv2-df100uv-rotary-jacket-former-set-2530-side-vent-clamp-cover,Buckeye Dry Cleaning Pads & Covers 2026,/catalogs/dry-cleaning-catalog.pdf,59,Sankosha form finisher,Sankosha,DF100UV2 / DF100UV Rotary Jacket Former,Side Vent Clamp Cover,SET-2530,,,Side Vent Clamp Cover,false,Set of 2,
dc-sankosha-df100uv2-df100uv-rotary-jacket-former-set-2531-side-vent-clamp-holder-cover,Buckeye Dry Cleaning Pads & Covers 2026,/catalogs/dry-cleaning-catalog.pdf,59,Sankosha form finisher,Sankosha,DF100UV2 / DF100UV Rotary Jacket Former,Side Vent Clamp Holder Cover,SET-2531,,,Side Vent Clamp Holder Cover,false,Set of 2,
dc-sankosha-df100uv2-df100uv-rotary-jacket-former-2532-side-vent-pads,Buckeye Dry Cleaning Pads & Covers 2026,/catalogs/dry-cleaning-catalog.pdf,59,Sankosha form finisher,Sankosha,DF100UV2 / DF100UV Rotary Jacket Former,Side Vent Pads,2532,,,Side Vent Pads,false,Requires 4,
dc-sankosha-mf250-2599-cover,Buckeye Dry Cleaning Pads & Covers 2026,/catalogs/dry-cleaning-catalog.pdf,59,Sankosha form finisher,Sankosha,MF250,Cover,2599,,,Cover,false,,
dc-sankosha-mf250-fb-2648-front-clamp-receiver-pad,Buckeye Dry Cleaning Pads & Covers 2026,/catalogs/dry-cleaning-catalog.pdf,59,Sankosha form finisher,Sankosha,MF250,Pad,FB-2648,,,Front Clamp Receiver Pad,false,,
dc-sankosha-mf250-db-2650-rear-clamp-receiver-pad,Buckeye Dry Cleaning Pads & Covers 2026,/catalogs/dry-cleaning-catalog.pdf,59,Sankosha form finisher,Sankosha,MF250,Pad,DB-2650,,,Rear Clamp Receiver Pad,false,,
dc-sankosha-mf250-wa-2652-front-clamp-cover,Buckeye Dry Cleaning Pads & Covers 2026,/catalogs/dry-cleaning-catalog.pdf,59,Sankosha form finisher,Sankosha,MF250,Clamp Cover,WA-2652,,,Front Clamp Cover,false,,
dc-sankosha-mf250-db-2654-front-clamp-pad,Buckeye Dry Cleaning Pads & Covers 2026,/catalogs/dry-cleaning-catalog.pdf,59,Sankosha form finisher,Sankosha,MF250,Clamp Pad,DB-2654,,,Front Clamp Pad,false,,
dc-sankosha-mf250-wadb-2656-rear-tail-clamp-cover-pad,Buckeye Dry Cleaning Pads & Covers 2026,/catalogs/dry-cleaning-catalog.pdf,59,Sankosha form finisher,Sankosha,MF250,Cover/Pad,WADB-2656,,,Rear Tail Clamp Cover/Pad,false,,
dc-sankosha-mf250-2658-cuff-cover-upper-lower,Buckeye Dry Cleaning Pads & Covers 2026,/catalogs/dry-cleaning-catalog.pdf,59,Sankosha form finisher,Sankosha,MF250,Cuff Cover,2658,,,Cuff Cover Upper/Lower,false,Requires 4,
dc-sankosha-mf250-fm-2649-cuff-silicone-foam-pad-upper-lower,Buckeye Dry Cleaning Pads & Covers 2026,/catalogs/dry-cleaning-catalog.pdf,59,Sankosha form finisher,Sankosha,MF250,Silicone Foam Pad,FM-2649,,,Cuff Silicone Foam Pad Upper/Lower,false,Requires 4,
dc-sankosha-mf250-2660-middle-cuff-cover,Buckeye Dry Cleaning Pads & Covers 2026,/catalogs/dry-cleaning-catalog.pdf,59,Sankosha form finisher,Sankosha,MF250,Cuff Cover,2660,,,Middle Cuff Cover,false,Requires 2,
dc-sankosha-mf250-2651-side-clamp-cover,Buckeye Dry Cleaning Pads & Covers 2026,/catalogs/dry-cleaning-catalog.pdf,59,Sankosha form finisher,Sankosha,MF250,Side Clamp Cover,2651,,,Side Clamp Cover,false,Requires 2,
dc-sankosha-mf250-2653-neck-clamp-cover,Buckeye Dry Cleaning Pads & Covers 2026,/catalogs/dry-cleaning-catalog.pdf,59,Sankosha form finisher,Sankosha,MF250,Neck Clamp Cover,2653,,,Neck Clamp Cover,false,,
dc-sankosha-mf250-fm-2655-neck-clamp-silicone,Buckeye Dry Cleaning Pads & Covers 2026,/catalogs/dry-cleaning-catalog.pdf,59,Sankosha form finisher,Sankosha,MF250,Neck Clamp Silicone,FM-2655,,,Neck Clamp Silicone,false,,
dc-sankosha-mf250-2662-upper-short-sleeve-cover,Buckeye Dry Cleaning Pads & Covers 2026,/catalogs/dry-cleaning-catalog.pdf,59,Sankosha form finisher,Sankosha,MF250,Short Sleeve Cover,2662,,,Upper Short Sleeve Cover,false,Requires 2,
dc-sankosha-mf250-2661-lower-short-sleeve-cover,Buckeye Dry Cleaning Pads & Covers 2026,/catalogs/dry-cleaning-catalog.pdf,59,Sankosha form finisher,Sankosha,MF250,Short Sleeve Cover,2661,,,Lower Short Sleeve Cover,false,Requires 2,
dc-sankosha-mf250uv2-2680-cover,Buckeye Dry Cleaning Pads & Covers 2026,/catalogs/dry-cleaning-catalog.pdf,60,Sankosha form finisher,Sankosha,MF250UV2,Cover,2680,,,Cover,false,,
dc-sankosha-mf250uv2-fb-2648-front-clamp-receiver-pad,Buckeye Dry Cleaning Pads & Covers 2026,/catalogs/dry-cleaning-catalog.pdf,60,Sankosha form finisher,Sankosha,MF250UV2,Pad,FB-2648,,,Front Clamp Receiver Pad,false,,
dc-sankosha-mf250uv2-db-2650-rear-clamp-receiver-pad,Buckeye Dry Cleaning Pads & Covers 2026,/catalogs/dry-cleaning-catalog.pdf,60,Sankosha form finisher,Sankosha,MF250UV2,Pad,DB-2650,,,Rear Clamp Receiver Pad,false,,
dc-sankosha-mf250uv2-wa-2652-front-clamp-cover,Buckeye Dry Cleaning Pads & Covers 2026,/catalogs/dry-cleaning-catalog.pdf,60,Sankosha form finisher,Sankosha,MF250UV2,Clamp Cover,WA-2652,,,Front Clamp Cover,false,,
dc-sankosha-mf250uv2-db-2654-front-clamp-pad,Buckeye Dry Cleaning Pads & Covers 2026,/catalogs/dry-cleaning-catalog.pdf,60,Sankosha form finisher,Sankosha,MF250UV2,Clamp Pad,DB-2654,,,Front Clamp Pad,false,,
dc-sankosha-mf250uv2-wadb-2656-rear-tail-clamp-cover-pad,Buckeye Dry Cleaning Pads & Covers 2026,/catalogs/dry-cleaning-catalog.pdf,60,Sankosha form finisher,Sankosha,MF250UV2,Cover/Pad,WADB-2656,,,Rear Tail Clamp Cover/Pad,false,,
dc-sankosha-mf250uv2-2658-cuff-cover-upper-lower,Buckeye Dry Cleaning Pads & Covers 2026,/catalogs/dry-cleaning-catalog.pdf,60,Sankosha form finisher,Sankosha,MF250UV2,Cuff Cover,2658,,,Cuff Cover Upper/Lower,false,Requires 4,
dc-sankosha-mf250uv2-fm-2649-cuff-silicone-foam-pad-upper-lower,Buckeye Dry Cleaning Pads & Covers 2026,/catalogs/dry-cleaning-catalog.pdf,60,Sankosha form finisher,Sankosha,MF250UV2,Silicone Foam Pad,FM-2649,,,Cuff Silicone Foam Pad Upper/Lower,false,Requires 4,
dc-sankosha-mf250uv2-2660-middle-cuff-cover,Buckeye Dry Cleaning Pads & Covers 2026,/catalogs/dry-cleaning-catalog.pdf,60,Sankosha form finisher,Sankosha,MF250UV2,Cuff Cover,2660,,,Middle Cuff Cover,false,Requires 2,
dc-sankosha-mf250uv2-2651-side-clamp-cover,Buckeye Dry Cleaning Pads & Covers 2026,/catalogs/dry-cleaning-catalog.pdf,60,Sankosha form finisher,Sankosha,MF250UV2,Side Clamp Cover,2651,,,Side Clamp Cover,false,Requires 2,
dc-sankosha-mf250uv2-2653-neck-clamp-cover,Buckeye Dry Cleaning Pads & Covers 2026,/catalogs/dry-cleaning-catalog.pdf,60,Sankosha form finisher,Sankosha,MF250UV2,Neck Clamp Cover,2653,,,Neck Clamp Cover,false,,
dc-sankosha-mf250uv2-fm-2655-neck-clamp-silicone,Buckeye Dry Cleaning Pads & Covers 2026,/catalogs/dry-cleaning-catalog.pdf,60,Sankosha form finisher,Sankosha,MF250UV2,Neck Clamp Silicone,FM-2655,,,Neck Clamp Silicone,false,,
dc-sankosha-mf250uv2-2662-upper-short-sleeve-cover,Buckeye Dry Cleaning Pads & Covers 2026,/catalogs/dry-cleaning-catalog.pdf,60,Sankosha form finisher,Sankosha,MF250UV2,Short Sleeve Cover,2662,,,Upper Short Sleeve Cover,false,Requires 2,
dc-sankosha-mf250uv2-2661-lower-short-sleeve-cover,Buckeye Dry Cleaning Pads & Covers 2026,/catalogs/dry-cleaning-catalog.pdf,60,Sankosha form finisher,Sankosha,MF250UV2,Short Sleeve Cover,2661,,,Lower Short Sleeve Cover,false,Requires 2,
dc-sankosha-wt-700-wf-720-1750-cover-and-pad-combo-w-open-cell-foam-pad,Buckeye Dry Cleaning Pads & Covers 2026,/catalogs/dry-cleaning-catalog.pdf,61,Sankosha covers and pads for pants toppers,Sankosha,WT-700 / WF-720,Cover/Pad Combo,1750,,,Cover and Pad Combo w/Open Cell Foam Pad,false,,
dc-sankosha-wt-700-wf-720-1732-cover-only,Buckeye Dry Cleaning Pads & Covers 2026,/catalogs/dry-cleaning-catalog.pdf,61,Sankosha covers and pads for pants toppers,Sankosha,WT-700 / WF-720,Cover,1732,,,Cover Only,false,,
dc-sankosha-wt-700-wf-720-1533-open-cell-foam-pad-only,Buckeye Dry Cleaning Pads & Covers 2026,/catalogs/dry-cleaning-catalog.pdf,61,Sankosha covers and pads for pants toppers,Sankosha,WT-700 / WF-720,Foam Pad,1533,,,Open Cell Foam Pad Only,false,,
dc-sankosha-wt-700-wf-720-1749-clamp-cover-pad,Buckeye Dry Cleaning Pads & Covers 2026,/catalogs/dry-cleaning-catalog.pdf,61,Sankosha covers and pads for pants toppers,Sankosha,WT-700 / WF-720,Clamp Cover/Pad,1749,,13 x 6,Clamp Cover/Pad,false,Req 2,
dc-sankosha-wt-700-wf-720-2372-cuff-clamps-cover-6-in,Buckeye Dry Cleaning Pads & Covers 2026,/catalogs/dry-cleaning-catalog.pdf,61,Sankosha covers and pads for pants toppers,Sankosha,WT-700 / WF-720,Cuff Clamp Cover,2372,,,Cuff Clamps Cover 6 in,false,Req 2,
dc-sankosha-wt-700-wf-720-2368-cuff-clamps-cover-10-in,Buckeye Dry Cleaning Pads & Covers 2026,/catalogs/dry-cleaning-catalog.pdf,61,Sankosha covers and pads for pants toppers,Sankosha,WT-700 / WF-720,Cuff Clamp Cover,2368,,,Cuff Clamps Cover 10 in,false,Req 2,
dc-sankosha-wf-740-df-740-df-740-v2-1885-cover-and-pad-combo-w-open-cell-foam-pad,Buckeye Dry Cleaning Pads & Covers 2026,/catalogs/dry-cleaning-catalog.pdf,61,Sankosha covers and pads for pants toppers,Sankosha,WF-740 / DF-740 / DF-740 V2,Cover/Pad Combo,1885,,,Cover and Pad Combo w/Open Cell Foam Pad,false,,
dc-sankosha-wf-740-df-740-df-740-v2-1812-cover-only,Buckeye Dry Cleaning Pads & Covers 2026,/catalogs/dry-cleaning-catalog.pdf,61,Sankosha covers and pads for pants toppers,Sankosha,WF-740 / DF-740 / DF-740 V2,Cover,1812,,,Cover Only,false,,
dc-sankosha-wf-740-df-740-df-740-v2-1876-open-cell-foam-pad-only,Buckeye Dry Cleaning Pads & Covers 2026,/catalogs/dry-cleaning-catalog.pdf,61,Sankosha covers and pads for pants toppers,Sankosha,WF-740 / DF-740 / DF-740 V2,Foam Pad,1876,,,Open Cell Foam Pad Only,false,,
dc-sankosha-wf-740-df-740-df-740-v2-1477-clamp-cover-pad,Buckeye Dry Cleaning Pads & Covers 2026,/catalogs/dry-cleaning-catalog.pdf,61,Sankosha covers and pads for pants toppers,Sankosha,WF-740 / DF-740 / DF-740 V2,Clamp Cover/Pad,1477,,14 1/2 x 5 1/2,Clamp Cover/Pad,false,Req 2,
dc-sankosha-wf-740-df-740-df-740-v2-2372-pant-cuff-clamp-cover-6-in,Buckeye Dry Cleaning Pads & Covers 2026,/catalogs/dry-cleaning-catalog.pdf,61,Sankosha covers and pads for pants toppers,Sankosha,WF-740 / DF-740 / DF-740 V2,Pant Cuff Clamp Cover,2372,,,Pant Cuff Clamp Cover 6 in,false,Req 2,
dc-sankosha-wf-740-df-740-df-740-v2-2368-pant-cuff-clamp-cover-10-in,Buckeye Dry Cleaning Pads & Covers 2026,/catalogs/dry-cleaning-catalog.pdf,61,Sankosha covers and pads for pants toppers,Sankosha,WF-740 / DF-740 / DF-740 V2,Pant Cuff Clamp Cover,2368,,,Pant Cuff Clamp Cover 10 in,false,Req 2,
dc-sidi-pony-camptel-legger-pro-1275,Buckeye Dry Cleaning Pads & Covers 2026,/catalogs/dry-cleaning-catalog.pdf,61,Sidi/Pony/Camptel buck pads and head plates,Sidi/Pony/Camptel,LEGGER,Pad/Cover,PRO-1275,Tan Pro-Finish 861,47 x 19 x 1,Legger w/cut-out,true,,
dc-sidi-pony-camptel-legger-rpro-1275,Buckeye Dry Cleaning Pads & Covers 2026,/catalogs/dry-cleaning-catalog.pdf,61,Sidi/Pony/Camptel buck pads and head plates,Sidi/Pony/Camptel,LEGGER,Pad/Cover,RPRO-1275,Red Pro-Finish 861,47 x 19 x 1,Legger w/cut-out,true,,
dc-sidi-pony-camptel-legger-mfhp-156,Buckeye Dry Cleaning Pads & Covers 2026,/catalogs/dry-cleaning-catalog.pdf,61,Sidi/Pony/Camptel buck pads and head plates,Sidi/Pony/Camptel,LEGGER,Head Plate,MFHP-156,White Master Finish,47 x 19 x 1,Legger w/cut-out,true,,
dc-sidi-pony-camptel-legger-bmfhp-156,Buckeye Dry Cleaning Pads & Covers 2026,/catalogs/dry-cleaning-catalog.pdf,61,Sidi/Pony/Camptel buck pads and head plates,Sidi/Pony/Camptel,LEGGER,Head Plate,BMFHP-156,Black Master Finish,47 x 19 x 1,Legger w/cut-out,true,,
dc-sidi-pony-camptel-utility-pro-1225,Buckeye Dry Cleaning Pads & Covers 2026,/catalogs/dry-cleaning-catalog.pdf,61,Sidi/Pony/Camptel buck pads and head plates,Sidi/Pony/Camptel,UTILITY,Pad/Cover,PRO-1225,Tan Pro-Finish 861,48 x 16 1/4 x 10,Utility,true,,
dc-sidi-pony-camptel-utility-rpro-1225,Buckeye Dry Cleaning Pads & Covers 2026,/catalogs/dry-cleaning-catalog.pdf,61,Sidi/Pony/Camptel buck pads and head plates,Sidi/Pony/Camptel,UTILITY,Pad/Cover,RPRO-1225,Red Pro-Finish 861,48 x 16 1/4 x 10,Utility,true,,
dc-sidi-pony-camptel-utility-mfhp-148,Buckeye Dry Cleaning Pads & Covers 2026,/catalogs/dry-cleaning-catalog.pdf,61,Sidi/Pony/Camptel buck pads and head plates,Sidi/Pony/Camptel,UTILITY,Head Plate,MFHP-148,White Master Finish,48 x 16 1/4 x 10,Utility,true,,
dc-sidi-pony-camptel-utility-bmfhp-148,Buckeye Dry Cleaning Pads & Covers 2026,/catalogs/dry-cleaning-catalog.pdf,61,Sidi/Pony/Camptel buck pads and head plates,Sidi/Pony/Camptel,UTILITY,Head Plate,BMFHP-148,Black Master Finish,48 x 16 1/4 x 10,Utility,true,,
dc-sidi-smb-2380-cover-pad-combo,Buckeye Dry Cleaning Pads & Covers 2026,/catalogs/dry-cleaning-catalog.pdf,61,Sidi tensioning pant topper,Sidi,SMB,Cover/Pad Combo,2380,,,Cover/Pad Combo,false,,Catalog note: requires 2.
dc-stirmatic-cm-280-s-pro-883,Buckeye Dry Cleaning Pads & Covers 2026,/catalogs/dry-cleaning-catalog.pdf,62,Stirmatic buck pads and head plates,Stirmatic,CM-280-S,Pad/Cover,PRO-883,Tan Pro-Finish 861,46 x 13 1/4 x 10,Utility,true,,Grouped Stirmatic catalog table row.
dc-stirmatic-cm-280-s-rpro-883,Buckeye Dry Cleaning Pads & Covers 2026,/catalogs/dry-cleaning-catalog.pdf,62,Stirmatic buck pads and head plates,Stirmatic,CM-280-S,Pad/Cover,RPRO-883,Red Pro-Finish 861,46 x 13 1/4 x 10,Utility,true,,Grouped Stirmatic catalog table row.
dc-stirmatic-cm-280-s-mfhp-129,Buckeye Dry Cleaning Pads & Covers 2026,/catalogs/dry-cleaning-catalog.pdf,62,Stirmatic buck pads and head plates,Stirmatic,CM-280-S,Head Plate,MFHP-129,White Master Finish,46 x 13 1/4 x 10,Utility,true,,Grouped Stirmatic catalog table row.
dc-stirmatic-cm-280-s-bmfhp-129,Buckeye Dry Cleaning Pads & Covers 2026,/catalogs/dry-cleaning-catalog.pdf,62,Stirmatic buck pads and head plates,Stirmatic,CM-280-S,Head Plate,BMFHP-129,Black Master Finish,46 x 13 1/4 x 10,Utility,true,,Grouped Stirmatic catalog table row.
dc-stirmatic-cm-280-s-tgp-129,Buckeye Dry Cleaning Pads & Covers 2026,/catalogs/dry-cleaning-catalog.pdf,62,Stirmatic buck pads and head plates,Stirmatic,CM-280-S,Teflon Grid Plate,TGP-129,Teflon Grid Plate,46 x 13 1/4 x 10,Utility,true,,Grouped Stirmatic catalog table row.
dc-stirmatic-paul-pro-883,Buckeye Dry Cleaning Pads & Covers 2026,/catalogs/dry-cleaning-catalog.pdf,62,Stirmatic buck pads and head plates,Stirmatic,PAUL,Pad/Cover,PRO-883,Tan Pro-Finish 861,46 x 13 1/4 x 10,Utility,true,,Grouped Stirmatic catalog table row.
dc-stirmatic-paul-rpro-883,Buckeye Dry Cleaning Pads & Covers 2026,/catalogs/dry-cleaning-catalog.pdf,62,Stirmatic buck pads and head plates,Stirmatic,PAUL,Pad/Cover,RPRO-883,Red Pro-Finish 861,46 x 13 1/4 x 10,Utility,true,,Grouped Stirmatic catalog table row.
dc-stirmatic-paul-mfhp-129,Buckeye Dry Cleaning Pads & Covers 2026,/catalogs/dry-cleaning-catalog.pdf,62,Stirmatic buck pads and head plates,Stirmatic,PAUL,Head Plate,MFHP-129,White Master Finish,46 x 13 1/4 x 10,Utility,true,,Grouped Stirmatic catalog table row.
dc-stirmatic-paul-bmfhp-129,Buckeye Dry Cleaning Pads & Covers 2026,/catalogs/dry-cleaning-catalog.pdf,62,Stirmatic buck pads and head plates,Stirmatic,PAUL,Head Plate,BMFHP-129,Black Master Finish,46 x 13 1/4 x 10,Utility,true,,Grouped Stirmatic catalog table row.
dc-stirmatic-paul-tgp-129,Buckeye Dry Cleaning Pads & Covers 2026,/catalogs/dry-cleaning-catalog.pdf,62,Stirmatic buck pads and head plates,Stirmatic,PAUL,Teflon Grid Plate,TGP-129,Teflon Grid Plate,46 x 13 1/4 x 10,Utility,true,,Grouped Stirmatic catalog table row.
dc-stirmatic-pau-pro-883,Buckeye Dry Cleaning Pads & Covers 2026,/catalogs/dry-cleaning-catalog.pdf,62,Stirmatic buck pads and head plates,Stirmatic,PAU,Pad/Cover,PRO-883,Tan Pro-Finish 861,46 x 13 1/4 x 10,Utility,true,,Grouped Stirmatic catalog table row.
dc-stirmatic-pau-rpro-883,Buckeye Dry Cleaning Pads & Covers 2026,/catalogs/dry-cleaning-catalog.pdf,62,Stirmatic buck pads and head plates,Stirmatic,PAU,Pad/Cover,RPRO-883,Red Pro-Finish 861,46 x 13 1/4 x 10,Utility,true,,Grouped Stirmatic catalog table row.
dc-stirmatic-pau-mfhp-129,Buckeye Dry Cleaning Pads & Covers 2026,/catalogs/dry-cleaning-catalog.pdf,62,Stirmatic buck pads and head plates,Stirmatic,PAU,Head Plate,MFHP-129,White Master Finish,46 x 13 1/4 x 10,Utility,true,,Grouped Stirmatic catalog table row.
dc-stirmatic-pau-bmfhp-129,Buckeye Dry Cleaning Pads & Covers 2026,/catalogs/dry-cleaning-catalog.pdf,62,Stirmatic buck pads and head plates,Stirmatic,PAU,Head Plate,BMFHP-129,Black Master Finish,46 x 13 1/4 x 10,Utility,true,,Grouped Stirmatic catalog table row.
dc-stirmatic-pau-tgp-129,Buckeye Dry Cleaning Pads & Covers 2026,/catalogs/dry-cleaning-catalog.pdf,62,Stirmatic buck pads and head plates,Stirmatic,PAU,Teflon Grid Plate,TGP-129,Teflon Grid Plate,46 x 13 1/4 x 10,Utility,true,,Grouped Stirmatic catalog table row.
dc-stirmatic-pg-pro-883,Buckeye Dry Cleaning Pads & Covers 2026,/catalogs/dry-cleaning-catalog.pdf,62,Stirmatic buck pads and head plates,Stirmatic,PG,Pad/Cover,PRO-883,Tan Pro-Finish 861,46 x 13 1/4 x 10,Utility,true,,Grouped Stirmatic catalog table row.
dc-stirmatic-pg-rpro-883,Buckeye Dry Cleaning Pads & Covers 2026,/catalogs/dry-cleaning-catalog.pdf,62,Stirmatic buck pads and head plates,Stirmatic,PG,Pad/Cover,RPRO-883,Red Pro-Finish 861,46 x 13 1/4 x 10,Utility,true,,Grouped Stirmatic catalog table row.
dc-stirmatic-pg-mfhp-129,Buckeye Dry Cleaning Pads & Covers 2026,/catalogs/dry-cleaning-catalog.pdf,62,Stirmatic buck pads and head plates,Stirmatic,PG,Head Plate,MFHP-129,White Master Finish,46 x 13 1/4 x 10,Utility,true,,Grouped Stirmatic catalog table row.
dc-stirmatic-pg-bmfhp-129,Buckeye Dry Cleaning Pads & Covers 2026,/catalogs/dry-cleaning-catalog.pdf,62,Stirmatic buck pads and head plates,Stirmatic,PG,Head Plate,BMFHP-129,Black Master Finish,46 x 13 1/4 x 10,Utility,true,,Grouped Stirmatic catalog table row.
dc-stirmatic-pg-tgp-129,Buckeye Dry Cleaning Pads & Covers 2026,/catalogs/dry-cleaning-catalog.pdf,62,Stirmatic buck pads and head plates,Stirmatic,PG,Teflon Grid Plate,TGP-129,Teflon Grid Plate,46 x 13 1/4 x 10,Utility,true,,Grouped Stirmatic catalog table row.
dc-stirmatic-cml-280-s-pro-899,Buckeye Dry Cleaning Pads & Covers 2026,/catalogs/dry-cleaning-catalog.pdf,62,Stirmatic buck pads and head plates,Stirmatic,CML-280-S,Pad/Cover,PRO-899,Tan Pro-Finish 861,45 1/2 x 17 x 13 1/2,Legger w/cut-out/square end,true,,Grouped Stirmatic catalog table row.
dc-stirmatic-cml-280-s-rpro-899,Buckeye Dry Cleaning Pads & Covers 2026,/catalogs/dry-cleaning-catalog.pdf,62,Stirmatic buck pads and head plates,Stirmatic,CML-280-S,Pad/Cover,RPRO-899,Red Pro-Finish 861,45 1/2 x 17 x 13 1/2,Legger w/cut-out/square end,true,,Grouped Stirmatic catalog table row.
dc-stirmatic-cml-280-s-mfhp-163,Buckeye Dry Cleaning Pads & Covers 2026,/catalogs/dry-cleaning-catalog.pdf,62,Stirmatic buck pads and head plates,Stirmatic,CML-280-S,Head Plate,MFHP-163,White Master Finish,45 1/2 x 17 x 13 1/2,Legger w/cut-out/square end,true,,Grouped Stirmatic catalog table row.
dc-stirmatic-cml-280-s-bmfhp-163,Buckeye Dry Cleaning Pads & Covers 2026,/catalogs/dry-cleaning-catalog.pdf,62,Stirmatic buck pads and head plates,Stirmatic,CML-280-S,Head Plate,BMFHP-163,Black Master Finish,45 1/2 x 17 x 13 1/2,Legger w/cut-out/square end,true,,Grouped Stirmatic catalog table row.
dc-stirmatic-cml-280-s-tgp-163,Buckeye Dry Cleaning Pads & Covers 2026,/catalogs/dry-cleaning-catalog.pdf,62,Stirmatic buck pads and head plates,Stirmatic,CML-280-S,Teflon Grid Plate,TGP-163,Teflon Grid Plate,45 1/2 x 17 x 13 1/2,Legger w/cut-out/square end,true,,Grouped Stirmatic catalog table row.
dc-stirmatic-cml-400-pro-899,Buckeye Dry Cleaning Pads & Covers 2026,/catalogs/dry-cleaning-catalog.pdf,62,Stirmatic buck pads and head plates,Stirmatic,CML-400,Pad/Cover,PRO-899,Tan Pro-Finish 861,45 1/2 x 17 x 13 1/2,Legger w/cut-out/square end,true,,Grouped Stirmatic catalog table row.
dc-stirmatic-cml-400-rpro-899,Buckeye Dry Cleaning Pads & Covers 2026,/catalogs/dry-cleaning-catalog.pdf,62,Stirmatic buck pads and head plates,Stirmatic,CML-400,Pad/Cover,RPRO-899,Red Pro-Finish 861,45 1/2 x 17 x 13 1/2,Legger w/cut-out/square end,true,,Grouped Stirmatic catalog table row.
dc-stirmatic-cml-400-mfhp-163,Buckeye Dry Cleaning Pads & Covers 2026,/catalogs/dry-cleaning-catalog.pdf,62,Stirmatic buck pads and head plates,Stirmatic,CML-400,Head Plate,MFHP-163,White Master Finish,45 1/2 x 17 x 13 1/2,Legger w/cut-out/square end,true,,Grouped Stirmatic catalog table row.
dc-stirmatic-cml-400-bmfhp-163,Buckeye Dry Cleaning Pads & Covers 2026,/catalogs/dry-cleaning-catalog.pdf,62,Stirmatic buck pads and head plates,Stirmatic,CML-400,Head Plate,BMFHP-163,Black Master Finish,45 1/2 x 17 x 13 1/2,Legger w/cut-out/square end,true,,Grouped Stirmatic catalog table row.
dc-stirmatic-cml-400-tgp-163,Buckeye Dry Cleaning Pads & Covers 2026,/catalogs/dry-cleaning-catalog.pdf,62,Stirmatic buck pads and head plates,Stirmatic,CML-400,Teflon Grid Plate,TGP-163,Teflon Grid Plate,45 1/2 x 17 x 13 1/2,Legger w/cut-out/square end,true,,Grouped Stirmatic catalog table row.
dc-stirmatic-pag-pro-899,Buckeye Dry Cleaning Pads & Covers 2026,/catalogs/dry-cleaning-catalog.pdf,62,Stirmatic buck pads and head plates,Stirmatic,PAG,Pad/Cover,PRO-899,Tan Pro-Finish 861,45 1/2 x 17 x 13 1/2,Legger w/cut-out/square end,true,,Grouped Stirmatic catalog table row.
dc-stirmatic-pag-rpro-899,Buckeye Dry Cleaning Pads & Covers 2026,/catalogs/dry-cleaning-catalog.pdf,62,Stirmatic buck pads and head plates,Stirmatic,PAG,Pad/Cover,RPRO-899,Red Pro-Finish 861,45 1/2 x 17 x 13 1/2,Legger w/cut-out/square end,true,,Grouped Stirmatic catalog table row.
dc-stirmatic-pag-mfhp-163,Buckeye Dry Cleaning Pads & Covers 2026,/catalogs/dry-cleaning-catalog.pdf,62,Stirmatic buck pads and head plates,Stirmatic,PAG,Head Plate,MFHP-163,White Master Finish,45 1/2 x 17 x 13 1/2,Legger w/cut-out/square end,true,,Grouped Stirmatic catalog table row.
dc-stirmatic-pag-bmfhp-163,Buckeye Dry Cleaning Pads & Covers 2026,/catalogs/dry-cleaning-catalog.pdf,62,Stirmatic buck pads and head plates,Stirmatic,PAG,Head Plate,BMFHP-163,Black Master Finish,45 1/2 x 17 x 13 1/2,Legger w/cut-out/square end,true,,Grouped Stirmatic catalog table row.
dc-stirmatic-pag-tgp-163,Buckeye Dry Cleaning Pads & Covers 2026,/catalogs/dry-cleaning-catalog.pdf,62,Stirmatic buck pads and head plates,Stirmatic,PAG,Teflon Grid Plate,TGP-163,Teflon Grid Plate,45 1/2 x 17 x 13 1/2,Legger w/cut-out/square end,true,,Grouped Stirmatic catalog table row.
dc-stirmatic-cm-282-s-pro-1276,Buckeye Dry Cleaning Pads & Covers 2026,/catalogs/dry-cleaning-catalog.pdf,62,Stirmatic buck pads and head plates,Stirmatic,CM-282-S,Pad/Cover,PRO-1276,Tan Pro-Finish 861,45 1/2 x 17 x 10,Utility/Legger w/cut-out/round end,true,,Grouped Stirmatic catalog table row.
dc-stirmatic-cm-282-s-rpro-1276,Buckeye Dry Cleaning Pads & Covers 2026,/catalogs/dry-cleaning-catalog.pdf,62,Stirmatic buck pads and head plates,Stirmatic,CM-282-S,Pad/Cover,RPRO-1276,Red Pro-Finish 861,45 1/2 x 17 x 10,Utility/Legger w/cut-out/round end,true,,Grouped Stirmatic catalog table row.
dc-stirmatic-cm-282-s-mfhp-159,Buckeye Dry Cleaning Pads & Covers 2026,/catalogs/dry-cleaning-catalog.pdf,62,Stirmatic buck pads and head plates,Stirmatic,CM-282-S,Head Plate,MFHP-159,White Master Finish,45 1/2 x 17 x 10,Utility/Legger w/cut-out/round end,true,,Grouped Stirmatic catalog table row.
dc-stirmatic-cm-282-s-bmfhp-159,Buckeye Dry Cleaning Pads & Covers 2026,/catalogs/dry-cleaning-catalog.pdf,62,Stirmatic buck pads and head plates,Stirmatic,CM-282-S,Head Plate,BMFHP-159,Black Master Finish,45 1/2 x 17 x 10,Utility/Legger w/cut-out/round end,true,,Grouped Stirmatic catalog table row.
dc-stirmatic-cm-282-s-tgp-159,Buckeye Dry Cleaning Pads & Covers 2026,/catalogs/dry-cleaning-catalog.pdf,62,Stirmatic buck pads and head plates,Stirmatic,CM-282-S,Teflon Grid Plate,TGP-159,Teflon Grid Plate,45 1/2 x 17 x 10,Utility/Legger w/cut-out/round end,true,,Grouped Stirmatic catalog table row.
dc-stirmatic-cm-401-282-s-pro-1276,Buckeye Dry Cleaning Pads & Covers 2026,/catalogs/dry-cleaning-catalog.pdf,62,Stirmatic buck pads and head plates,Stirmatic,CM-401-282-S,Pad/Cover,PRO-1276,Tan Pro-Finish 861,45 1/2 x 17 x 10,Utility/Legger w/cut-out/round end,true,,Grouped Stirmatic catalog table row.
dc-stirmatic-cm-401-282-s-rpro-1276,Buckeye Dry Cleaning Pads & Covers 2026,/catalogs/dry-cleaning-catalog.pdf,62,Stirmatic buck pads and head plates,Stirmatic,CM-401-282-S,Pad/Cover,RPRO-1276,Red Pro-Finish 861,45 1/2 x 17 x 10,Utility/Legger w/cut-out/round end,true,,Grouped Stirmatic catalog table row.
dc-stirmatic-cm-401-282-s-mfhp-159,Buckeye Dry Cleaning Pads & Covers 2026,/catalogs/dry-cleaning-catalog.pdf,62,Stirmatic buck pads and head plates,Stirmatic,CM-401-282-S,Head Plate,MFHP-159,White Master Finish,45 1/2 x 17 x 10,Utility/Legger w/cut-out/round end,true,,Grouped Stirmatic catalog table row.
dc-stirmatic-cm-401-282-s-bmfhp-159,Buckeye Dry Cleaning Pads & Covers 2026,/catalogs/dry-cleaning-catalog.pdf,62,Stirmatic buck pads and head plates,Stirmatic,CM-401-282-S,Head Plate,BMFHP-159,Black Master Finish,45 1/2 x 17 x 10,Utility/Legger w/cut-out/round end,true,,Grouped Stirmatic catalog table row.
dc-stirmatic-cm-401-282-s-tgp-159,Buckeye Dry Cleaning Pads & Covers 2026,/catalogs/dry-cleaning-catalog.pdf,62,Stirmatic buck pads and head plates,Stirmatic,CM-401-282-S,Teflon Grid Plate,TGP-159,Teflon Grid Plate,45 1/2 x 17 x 10,Utility/Legger w/cut-out/round end,true,,Grouped Stirmatic catalog table row.
dc-stirmatic-pags-pro-1276,Buckeye Dry Cleaning Pads & Covers 2026,/catalogs/dry-cleaning-catalog.pdf,62,Stirmatic buck pads and head plates,Stirmatic,PAGS,Pad/Cover,PRO-1276,Tan Pro-Finish 861,45 1/2 x 17 x 10,Utility/Legger w/cut-out/round end,true,,Grouped Stirmatic catalog table row.
dc-stirmatic-pags-rpro-1276,Buckeye Dry Cleaning Pads & Covers 2026,/catalogs/dry-cleaning-catalog.pdf,62,Stirmatic buck pads and head plates,Stirmatic,PAGS,Pad/Cover,RPRO-1276,Red Pro-Finish 861,45 1/2 x 17 x 10,Utility/Legger w/cut-out/round end,true,,Grouped Stirmatic catalog table row.
dc-stirmatic-pags-mfhp-159,Buckeye Dry Cleaning Pads & Covers 2026,/catalogs/dry-cleaning-catalog.pdf,62,Stirmatic buck pads and head plates,Stirmatic,PAGS,Head Plate,MFHP-159,White Master Finish,45 1/2 x 17 x 10,Utility/Legger w/cut-out/round end,true,,Grouped Stirmatic catalog table row.
dc-stirmatic-pags-bmfhp-159,Buckeye Dry Cleaning Pads & Covers 2026,/catalogs/dry-cleaning-catalog.pdf,62,Stirmatic buck pads and head plates,Stirmatic,PAGS,Head Plate,BMFHP-159,Black Master Finish,45 1/2 x 17 x 10,Utility/Legger w/cut-out/round end,true,,Grouped Stirmatic catalog table row.
dc-stirmatic-pags-tgp-159,Buckeye Dry Cleaning Pads & Covers 2026,/catalogs/dry-cleaning-catalog.pdf,62,Stirmatic buck pads and head plates,Stirmatic,PAGS,Teflon Grid Plate,TGP-159,Teflon Grid Plate,45 1/2 x 17 x 10,Utility/Legger w/cut-out/round end,true,,Grouped Stirmatic catalog table row.
dc-stirmatic-pagsl-pro-1276,Buckeye Dry Cleaning Pads & Covers 2026,/catalogs/dry-cleaning-catalog.pdf,62,Stirmatic buck pads and head plates,Stirmatic,PAGSL,Pad/Cover,PRO-1276,Tan Pro-Finish 861,45 1/2 x 17 x 10,Utility/Legger w/cut-out/round end,true,,Grouped Stirmatic catalog table row.
dc-stirmatic-pagsl-rpro-1276,Buckeye Dry Cleaning Pads & Covers 2026,/catalogs/dry-cleaning-catalog.pdf,62,Stirmatic buck pads and head plates,Stirmatic,PAGSL,Pad/Cover,RPRO-1276,Red Pro-Finish 861,45 1/2 x 17 x 10,Utility/Legger w/cut-out/round end,true,,Grouped Stirmatic catalog table row.
dc-stirmatic-pagsl-mfhp-159,Buckeye Dry Cleaning Pads & Covers 2026,/catalogs/dry-cleaning-catalog.pdf,62,Stirmatic buck pads and head plates,Stirmatic,PAGSL,Head Plate,MFHP-159,White Master Finish,45 1/2 x 17 x 10,Utility/Legger w/cut-out/round end,true,,Grouped Stirmatic catalog table row.
dc-stirmatic-pagsl-bmfhp-159,Buckeye Dry Cleaning Pads & Covers 2026,/catalogs/dry-cleaning-catalog.pdf,62,Stirmatic buck pads and head plates,Stirmatic,PAGSL,Head Plate,BMFHP-159,Black Master Finish,45 1/2 x 17 x 10,Utility/Legger w/cut-out/round end,true,,Grouped Stirmatic catalog table row.
dc-stirmatic-pagsl-tgp-159,Buckeye Dry Cleaning Pads & Covers 2026,/catalogs/dry-cleaning-catalog.pdf,62,Stirmatic buck pads and head plates,Stirmatic,PAGSL,Teflon Grid Plate,TGP-159,Teflon Grid Plate,45 1/2 x 17 x 10,Utility/Legger w/cut-out/round end,true,,Grouped Stirmatic catalog table row.
dc-stirmatic-supermatic-cm-120-me2-1279-steam-air-finisher-cover,Buckeye Dry Cleaning Pads & Covers 2026,/catalogs/dry-cleaning-catalog.pdf,63,Stirmatic/Supermatic covers and pads for steam air finishers,Stirmatic/Supermatic,CM-120 / ME2,Steam Air Finisher Cover,1279,,,Steam Air Finisher Cover,false,,
dc-stirmatic-supermatic-cm-120-me2-1205-front-clamp-cover-pad,Buckeye Dry Cleaning Pads & Covers 2026,/catalogs/dry-cleaning-catalog.pdf,63,Stirmatic/Supermatic covers and pads for steam air finishers,Stirmatic/Supermatic,CM-120 / ME2,Clamp Cover/Pad,1205,,4 x 39,Front Clamp Cover/Pad,false,,
dc-trevil-3155-pk-2090-sweater-board-cover,Buckeye Dry Cleaning Pads & Covers 2026,/catalogs/dry-cleaning-catalog.pdf,63,Trevil sweater board,Trevil,3155,Cover,PK-2090,,36 x 72,Sweater board cover,false,,
dc-trevil-3155-db-2090-sweater-board-20-oz-pad,Buckeye Dry Cleaning Pads & Covers 2026,/catalogs/dry-cleaning-catalog.pdf,63,Trevil sweater board,Trevil,3155,Pad,DB-2090,,36 x 72,Sweater board 20 oz pad,false,,
dc-trevil-5100-2330-top-cover,Buckeye Dry Cleaning Pads & Covers 2026,/catalogs/dry-cleaning-catalog.pdf,64,Trevil tensioning equipment,Trevil,5100,Cover,2330,,,Top Cover,false,,
dc-trevil-5100-2320-lower-cover,Buckeye Dry Cleaning Pads & Covers 2026,/catalogs/dry-cleaning-catalog.pdf,64,Trevil tensioning equipment,Trevil,5100,Cover,2320,,,Lower Cover,false,,
dc-trevil-5100-pkdb-2333-clamp-cover-w-pad,Buckeye Dry Cleaning Pads & Covers 2026,/catalogs/dry-cleaning-catalog.pdf,64,Trevil tensioning equipment,Trevil,5100,Clamp Cover/Pad,PKDB-2333,,,Clamp Cover w/Pad,false,2 required,
dc-trevil-5302-2190-cover-and-pad-for-pant-topper,Buckeye Dry Cleaning Pads & Covers 2026,/catalogs/dry-cleaning-catalog.pdf,64,Trevil tensioning equipment,Trevil,5302,Cover/Pad Set,2190,,,Cover and Pad for Pant Topper,false,,
dc-trevil-5302-pkfm-2193-clamp-cover-w-pad,Buckeye Dry Cleaning Pads & Covers 2026,/catalogs/dry-cleaning-catalog.pdf,64,Trevil tensioning equipment,Trevil,5302,Clamp Cover/Pad,PKFM-2193,,,Clamp Cover w/Pad,false,2 required,
dc-trevil-5302-pkfm-2195-fly-clamp-cover-pad,Buckeye Dry Cleaning Pads & Covers 2026,/catalogs/dry-cleaning-catalog.pdf,64,Trevil tensioning equipment,Trevil,5302,Fly Clamp/Pad,PKFM-2195,,,Fly Clamp Cover/Pad,false,,
dc-trevil-5304-pkd-1975-clamp-cover-pad,Buckeye Dry Cleaning Pads & Covers 2026,/catalogs/dry-cleaning-catalog.pdf,64,Trevil tensioning equipment,Trevil,5304,Clamp Cover/Pad,PKD-1975,,,Clamp Cover/Pad,false,2 required,
dc-trevil-5304-pk-1988-fly-cover,Buckeye Dry Cleaning Pads & Covers 2026,/catalogs/dry-cleaning-catalog.pdf,64,Trevil tensioning equipment,Trevil,5304,Fly Cover,PK-1988,,,Fly Cover,false,,
dc-trevil-5029-princess-ultra-2022-cover,Buckeye Dry Cleaning Pads & Covers 2026,/catalogs/dry-cleaning-catalog.pdf,64,Trevil tensioning equipment,Trevil,5029 Princess Ultra,Cover,2022,,,Cover,false,,
dc-trevil-5029-princess-ultra-bn-2026-skirt,Buckeye Dry Cleaning Pads & Covers 2026,/catalogs/dry-cleaning-catalog.pdf,64,Trevil tensioning equipment,Trevil,5029 Princess Ultra,Skirt,BN-2026,,,Skirt,false,,
dc-trevil-5029-princess-ultra-pk-2021-collar-support,Buckeye Dry Cleaning Pads & Covers 2026,/catalogs/dry-cleaning-catalog.pdf,64,Trevil tensioning equipment,Trevil,5029 Princess Ultra,Collar Support,PK-2021,,,Collar Support,false,,
dc-trevil-5029-princess-ultra-wa-2024-front-clamp-cover,Buckeye Dry Cleaning Pads & Covers 2026,/catalogs/dry-cleaning-catalog.pdf,64,Trevil tensioning equipment,Trevil,5029 Princess Ultra,Clamp Cover,WA-2024,,5 x 40,Front Clamp Cover,false,,
dc-trevil-5029-princess-ultra-wa-2028-rear-inner-clamp-cover-w-reflective-tape,Buckeye Dry Cleaning Pads & Covers 2026,/catalogs/dry-cleaning-catalog.pdf,64,Trevil tensioning equipment,Trevil,5029 Princess Ultra,Clamp Cover,WA-2028,,,Rear Inner Clamp Cover w/ reflective tape,false,,
dc-trevil-5029-princess-ultra-pk-2023-cuff-clamp-cover,Buckeye Dry Cleaning Pads & Covers 2026,/catalogs/dry-cleaning-catalog.pdf,64,Trevil tensioning equipment,Trevil,5029 Princess Ultra,Cuff Clamp Cover,PK-2023,,,Cuff Clamp Cover,false,Requires 4,
dc-trevil-5029-princess-ultra-pkdb-2029-rear-cover-pad,Buckeye Dry Cleaning Pads & Covers 2026,/catalogs/dry-cleaning-catalog.pdf,64,Trevil tensioning equipment,Trevil,5029 Princess Ultra,Cover/Pad,PKDB-2029,,,Rear Cover/Pad,false,,
dc-trevil-5029-princess-ultra-pkfm-2030-inner-side-clamp-w-silicone-pad,Buckeye Dry Cleaning Pads & Covers 2026,/catalogs/dry-cleaning-catalog.pdf,64,Trevil tensioning equipment,Trevil,5029 Princess Ultra,Clamp Cover/Pad,PKFM-2030,,,Inner Side Clamp w/silicone pad,false,Requires 2,
dc-trevil-5029-princess-ultra-pkdb-2027-outer-clamp-cover-pad,Buckeye Dry Cleaning Pads & Covers 2026,/catalogs/dry-cleaning-catalog.pdf,64,Trevil tensioning equipment,Trevil,5029 Princess Ultra,Clamp Cover/Pad,PKDB-2027,,,Outer Clamp Cover/Pad,false,,
dc-trevil-5122-2369-upper-cover,Buckeye Dry Cleaning Pads & Covers 2026,/catalogs/dry-cleaning-catalog.pdf,64,Trevil tensioning equipment,Trevil,5122,Cover,2369,,,Upper Cover,false,,
dc-trevil-5122-2365-lower-bag-assembly,Buckeye Dry Cleaning Pads & Covers 2026,/catalogs/dry-cleaning-catalog.pdf,64,Trevil tensioning equipment,Trevil,5122,Bag Assembly,2365,,,Lower Bag Assembly,false,,
dc-trevil-5122-2347-front-rear-clamp-cover-pad,Buckeye Dry Cleaning Pads & Covers 2026,/catalogs/dry-cleaning-catalog.pdf,64,Trevil tensioning equipment,Trevil,5122,Clamp Cover/Pad,2347,,11 3/4 x 5,Front/Rear Clamp Cover/Pad,false,Requires 2,
dc-trevil-5122-2367-collar-clamp-cover-pad,Buckeye Dry Cleaning Pads & Covers 2026,/catalogs/dry-cleaning-catalog.pdf,64,Trevil tensioning equipment,Trevil,5122,Collar Clamp Cover/Pad,2367,,,Collar Clamp Cover/Pad,false,,
dc-supermatic-up-46-pro-1258,Buckeye Dry Cleaning Pads & Covers 2026,/catalogs/dry-cleaning-catalog.pdf,63,Supermatic buck pads and head plates,Supermatic,UP-46,Pad/Cover,PRO-1258,Tan Pro-Finish 861,47 x 15 x 9,Utility template required,true,,Catalog requires template for head plates/grid plates. Grouped Supermatic catalog table row.
dc-supermatic-up-46-rpro-1258,Buckeye Dry Cleaning Pads & Covers 2026,/catalogs/dry-cleaning-catalog.pdf,63,Supermatic buck pads and head plates,Supermatic,UP-46,Pad/Cover,RPRO-1258,Red Pro-Finish 861,47 x 15 x 9,Utility template required,true,,Catalog requires template for head plates/grid plates. Grouped Supermatic catalog table row.
dc-supermatic-up-46-template-required,Buckeye Dry Cleaning Pads & Covers 2026,/catalogs/dry-cleaning-catalog.pdf,63,Supermatic buck pads and head plates,Supermatic,UP-46,Head Plate,TEMPLATE REQUIRED,White Master Finish,47 x 15 x 9,Utility template required,true,,Catalog requires template for head plates/grid plates. Grouped Supermatic catalog table row.
dc-supermatic-up-46-template-required,Buckeye Dry Cleaning Pads & Covers 2026,/catalogs/dry-cleaning-catalog.pdf,63,Supermatic buck pads and head plates,Supermatic,UP-46,Head Plate,TEMPLATE REQUIRED,Black Master Finish,47 x 15 x 9,Utility template required,true,,Catalog requires template for head plates/grid plates. Grouped Supermatic catalog table row.
dc-supermatic-up-46-template-required,Buckeye Dry Cleaning Pads & Covers 2026,/catalogs/dry-cleaning-catalog.pdf,63,Supermatic buck pads and head plates,Supermatic,UP-46,Teflon Grid Plate,TEMPLATE REQUIRED,Teflon Grid Plate,47 x 15 x 9,Utility template required,true,,Catalog requires template for head plates/grid plates. Grouped Supermatic catalog table row.
dc-supermatic-ups-46-pro-1258,Buckeye Dry Cleaning Pads & Covers 2026,/catalogs/dry-cleaning-catalog.pdf,63,Supermatic buck pads and head plates,Supermatic,UPS-46,Pad/Cover,PRO-1258,Tan Pro-Finish 861,47 x 15 x 9,Utility template required,true,,Catalog requires template for head plates/grid plates. Grouped Supermatic catalog table row.
dc-supermatic-ups-46-rpro-1258,Buckeye Dry Cleaning Pads & Covers 2026,/catalogs/dry-cleaning-catalog.pdf,63,Supermatic buck pads and head plates,Supermatic,UPS-46,Pad/Cover,RPRO-1258,Red Pro-Finish 861,47 x 15 x 9,Utility template required,true,,Catalog requires template for head plates/grid plates. Grouped Supermatic catalog table row.
dc-supermatic-ups-46-template-required,Buckeye Dry Cleaning Pads & Covers 2026,/catalogs/dry-cleaning-catalog.pdf,63,Supermatic buck pads and head plates,Supermatic,UPS-46,Head Plate,TEMPLATE REQUIRED,White Master Finish,47 x 15 x 9,Utility template required,true,,Catalog requires template for head plates/grid plates. Grouped Supermatic catalog table row.
dc-supermatic-ups-46-template-required,Buckeye Dry Cleaning Pads & Covers 2026,/catalogs/dry-cleaning-catalog.pdf,63,Supermatic buck pads and head plates,Supermatic,UPS-46,Head Plate,TEMPLATE REQUIRED,Black Master Finish,47 x 15 x 9,Utility template required,true,,Catalog requires template for head plates/grid plates. Grouped Supermatic catalog table row.
dc-supermatic-ups-46-template-required,Buckeye Dry Cleaning Pads & Covers 2026,/catalogs/dry-cleaning-catalog.pdf,63,Supermatic buck pads and head plates,Supermatic,UPS-46,Teflon Grid Plate,TEMPLATE REQUIRED,Teflon Grid Plate,47 x 15 x 9,Utility template required,true,,Catalog requires template for head plates/grid plates. Grouped Supermatic catalog table row.
dc-unipress-19mx-pro-818,Buckeye Dry Cleaning Pads & Covers 2026,/catalogs/dry-cleaning-catalog.pdf,66,Unipress buck pads and head plates,Unipress,19MX,Pad/Cover,PRO-818,Tan Pro-Finish 861,19 x 9,Mushroom,true,,Grouped Unipress catalog table row.
dc-unipress-19mx-rpro-818,Buckeye Dry Cleaning Pads & Covers 2026,/catalogs/dry-cleaning-catalog.pdf,66,Unipress buck pads and head plates,Unipress,19MX,Pad/Cover,RPRO-818,Red Pro-Finish 861,19 x 9,Mushroom,true,,Grouped Unipress catalog table row.
dc-unipress-19mx-mfhp-3,Buckeye Dry Cleaning Pads & Covers 2026,/catalogs/dry-cleaning-catalog.pdf,66,Unipress buck pads and head plates,Unipress,19MX,Head Plate,MFHP-3,White Master Finish,19 x 9,Mushroom,true,,Grouped Unipress catalog table row.
dc-unipress-19mx-bmfhp-3,Buckeye Dry Cleaning Pads & Covers 2026,/catalogs/dry-cleaning-catalog.pdf,66,Unipress buck pads and head plates,Unipress,19MX,Head Plate,BMFHP-3,Black Master Finish,19 x 9,Mushroom,true,,Grouped Unipress catalog table row.
dc-unipress-19mx-tgp-3,Buckeye Dry Cleaning Pads & Covers 2026,/catalogs/dry-cleaning-catalog.pdf,66,Unipress buck pads and head plates,Unipress,19MX,Teflon Grid Plate,TGP-3,Teflon Grid Plate,19 x 9,Mushroom,true,,Grouped Unipress catalog table row.
dc-unipress-dm-19-pro-818,Buckeye Dry Cleaning Pads & Covers 2026,/catalogs/dry-cleaning-catalog.pdf,66,Unipress buck pads and head plates,Unipress,DM-19,Pad/Cover,PRO-818,Tan Pro-Finish 861,19 x 9,Mushroom,true,,Grouped Unipress catalog table row.
dc-unipress-dm-19-rpro-818,Buckeye Dry Cleaning Pads & Covers 2026,/catalogs/dry-cleaning-catalog.pdf,66,Unipress buck pads and head plates,Unipress,DM-19,Pad/Cover,RPRO-818,Red Pro-Finish 861,19 x 9,Mushroom,true,,Grouped Unipress catalog table row.
dc-unipress-dm-19-mfhp-3,Buckeye Dry Cleaning Pads & Covers 2026,/catalogs/dry-cleaning-catalog.pdf,66,Unipress buck pads and head plates,Unipress,DM-19,Head Plate,MFHP-3,White Master Finish,19 x 9,Mushroom,true,,Grouped Unipress catalog table row.
dc-unipress-dm-19-bmfhp-3,Buckeye Dry Cleaning Pads & Covers 2026,/catalogs/dry-cleaning-catalog.pdf,66,Unipress buck pads and head plates,Unipress,DM-19,Head Plate,BMFHP-3,Black Master Finish,19 x 9,Mushroom,true,,Grouped Unipress catalog table row.
dc-unipress-dm-19-tgp-3,Buckeye Dry Cleaning Pads & Covers 2026,/catalogs/dry-cleaning-catalog.pdf,66,Unipress buck pads and head plates,Unipress,DM-19,Teflon Grid Plate,TGP-3,Teflon Grid Plate,19 x 9,Mushroom,true,,Grouped Unipress catalog table row.
dc-unipress-sdu-19-m-pro-818,Buckeye Dry Cleaning Pads & Covers 2026,/catalogs/dry-cleaning-catalog.pdf,66,Unipress buck pads and head plates,Unipress,SDU-19-M,Pad/Cover,PRO-818,Tan Pro-Finish 861,19 x 9,Mushroom,true,,Grouped Unipress catalog table row.
dc-unipress-sdu-19-m-rpro-818,Buckeye Dry Cleaning Pads & Covers 2026,/catalogs/dry-cleaning-catalog.pdf,66,Unipress buck pads and head plates,Unipress,SDU-19-M,Pad/Cover,RPRO-818,Red Pro-Finish 861,19 x 9,Mushroom,true,,Grouped Unipress catalog table row.
dc-unipress-sdu-19-m-mfhp-3,Buckeye Dry Cleaning Pads & Covers 2026,/catalogs/dry-cleaning-catalog.pdf,66,Unipress buck pads and head plates,Unipress,SDU-19-M,Head Plate,MFHP-3,White Master Finish,19 x 9,Mushroom,true,,Grouped Unipress catalog table row.
dc-unipress-sdu-19-m-bmfhp-3,Buckeye Dry Cleaning Pads & Covers 2026,/catalogs/dry-cleaning-catalog.pdf,66,Unipress buck pads and head plates,Unipress,SDU-19-M,Head Plate,BMFHP-3,Black Master Finish,19 x 9,Mushroom,true,,Grouped Unipress catalog table row.
dc-unipress-sdu-19-m-tgp-3,Buckeye Dry Cleaning Pads & Covers 2026,/catalogs/dry-cleaning-catalog.pdf,66,Unipress buck pads and head plates,Unipress,SDU-19-M,Teflon Grid Plate,TGP-3,Teflon Grid Plate,19 x 9,Mushroom,true,,Grouped Unipress catalog table row.
dc-unipress-dt-20-pro-819,Buckeye Dry Cleaning Pads & Covers 2026,/catalogs/dry-cleaning-catalog.pdf,66,Unipress buck pads and head plates,Unipress,DT-20,Pad/Cover,PRO-819,Tan Pro-Finish 861,21 1/4 x 9 x 8,Topper,true,,Grouped Unipress catalog table row.
dc-unipress-dt-20-rpro-819,Buckeye Dry Cleaning Pads & Covers 2026,/catalogs/dry-cleaning-catalog.pdf,66,Unipress buck pads and head plates,Unipress,DT-20,Pad/Cover,RPRO-819,Red Pro-Finish 861,21 1/4 x 9 x 8,Topper,true,,Grouped Unipress catalog table row.
dc-unipress-dt-20-mfhp-131,Buckeye Dry Cleaning Pads & Covers 2026,/catalogs/dry-cleaning-catalog.pdf,66,Unipress buck pads and head plates,Unipress,DT-20,Head Plate,MFHP-131,White Master Finish,21 1/4 x 9 x 8,Topper,true,,Grouped Unipress catalog table row.
dc-unipress-dt-20-bmfhp-131,Buckeye Dry Cleaning Pads & Covers 2026,/catalogs/dry-cleaning-catalog.pdf,66,Unipress buck pads and head plates,Unipress,DT-20,Head Plate,BMFHP-131,Black Master Finish,21 1/4 x 9 x 8,Topper,true,,Grouped Unipress catalog table row.
dc-unipress-dt-20-tgp-131,Buckeye Dry Cleaning Pads & Covers 2026,/catalogs/dry-cleaning-catalog.pdf,66,Unipress buck pads and head plates,Unipress,DT-20,Teflon Grid Plate,TGP-131,Teflon Grid Plate,21 1/4 x 9 x 8,Topper,true,,Grouped Unipress catalog table row.
dc-unipress-dt-21-pro-819,Buckeye Dry Cleaning Pads & Covers 2026,/catalogs/dry-cleaning-catalog.pdf,66,Unipress buck pads and head plates,Unipress,DT-21,Pad/Cover,PRO-819,Tan Pro-Finish 861,21 1/4 x 9 x 8,Topper,true,,Grouped Unipress catalog table row.
dc-unipress-dt-21-rpro-819,Buckeye Dry Cleaning Pads & Covers 2026,/catalogs/dry-cleaning-catalog.pdf,66,Unipress buck pads and head plates,Unipress,DT-21,Pad/Cover,RPRO-819,Red Pro-Finish 861,21 1/4 x 9 x 8,Topper,true,,Grouped Unipress catalog table row.
dc-unipress-dt-21-mfhp-131,Buckeye Dry Cleaning Pads & Covers 2026,/catalogs/dry-cleaning-catalog.pdf,66,Unipress buck pads and head plates,Unipress,DT-21,Head Plate,MFHP-131,White Master Finish,21 1/4 x 9 x 8,Topper,true,,Grouped Unipress catalog table row.
dc-unipress-dt-21-bmfhp-131,Buckeye Dry Cleaning Pads & Covers 2026,/catalogs/dry-cleaning-catalog.pdf,66,Unipress buck pads and head plates,Unipress,DT-21,Head Plate,BMFHP-131,Black Master Finish,21 1/4 x 9 x 8,Topper,true,,Grouped Unipress catalog table row.
dc-unipress-dt-21-tgp-131,Buckeye Dry Cleaning Pads & Covers 2026,/catalogs/dry-cleaning-catalog.pdf,66,Unipress buck pads and head plates,Unipress,DT-21,Teflon Grid Plate,TGP-131,Teflon Grid Plate,21 1/4 x 9 x 8,Topper,true,,Grouped Unipress catalog table row.
dc-unipress-42x-pro-842,Buckeye Dry Cleaning Pads & Covers 2026,/catalogs/dry-cleaning-catalog.pdf,66,Unipress buck pads and head plates,Unipress,42X,Pad/Cover,PRO-842,Tan Pro-Finish 861,42 x 12 x 9,Utility,true,,Grouped Unipress catalog table row.
dc-unipress-42x-rpro-842,Buckeye Dry Cleaning Pads & Covers 2026,/catalogs/dry-cleaning-catalog.pdf,66,Unipress buck pads and head plates,Unipress,42X,Pad/Cover,RPRO-842,Red Pro-Finish 861,42 x 12 x 9,Utility,true,,Grouped Unipress catalog table row.
dc-unipress-42x-mfhp-8,Buckeye Dry Cleaning Pads & Covers 2026,/catalogs/dry-cleaning-catalog.pdf,66,Unipress buck pads and head plates,Unipress,42X,Head Plate,MFHP-8,White Master Finish,42 x 12 x 9,Utility,true,,Grouped Unipress catalog table row.
dc-unipress-42x-bmfhp-8,Buckeye Dry Cleaning Pads & Covers 2026,/catalogs/dry-cleaning-catalog.pdf,66,Unipress buck pads and head plates,Unipress,42X,Head Plate,BMFHP-8,Black Master Finish,42 x 12 x 9,Utility,true,,Grouped Unipress catalog table row.
dc-unipress-42x-tgp-8,Buckeye Dry Cleaning Pads & Covers 2026,/catalogs/dry-cleaning-catalog.pdf,66,Unipress buck pads and head plates,Unipress,42X,Teflon Grid Plate,TGP-8,Teflon Grid Plate,42 x 12 x 9,Utility,true,,Grouped Unipress catalog table row.
dc-unipress-42y-pro-842,Buckeye Dry Cleaning Pads & Covers 2026,/catalogs/dry-cleaning-catalog.pdf,66,Unipress buck pads and head plates,Unipress,42Y,Pad/Cover,PRO-842,Tan Pro-Finish 861,42 x 12 x 9,Utility,true,,Grouped Unipress catalog table row.
dc-unipress-42y-rpro-842,Buckeye Dry Cleaning Pads & Covers 2026,/catalogs/dry-cleaning-catalog.pdf,66,Unipress buck pads and head plates,Unipress,42Y,Pad/Cover,RPRO-842,Red Pro-Finish 861,42 x 12 x 9,Utility,true,,Grouped Unipress catalog table row.
dc-unipress-42y-mfhp-8,Buckeye Dry Cleaning Pads & Covers 2026,/catalogs/dry-cleaning-catalog.pdf,66,Unipress buck pads and head plates,Unipress,42Y,Head Plate,MFHP-8,White Master Finish,42 x 12 x 9,Utility,true,,Grouped Unipress catalog table row.
dc-unipress-42y-bmfhp-8,Buckeye Dry Cleaning Pads & Covers 2026,/catalogs/dry-cleaning-catalog.pdf,66,Unipress buck pads and head plates,Unipress,42Y,Head Plate,BMFHP-8,Black Master Finish,42 x 12 x 9,Utility,true,,Grouped Unipress catalog table row.
dc-unipress-42y-tgp-8,Buckeye Dry Cleaning Pads & Covers 2026,/catalogs/dry-cleaning-catalog.pdf,66,Unipress buck pads and head plates,Unipress,42Y,Teflon Grid Plate,TGP-8,Teflon Grid Plate,42 x 12 x 9,Utility,true,,Grouped Unipress catalog table row.
dc-unipress-du-42-pro-842,Buckeye Dry Cleaning Pads & Covers 2026,/catalogs/dry-cleaning-catalog.pdf,66,Unipress buck pads and head plates,Unipress,DU-42,Pad/Cover,PRO-842,Tan Pro-Finish 861,42 x 12 x 9,Utility,true,,Grouped Unipress catalog table row.
dc-unipress-du-42-rpro-842,Buckeye Dry Cleaning Pads & Covers 2026,/catalogs/dry-cleaning-catalog.pdf,66,Unipress buck pads and head plates,Unipress,DU-42,Pad/Cover,RPRO-842,Red Pro-Finish 861,42 x 12 x 9,Utility,true,,Grouped Unipress catalog table row.
dc-unipress-du-42-mfhp-8,Buckeye Dry Cleaning Pads & Covers 2026,/catalogs/dry-cleaning-catalog.pdf,66,Unipress buck pads and head plates,Unipress,DU-42,Head Plate,MFHP-8,White Master Finish,42 x 12 x 9,Utility,true,,Grouped Unipress catalog table row.
dc-unipress-du-42-bmfhp-8,Buckeye Dry Cleaning Pads & Covers 2026,/catalogs/dry-cleaning-catalog.pdf,66,Unipress buck pads and head plates,Unipress,DU-42,Head Plate,BMFHP-8,Black Master Finish,42 x 12 x 9,Utility,true,,Grouped Unipress catalog table row.
dc-unipress-du-42-tgp-8,Buckeye Dry Cleaning Pads & Covers 2026,/catalogs/dry-cleaning-catalog.pdf,66,Unipress buck pads and head plates,Unipress,DU-42,Teflon Grid Plate,TGP-8,Teflon Grid Plate,42 x 12 x 9,Utility,true,,Grouped Unipress catalog table row.
dc-unipress-gbu-42-pro-842,Buckeye Dry Cleaning Pads & Covers 2026,/catalogs/dry-cleaning-catalog.pdf,66,Unipress buck pads and head plates,Unipress,GBU-42,Pad/Cover,PRO-842,Tan Pro-Finish 861,42 x 12 x 9,Utility,true,,Grouped Unipress catalog table row.
dc-unipress-gbu-42-rpro-842,Buckeye Dry Cleaning Pads & Covers 2026,/catalogs/dry-cleaning-catalog.pdf,66,Unipress buck pads and head plates,Unipress,GBU-42,Pad/Cover,RPRO-842,Red Pro-Finish 861,42 x 12 x 9,Utility,true,,Grouped Unipress catalog table row.
dc-unipress-gbu-42-mfhp-8,Buckeye Dry Cleaning Pads & Covers 2026,/catalogs/dry-cleaning-catalog.pdf,66,Unipress buck pads and head plates,Unipress,GBU-42,Head Plate,MFHP-8,White Master Finish,42 x 12 x 9,Utility,true,,Grouped Unipress catalog table row.
dc-unipress-gbu-42-bmfhp-8,Buckeye Dry Cleaning Pads & Covers 2026,/catalogs/dry-cleaning-catalog.pdf,66,Unipress buck pads and head plates,Unipress,GBU-42,Head Plate,BMFHP-8,Black Master Finish,42 x 12 x 9,Utility,true,,Grouped Unipress catalog table row.
dc-unipress-gbu-42-tgp-8,Buckeye Dry Cleaning Pads & Covers 2026,/catalogs/dry-cleaning-catalog.pdf,66,Unipress buck pads and head plates,Unipress,GBU-42,Teflon Grid Plate,TGP-8,Teflon Grid Plate,42 x 12 x 9,Utility,true,,Grouped Unipress catalog table row.
dc-unipress-sdu-42-pro-842,Buckeye Dry Cleaning Pads & Covers 2026,/catalogs/dry-cleaning-catalog.pdf,66,Unipress buck pads and head plates,Unipress,SDU-42,Pad/Cover,PRO-842,Tan Pro-Finish 861,42 x 12 x 9,Utility,true,,Grouped Unipress catalog table row.
dc-unipress-sdu-42-rpro-842,Buckeye Dry Cleaning Pads & Covers 2026,/catalogs/dry-cleaning-catalog.pdf,66,Unipress buck pads and head plates,Unipress,SDU-42,Pad/Cover,RPRO-842,Red Pro-Finish 861,42 x 12 x 9,Utility,true,,Grouped Unipress catalog table row.
dc-unipress-sdu-42-mfhp-8,Buckeye Dry Cleaning Pads & Covers 2026,/catalogs/dry-cleaning-catalog.pdf,66,Unipress buck pads and head plates,Unipress,SDU-42,Head Plate,MFHP-8,White Master Finish,42 x 12 x 9,Utility,true,,Grouped Unipress catalog table row.
dc-unipress-sdu-42-bmfhp-8,Buckeye Dry Cleaning Pads & Covers 2026,/catalogs/dry-cleaning-catalog.pdf,66,Unipress buck pads and head plates,Unipress,SDU-42,Head Plate,BMFHP-8,Black Master Finish,42 x 12 x 9,Utility,true,,Grouped Unipress catalog table row.
dc-unipress-sdu-42-tgp-8,Buckeye Dry Cleaning Pads & Covers 2026,/catalogs/dry-cleaning-catalog.pdf,66,Unipress buck pads and head plates,Unipress,SDU-42,Teflon Grid Plate,TGP-8,Teflon Grid Plate,42 x 12 x 9,Utility,true,,Grouped Unipress catalog table row.
dc-unipress-ul-42-o-pro-842,Buckeye Dry Cleaning Pads & Covers 2026,/catalogs/dry-cleaning-catalog.pdf,66,Unipress buck pads and head plates,Unipress,UL-42-O,Pad/Cover,PRO-842,Tan Pro-Finish 861,42 x 12 x 9,Utility,true,,Grouped Unipress catalog table row.
dc-unipress-ul-42-o-rpro-842,Buckeye Dry Cleaning Pads & Covers 2026,/catalogs/dry-cleaning-catalog.pdf,66,Unipress buck pads and head plates,Unipress,UL-42-O,Pad/Cover,RPRO-842,Red Pro-Finish 861,42 x 12 x 9,Utility,true,,Grouped Unipress catalog table row.
dc-unipress-ul-42-o-mfhp-8,Buckeye Dry Cleaning Pads & Covers 2026,/catalogs/dry-cleaning-catalog.pdf,66,Unipress buck pads and head plates,Unipress,UL-42-O,Head Plate,MFHP-8,White Master Finish,42 x 12 x 9,Utility,true,,Grouped Unipress catalog table row.
dc-unipress-ul-42-o-bmfhp-8,Buckeye Dry Cleaning Pads & Covers 2026,/catalogs/dry-cleaning-catalog.pdf,66,Unipress buck pads and head plates,Unipress,UL-42-O,Head Plate,BMFHP-8,Black Master Finish,42 x 12 x 9,Utility,true,,Grouped Unipress catalog table row.
dc-unipress-ul-42-o-tgp-8,Buckeye Dry Cleaning Pads & Covers 2026,/catalogs/dry-cleaning-catalog.pdf,66,Unipress buck pads and head plates,Unipress,UL-42-O,Teflon Grid Plate,TGP-8,Teflon Grid Plate,42 x 12 x 9,Utility,true,,Grouped Unipress catalog table row.
dc-unipress-dl-45-pro-855,Buckeye Dry Cleaning Pads & Covers 2026,/catalogs/dry-cleaning-catalog.pdf,66,Unipress buck pads and head plates,Unipress,DL-45,Pad/Cover,PRO-855,Tan Pro-Finish 861,45 x 19 1/2 x 10,Legger w/cut-out,true,,Grouped Unipress catalog table row.
dc-unipress-dl-45-rpro-855,Buckeye Dry Cleaning Pads & Covers 2026,/catalogs/dry-cleaning-catalog.pdf,66,Unipress buck pads and head plates,Unipress,DL-45,Pad/Cover,RPRO-855,Red Pro-Finish 861,45 x 19 1/2 x 10,Legger w/cut-out,true,,Grouped Unipress catalog table row.
dc-unipress-dl-45-mfhp-78,Buckeye Dry Cleaning Pads & Covers 2026,/catalogs/dry-cleaning-catalog.pdf,66,Unipress buck pads and head plates,Unipress,DL-45,Head Plate,MFHP-78,White Master Finish,45 x 19 1/2 x 10,Legger w/cut-out,true,,Grouped Unipress catalog table row.
dc-unipress-dl-45-bmfhp-78,Buckeye Dry Cleaning Pads & Covers 2026,/catalogs/dry-cleaning-catalog.pdf,66,Unipress buck pads and head plates,Unipress,DL-45,Head Plate,BMFHP-78,Black Master Finish,45 x 19 1/2 x 10,Legger w/cut-out,true,,Grouped Unipress catalog table row.
dc-unipress-dl-45-tgp-78,Buckeye Dry Cleaning Pads & Covers 2026,/catalogs/dry-cleaning-catalog.pdf,66,Unipress buck pads and head plates,Unipress,DL-45,Teflon Grid Plate,TGP-78,Teflon Grid Plate,45 x 19 1/2 x 10,Legger w/cut-out,true,,Grouped Unipress catalog table row.
dc-unipress-dla-45-pro-855,Buckeye Dry Cleaning Pads & Covers 2026,/catalogs/dry-cleaning-catalog.pdf,66,Unipress buck pads and head plates,Unipress,DLA-45,Pad/Cover,PRO-855,Tan Pro-Finish 861,45 x 19 1/2 x 10,Legger w/cut-out,true,,Grouped Unipress catalog table row.
dc-unipress-dla-45-rpro-855,Buckeye Dry Cleaning Pads & Covers 2026,/catalogs/dry-cleaning-catalog.pdf,66,Unipress buck pads and head plates,Unipress,DLA-45,Pad/Cover,RPRO-855,Red Pro-Finish 861,45 x 19 1/2 x 10,Legger w/cut-out,true,,Grouped Unipress catalog table row.
dc-unipress-dla-45-mfhp-78,Buckeye Dry Cleaning Pads & Covers 2026,/catalogs/dry-cleaning-catalog.pdf,66,Unipress buck pads and head plates,Unipress,DLA-45,Head Plate,MFHP-78,White Master Finish,45 x 19 1/2 x 10,Legger w/cut-out,true,,Grouped Unipress catalog table row.
dc-unipress-dla-45-bmfhp-78,Buckeye Dry Cleaning Pads & Covers 2026,/catalogs/dry-cleaning-catalog.pdf,66,Unipress buck pads and head plates,Unipress,DLA-45,Head Plate,BMFHP-78,Black Master Finish,45 x 19 1/2 x 10,Legger w/cut-out,true,,Grouped Unipress catalog table row.
dc-unipress-dla-45-tgp-78,Buckeye Dry Cleaning Pads & Covers 2026,/catalogs/dry-cleaning-catalog.pdf,66,Unipress buck pads and head plates,Unipress,DLA-45,Teflon Grid Plate,TGP-78,Teflon Grid Plate,45 x 19 1/2 x 10,Legger w/cut-out,true,,Grouped Unipress catalog table row.
dc-unipress-45x-pro-845,Buckeye Dry Cleaning Pads & Covers 2026,/catalogs/dry-cleaning-catalog.pdf,66,Unipress buck pads and head plates,Unipress,45X,Pad/Cover,PRO-845,Tan Pro-Finish 861,45 x 12 x 9,Utility,true,,Grouped Unipress catalog table row.
dc-unipress-45x-rpro-845,Buckeye Dry Cleaning Pads & Covers 2026,/catalogs/dry-cleaning-catalog.pdf,66,Unipress buck pads and head plates,Unipress,45X,Pad/Cover,RPRO-845,Red Pro-Finish 861,45 x 12 x 9,Utility,true,,Grouped Unipress catalog table row.
dc-unipress-45x-mfhp-111,Buckeye Dry Cleaning Pads & Covers 2026,/catalogs/dry-cleaning-catalog.pdf,66,Unipress buck pads and head plates,Unipress,45X,Head Plate,MFHP-111,White Master Finish,45 x 12 x 9,Utility,true,,Grouped Unipress catalog table row.
dc-unipress-45x-bmfhp-111,Buckeye Dry Cleaning Pads & Covers 2026,/catalogs/dry-cleaning-catalog.pdf,66,Unipress buck pads and head plates,Unipress,45X,Head Plate,BMFHP-111,Black Master Finish,45 x 12 x 9,Utility,true,,Grouped Unipress catalog table row.
dc-unipress-45x-tgp-111,Buckeye Dry Cleaning Pads & Covers 2026,/catalogs/dry-cleaning-catalog.pdf,66,Unipress buck pads and head plates,Unipress,45X,Teflon Grid Plate,TGP-111,Teflon Grid Plate,45 x 12 x 9,Utility,true,,Grouped Unipress catalog table row.
dc-unipress-45lx-pro-845,Buckeye Dry Cleaning Pads & Covers 2026,/catalogs/dry-cleaning-catalog.pdf,66,Unipress buck pads and head plates,Unipress,45LX,Pad/Cover,PRO-845,Tan Pro-Finish 861,45 x 12 x 9,Utility,true,,Grouped Unipress catalog table row.
dc-unipress-45lx-rpro-845,Buckeye Dry Cleaning Pads & Covers 2026,/catalogs/dry-cleaning-catalog.pdf,66,Unipress buck pads and head plates,Unipress,45LX,Pad/Cover,RPRO-845,Red Pro-Finish 861,45 x 12 x 9,Utility,true,,Grouped Unipress catalog table row.
dc-unipress-45lx-mfhp-111,Buckeye Dry Cleaning Pads & Covers 2026,/catalogs/dry-cleaning-catalog.pdf,66,Unipress buck pads and head plates,Unipress,45LX,Head Plate,MFHP-111,White Master Finish,45 x 12 x 9,Utility,true,,Grouped Unipress catalog table row.
dc-unipress-45lx-bmfhp-111,Buckeye Dry Cleaning Pads & Covers 2026,/catalogs/dry-cleaning-catalog.pdf,66,Unipress buck pads and head plates,Unipress,45LX,Head Plate,BMFHP-111,Black Master Finish,45 x 12 x 9,Utility,true,,Grouped Unipress catalog table row.
dc-unipress-45lx-tgp-111,Buckeye Dry Cleaning Pads & Covers 2026,/catalogs/dry-cleaning-catalog.pdf,66,Unipress buck pads and head plates,Unipress,45LX,Teflon Grid Plate,TGP-111,Teflon Grid Plate,45 x 12 x 9,Utility,true,,Grouped Unipress catalog table row.
dc-unipress-45y-pro-845,Buckeye Dry Cleaning Pads & Covers 2026,/catalogs/dry-cleaning-catalog.pdf,66,Unipress buck pads and head plates,Unipress,45Y,Pad/Cover,PRO-845,Tan Pro-Finish 861,45 x 12 x 9,Utility,true,,Grouped Unipress catalog table row.
dc-unipress-45y-rpro-845,Buckeye Dry Cleaning Pads & Covers 2026,/catalogs/dry-cleaning-catalog.pdf,66,Unipress buck pads and head plates,Unipress,45Y,Pad/Cover,RPRO-845,Red Pro-Finish 861,45 x 12 x 9,Utility,true,,Grouped Unipress catalog table row.
dc-unipress-45y-mfhp-111,Buckeye Dry Cleaning Pads & Covers 2026,/catalogs/dry-cleaning-catalog.pdf,66,Unipress buck pads and head plates,Unipress,45Y,Head Plate,MFHP-111,White Master Finish,45 x 12 x 9,Utility,true,,Grouped Unipress catalog table row.
dc-unipress-45y-bmfhp-111,Buckeye Dry Cleaning Pads & Covers 2026,/catalogs/dry-cleaning-catalog.pdf,66,Unipress buck pads and head plates,Unipress,45Y,Head Plate,BMFHP-111,Black Master Finish,45 x 12 x 9,Utility,true,,Grouped Unipress catalog table row.
dc-unipress-45y-tgp-111,Buckeye Dry Cleaning Pads & Covers 2026,/catalogs/dry-cleaning-catalog.pdf,66,Unipress buck pads and head plates,Unipress,45Y,Teflon Grid Plate,TGP-111,Teflon Grid Plate,45 x 12 x 9,Utility,true,,Grouped Unipress catalog table row.
dc-unipress-du-45-pro-845,Buckeye Dry Cleaning Pads & Covers 2026,/catalogs/dry-cleaning-catalog.pdf,66,Unipress buck pads and head plates,Unipress,DU-45,Pad/Cover,PRO-845,Tan Pro-Finish 861,45 x 12 x 9,Utility,true,,Grouped Unipress catalog table row.
dc-unipress-du-45-rpro-845,Buckeye Dry Cleaning Pads & Covers 2026,/catalogs/dry-cleaning-catalog.pdf,66,Unipress buck pads and head plates,Unipress,DU-45,Pad/Cover,RPRO-845,Red Pro-Finish 861,45 x 12 x 9,Utility,true,,Grouped Unipress catalog table row.
dc-unipress-du-45-mfhp-111,Buckeye Dry Cleaning Pads & Covers 2026,/catalogs/dry-cleaning-catalog.pdf,66,Unipress buck pads and head plates,Unipress,DU-45,Head Plate,MFHP-111,White Master Finish,45 x 12 x 9,Utility,true,,Grouped Unipress catalog table row.
dc-unipress-du-45-bmfhp-111,Buckeye Dry Cleaning Pads & Covers 2026,/catalogs/dry-cleaning-catalog.pdf,66,Unipress buck pads and head plates,Unipress,DU-45,Head Plate,BMFHP-111,Black Master Finish,45 x 12 x 9,Utility,true,,Grouped Unipress catalog table row.
dc-unipress-du-45-tgp-111,Buckeye Dry Cleaning Pads & Covers 2026,/catalogs/dry-cleaning-catalog.pdf,66,Unipress buck pads and head plates,Unipress,DU-45,Teflon Grid Plate,TGP-111,Teflon Grid Plate,45 x 12 x 9,Utility,true,,Grouped Unipress catalog table row.
dc-unipress-gbu-45-pro-845,Buckeye Dry Cleaning Pads & Covers 2026,/catalogs/dry-cleaning-catalog.pdf,66,Unipress buck pads and head plates,Unipress,GBU-45,Pad/Cover,PRO-845,Tan Pro-Finish 861,45 x 12 x 9,Utility,true,,Grouped Unipress catalog table row.
dc-unipress-gbu-45-rpro-845,Buckeye Dry Cleaning Pads & Covers 2026,/catalogs/dry-cleaning-catalog.pdf,66,Unipress buck pads and head plates,Unipress,GBU-45,Pad/Cover,RPRO-845,Red Pro-Finish 861,45 x 12 x 9,Utility,true,,Grouped Unipress catalog table row.
dc-unipress-gbu-45-mfhp-111,Buckeye Dry Cleaning Pads & Covers 2026,/catalogs/dry-cleaning-catalog.pdf,66,Unipress buck pads and head plates,Unipress,GBU-45,Head Plate,MFHP-111,White Master Finish,45 x 12 x 9,Utility,true,,Grouped Unipress catalog table row.
dc-unipress-gbu-45-bmfhp-111,Buckeye Dry Cleaning Pads & Covers 2026,/catalogs/dry-cleaning-catalog.pdf,66,Unipress buck pads and head plates,Unipress,GBU-45,Head Plate,BMFHP-111,Black Master Finish,45 x 12 x 9,Utility,true,,Grouped Unipress catalog table row.
dc-unipress-gbu-45-tgp-111,Buckeye Dry Cleaning Pads & Covers 2026,/catalogs/dry-cleaning-catalog.pdf,66,Unipress buck pads and head plates,Unipress,GBU-45,Teflon Grid Plate,TGP-111,Teflon Grid Plate,45 x 12 x 9,Utility,true,,Grouped Unipress catalog table row.
dc-unipress-sdu-45-pro-845,Buckeye Dry Cleaning Pads & Covers 2026,/catalogs/dry-cleaning-catalog.pdf,66,Unipress buck pads and head plates,Unipress,SDU-45,Pad/Cover,PRO-845,Tan Pro-Finish 861,45 x 12 x 9,Utility,true,,Grouped Unipress catalog table row.
dc-unipress-sdu-45-rpro-845,Buckeye Dry Cleaning Pads & Covers 2026,/catalogs/dry-cleaning-catalog.pdf,66,Unipress buck pads and head plates,Unipress,SDU-45,Pad/Cover,RPRO-845,Red Pro-Finish 861,45 x 12 x 9,Utility,true,,Grouped Unipress catalog table row.
dc-unipress-sdu-45-mfhp-111,Buckeye Dry Cleaning Pads & Covers 2026,/catalogs/dry-cleaning-catalog.pdf,66,Unipress buck pads and head plates,Unipress,SDU-45,Head Plate,MFHP-111,White Master Finish,45 x 12 x 9,Utility,true,,Grouped Unipress catalog table row.
dc-unipress-sdu-45-bmfhp-111,Buckeye Dry Cleaning Pads & Covers 2026,/catalogs/dry-cleaning-catalog.pdf,66,Unipress buck pads and head plates,Unipress,SDU-45,Head Plate,BMFHP-111,Black Master Finish,45 x 12 x 9,Utility,true,,Grouped Unipress catalog table row.
dc-unipress-sdu-45-tgp-111,Buckeye Dry Cleaning Pads & Covers 2026,/catalogs/dry-cleaning-catalog.pdf,66,Unipress buck pads and head plates,Unipress,SDU-45,Teflon Grid Plate,TGP-111,Teflon Grid Plate,45 x 12 x 9,Utility,true,,Grouped Unipress catalog table row.
dc-unipress-46x-pro-850,Buckeye Dry Cleaning Pads & Covers 2026,/catalogs/dry-cleaning-catalog.pdf,66,Unipress buck pads and head plates,Unipress,46X,Pad/Cover,PRO-850,Tan Pro-Finish 861,46 x 18 x 9 1/2,Legger w/cut-out,true,,DC-46S lists TGP-2048/RMFHP-2048/BMFHP-2048; verify variant. Grouped Unipress catalog table row.
dc-unipress-46x-rpro-850,Buckeye Dry Cleaning Pads & Covers 2026,/catalogs/dry-cleaning-catalog.pdf,66,Unipress buck pads and head plates,Unipress,46X,Pad/Cover,RPRO-850,Red Pro-Finish 861,46 x 18 x 9 1/2,Legger w/cut-out,true,,DC-46S lists TGP-2048/RMFHP-2048/BMFHP-2048; verify variant. Grouped Unipress catalog table row.
dc-unipress-46x-mfhp-153,Buckeye Dry Cleaning Pads & Covers 2026,/catalogs/dry-cleaning-catalog.pdf,66,Unipress buck pads and head plates,Unipress,46X,Head Plate,MFHP-153,White Master Finish,46 x 18 x 9 1/2,Legger w/cut-out,true,,DC-46S lists TGP-2048/RMFHP-2048/BMFHP-2048; verify variant. Grouped Unipress catalog table row.
dc-unipress-46x-bmfhp-153,Buckeye Dry Cleaning Pads & Covers 2026,/catalogs/dry-cleaning-catalog.pdf,66,Unipress buck pads and head plates,Unipress,46X,Head Plate,BMFHP-153,Black Master Finish,46 x 18 x 9 1/2,Legger w/cut-out,true,,DC-46S lists TGP-2048/RMFHP-2048/BMFHP-2048; verify variant. Grouped Unipress catalog table row.
dc-unipress-46x-tgp-153,Buckeye Dry Cleaning Pads & Covers 2026,/catalogs/dry-cleaning-catalog.pdf,66,Unipress buck pads and head plates,Unipress,46X,Teflon Grid Plate,TGP-153,Teflon Grid Plate,46 x 18 x 9 1/2,Legger w/cut-out,true,,DC-46S lists TGP-2048/RMFHP-2048/BMFHP-2048; verify variant. Grouped Unipress catalog table row.
dc-unipress-46y-pro-850,Buckeye Dry Cleaning Pads & Covers 2026,/catalogs/dry-cleaning-catalog.pdf,66,Unipress buck pads and head plates,Unipress,46Y,Pad/Cover,PRO-850,Tan Pro-Finish 861,46 x 18 x 9 1/2,Legger w/cut-out,true,,DC-46S lists TGP-2048/RMFHP-2048/BMFHP-2048; verify variant. Grouped Unipress catalog table row.
dc-unipress-46y-rpro-850,Buckeye Dry Cleaning Pads & Covers 2026,/catalogs/dry-cleaning-catalog.pdf,66,Unipress buck pads and head plates,Unipress,46Y,Pad/Cover,RPRO-850,Red Pro-Finish 861,46 x 18 x 9 1/2,Legger w/cut-out,true,,DC-46S lists TGP-2048/RMFHP-2048/BMFHP-2048; verify variant. Grouped Unipress catalog table row.
dc-unipress-46y-mfhp-153,Buckeye Dry Cleaning Pads & Covers 2026,/catalogs/dry-cleaning-catalog.pdf,66,Unipress buck pads and head plates,Unipress,46Y,Head Plate,MFHP-153,White Master Finish,46 x 18 x 9 1/2,Legger w/cut-out,true,,DC-46S lists TGP-2048/RMFHP-2048/BMFHP-2048; verify variant. Grouped Unipress catalog table row.
dc-unipress-46y-bmfhp-153,Buckeye Dry Cleaning Pads & Covers 2026,/catalogs/dry-cleaning-catalog.pdf,66,Unipress buck pads and head plates,Unipress,46Y,Head Plate,BMFHP-153,Black Master Finish,46 x 18 x 9 1/2,Legger w/cut-out,true,,DC-46S lists TGP-2048/RMFHP-2048/BMFHP-2048; verify variant. Grouped Unipress catalog table row.
dc-unipress-46y-tgp-153,Buckeye Dry Cleaning Pads & Covers 2026,/catalogs/dry-cleaning-catalog.pdf,66,Unipress buck pads and head plates,Unipress,46Y,Teflon Grid Plate,TGP-153,Teflon Grid Plate,46 x 18 x 9 1/2,Legger w/cut-out,true,,DC-46S lists TGP-2048/RMFHP-2048/BMFHP-2048; verify variant. Grouped Unipress catalog table row.
dc-unipress-gbl-46-pro-850,Buckeye Dry Cleaning Pads & Covers 2026,/catalogs/dry-cleaning-catalog.pdf,66,Unipress buck pads and head plates,Unipress,GBL-46,Pad/Cover,PRO-850,Tan Pro-Finish 861,46 x 18 x 9 1/2,Legger w/cut-out,true,,DC-46S lists TGP-2048/RMFHP-2048/BMFHP-2048; verify variant. Grouped Unipress catalog table row.
dc-unipress-gbl-46-rpro-850,Buckeye Dry Cleaning Pads & Covers 2026,/catalogs/dry-cleaning-catalog.pdf,66,Unipress buck pads and head plates,Unipress,GBL-46,Pad/Cover,RPRO-850,Red Pro-Finish 861,46 x 18 x 9 1/2,Legger w/cut-out,true,,DC-46S lists TGP-2048/RMFHP-2048/BMFHP-2048; verify variant. Grouped Unipress catalog table row.
dc-unipress-gbl-46-mfhp-153,Buckeye Dry Cleaning Pads & Covers 2026,/catalogs/dry-cleaning-catalog.pdf,66,Unipress buck pads and head plates,Unipress,GBL-46,Head Plate,MFHP-153,White Master Finish,46 x 18 x 9 1/2,Legger w/cut-out,true,,DC-46S lists TGP-2048/RMFHP-2048/BMFHP-2048; verify variant. Grouped Unipress catalog table row.
dc-unipress-gbl-46-bmfhp-153,Buckeye Dry Cleaning Pads & Covers 2026,/catalogs/dry-cleaning-catalog.pdf,66,Unipress buck pads and head plates,Unipress,GBL-46,Head Plate,BMFHP-153,Black Master Finish,46 x 18 x 9 1/2,Legger w/cut-out,true,,DC-46S lists TGP-2048/RMFHP-2048/BMFHP-2048; verify variant. Grouped Unipress catalog table row.
dc-unipress-gbl-46-tgp-153,Buckeye Dry Cleaning Pads & Covers 2026,/catalogs/dry-cleaning-catalog.pdf,66,Unipress buck pads and head plates,Unipress,GBL-46,Teflon Grid Plate,TGP-153,Teflon Grid Plate,46 x 18 x 9 1/2,Legger w/cut-out,true,,DC-46S lists TGP-2048/RMFHP-2048/BMFHP-2048; verify variant. Grouped Unipress catalog table row.
dc-unipress-sdl-46-pro-850,Buckeye Dry Cleaning Pads & Covers 2026,/catalogs/dry-cleaning-catalog.pdf,66,Unipress buck pads and head plates,Unipress,SDL-46,Pad/Cover,PRO-850,Tan Pro-Finish 861,46 x 18 x 9 1/2,Legger w/cut-out,true,,DC-46S lists TGP-2048/RMFHP-2048/BMFHP-2048; verify variant. Grouped Unipress catalog table row.
dc-unipress-sdl-46-rpro-850,Buckeye Dry Cleaning Pads & Covers 2026,/catalogs/dry-cleaning-catalog.pdf,66,Unipress buck pads and head plates,Unipress,SDL-46,Pad/Cover,RPRO-850,Red Pro-Finish 861,46 x 18 x 9 1/2,Legger w/cut-out,true,,DC-46S lists TGP-2048/RMFHP-2048/BMFHP-2048; verify variant. Grouped Unipress catalog table row.
dc-unipress-sdl-46-mfhp-153,Buckeye Dry Cleaning Pads & Covers 2026,/catalogs/dry-cleaning-catalog.pdf,66,Unipress buck pads and head plates,Unipress,SDL-46,Head Plate,MFHP-153,White Master Finish,46 x 18 x 9 1/2,Legger w/cut-out,true,,DC-46S lists TGP-2048/RMFHP-2048/BMFHP-2048; verify variant. Grouped Unipress catalog table row.
dc-unipress-sdl-46-bmfhp-153,Buckeye Dry Cleaning Pads & Covers 2026,/catalogs/dry-cleaning-catalog.pdf,66,Unipress buck pads and head plates,Unipress,SDL-46,Head Plate,BMFHP-153,Black Master Finish,46 x 18 x 9 1/2,Legger w/cut-out,true,,DC-46S lists TGP-2048/RMFHP-2048/BMFHP-2048; verify variant. Grouped Unipress catalog table row.
dc-unipress-sdl-46-tgp-153,Buckeye Dry Cleaning Pads & Covers 2026,/catalogs/dry-cleaning-catalog.pdf,66,Unipress buck pads and head plates,Unipress,SDL-46,Teflon Grid Plate,TGP-153,Teflon Grid Plate,46 x 18 x 9 1/2,Legger w/cut-out,true,,DC-46S lists TGP-2048/RMFHP-2048/BMFHP-2048; verify variant. Grouped Unipress catalog table row.
dc-unipress-dc-46s-pro-850,Buckeye Dry Cleaning Pads & Covers 2026,/catalogs/dry-cleaning-catalog.pdf,66,Unipress buck pads and head plates,Unipress,DC-46S,Pad/Cover,PRO-850,Tan Pro-Finish 861,46 x 18 x 9 1/2,Legger w/cut-out,true,,DC-46S lists TGP-2048/RMFHP-2048/BMFHP-2048; verify variant. Grouped Unipress catalog table row.
dc-unipress-dc-46s-rpro-850,Buckeye Dry Cleaning Pads & Covers 2026,/catalogs/dry-cleaning-catalog.pdf,66,Unipress buck pads and head plates,Unipress,DC-46S,Pad/Cover,RPRO-850,Red Pro-Finish 861,46 x 18 x 9 1/2,Legger w/cut-out,true,,DC-46S lists TGP-2048/RMFHP-2048/BMFHP-2048; verify variant. Grouped Unipress catalog table row.
dc-unipress-dc-46s-mfhp-153,Buckeye Dry Cleaning Pads & Covers 2026,/catalogs/dry-cleaning-catalog.pdf,66,Unipress buck pads and head plates,Unipress,DC-46S,Head Plate,MFHP-153,White Master Finish,46 x 18 x 9 1/2,Legger w/cut-out,true,,DC-46S lists TGP-2048/RMFHP-2048/BMFHP-2048; verify variant. Grouped Unipress catalog table row.
dc-unipress-dc-46s-bmfhp-153,Buckeye Dry Cleaning Pads & Covers 2026,/catalogs/dry-cleaning-catalog.pdf,66,Unipress buck pads and head plates,Unipress,DC-46S,Head Plate,BMFHP-153,Black Master Finish,46 x 18 x 9 1/2,Legger w/cut-out,true,,DC-46S lists TGP-2048/RMFHP-2048/BMFHP-2048; verify variant. Grouped Unipress catalog table row.
dc-unipress-dc-46s-tgp-153,Buckeye Dry Cleaning Pads & Covers 2026,/catalogs/dry-cleaning-catalog.pdf,66,Unipress buck pads and head plates,Unipress,DC-46S,Teflon Grid Plate,TGP-153,Teflon Grid Plate,46 x 18 x 9 1/2,Legger w/cut-out,true,,DC-46S lists TGP-2048/RMFHP-2048/BMFHP-2048; verify variant. Grouped Unipress catalog table row.
dc-unipress-dl-46-pro-850,Buckeye Dry Cleaning Pads & Covers 2026,/catalogs/dry-cleaning-catalog.pdf,66,Unipress buck pads and head plates,Unipress,DL-46,Pad/Cover,PRO-850,Tan Pro-Finish 861,46 x 19 x 8 1/2,Legger w/cut-out,true,,Catalog notes center leaf ROWN-2370. Grouped Unipress catalog table row.
dc-unipress-dl-46-rpro-850,Buckeye Dry Cleaning Pads & Covers 2026,/catalogs/dry-cleaning-catalog.pdf,66,Unipress buck pads and head plates,Unipress,DL-46,Pad/Cover,RPRO-850,Red Pro-Finish 861,46 x 19 x 8 1/2,Legger w/cut-out,true,,Catalog notes center leaf ROWN-2370. Grouped Unipress catalog table row.
dc-unipress-dl-46-mfhp-95,Buckeye Dry Cleaning Pads & Covers 2026,/catalogs/dry-cleaning-catalog.pdf,66,Unipress buck pads and head plates,Unipress,DL-46,Head Plate,MFHP-95,White Master Finish,46 x 19 x 8 1/2,Legger w/cut-out,true,,Catalog notes center leaf ROWN-2370. Grouped Unipress catalog table row.
dc-unipress-dl-46-bmfhp-95,Buckeye Dry Cleaning Pads & Covers 2026,/catalogs/dry-cleaning-catalog.pdf,66,Unipress buck pads and head plates,Unipress,DL-46,Head Plate,BMFHP-95,Black Master Finish,46 x 19 x 8 1/2,Legger w/cut-out,true,,Catalog notes center leaf ROWN-2370. Grouped Unipress catalog table row.
dc-unipress-dl-46-tgp-95,Buckeye Dry Cleaning Pads & Covers 2026,/catalogs/dry-cleaning-catalog.pdf,66,Unipress buck pads and head plates,Unipress,DL-46,Teflon Grid Plate,TGP-95,Teflon Grid Plate,46 x 19 x 8 1/2,Legger w/cut-out,true,,Catalog notes center leaf ROWN-2370. Grouped Unipress catalog table row.
dc-unipress-dla-46-pro-850,Buckeye Dry Cleaning Pads & Covers 2026,/catalogs/dry-cleaning-catalog.pdf,66,Unipress buck pads and head plates,Unipress,DLA-46,Pad/Cover,PRO-850,Tan Pro-Finish 861,46 x 19 x 8 1/2,Legger w/cut-out,true,,Catalog notes center leaf ROWN-2370. Grouped Unipress catalog table row.
dc-unipress-dla-46-rpro-850,Buckeye Dry Cleaning Pads & Covers 2026,/catalogs/dry-cleaning-catalog.pdf,66,Unipress buck pads and head plates,Unipress,DLA-46,Pad/Cover,RPRO-850,Red Pro-Finish 861,46 x 19 x 8 1/2,Legger w/cut-out,true,,Catalog notes center leaf ROWN-2370. Grouped Unipress catalog table row.
dc-unipress-dla-46-mfhp-95,Buckeye Dry Cleaning Pads & Covers 2026,/catalogs/dry-cleaning-catalog.pdf,66,Unipress buck pads and head plates,Unipress,DLA-46,Head Plate,MFHP-95,White Master Finish,46 x 19 x 8 1/2,Legger w/cut-out,true,,Catalog notes center leaf ROWN-2370. Grouped Unipress catalog table row.
dc-unipress-dla-46-bmfhp-95,Buckeye Dry Cleaning Pads & Covers 2026,/catalogs/dry-cleaning-catalog.pdf,66,Unipress buck pads and head plates,Unipress,DLA-46,Head Plate,BMFHP-95,Black Master Finish,46 x 19 x 8 1/2,Legger w/cut-out,true,,Catalog notes center leaf ROWN-2370. Grouped Unipress catalog table row.
dc-unipress-dla-46-tgp-95,Buckeye Dry Cleaning Pads & Covers 2026,/catalogs/dry-cleaning-catalog.pdf,66,Unipress buck pads and head plates,Unipress,DLA-46,Teflon Grid Plate,TGP-95,Teflon Grid Plate,46 x 19 x 8 1/2,Legger w/cut-out,true,,Catalog notes center leaf ROWN-2370. Grouped Unipress catalog table row.
dc-unipress-doc-47-see-page-dc-44-offset-utility,Buckeye Dry Cleaning Pads & Covers 2026,/catalogs/dry-cleaning-catalog.pdf,66,Unipress offset and hot heads references,Unipress,DOC-47,Reference,SEE PAGE DC 44,,47 x 16 x 9,Offset - Utility,false,,
dc-unipress-42xh-see-page-dc-43-utility-silk,Buckeye Dry Cleaning Pads & Covers 2026,/catalogs/dry-cleaning-catalog.pdf,66,Unipress hot heads and silk presses,Unipress,42XH,Hot Head / Silk Press Reference,SEE PAGE DC 43,,42 x 12 x 9,Utility - Silk,false,,
dc-unipress-42yh-see-page-dc-43-utility-silk,Buckeye Dry Cleaning Pads & Covers 2026,/catalogs/dry-cleaning-catalog.pdf,66,Unipress hot heads and silk presses,Unipress,42YH,Hot Head / Silk Press Reference,SEE PAGE DC 43,,42 x 12 x 9,Utility - Silk,false,,
dc-unipress-gbh-42-see-page-dc-43-utility-silk,Buckeye Dry Cleaning Pads & Covers 2026,/catalogs/dry-cleaning-catalog.pdf,66,Unipress hot heads and silk presses,Unipress,GBH-42,Hot Head / Silk Press Reference,SEE PAGE DC 43,,42 x 12 x 9,Utility - Silk,false,,
dc-unipress-sdh-42-see-page-dc-43-utility-silk,Buckeye Dry Cleaning Pads & Covers 2026,/catalogs/dry-cleaning-catalog.pdf,66,Unipress hot heads and silk presses,Unipress,SDH-42,Hot Head / Silk Press Reference,SEE PAGE DC 43,,42 x 12 x 9,Utility - Silk,false,,
dc-unipress-45hox-see-page-dc-43-utility,Buckeye Dry Cleaning Pads & Covers 2026,/catalogs/dry-cleaning-catalog.pdf,66,Unipress hot heads and silk presses,Unipress,45HOX,Hot Head / Silk Press Reference,SEE PAGE DC 43,,45 x 12 x 9,Utility,false,,
dc-unipress-46xh-see-page-dc-43-utility,Buckeye Dry Cleaning Pads & Covers 2026,/catalogs/dry-cleaning-catalog.pdf,66,Unipress hot heads and silk presses,Unipress,46XH,Hot Head / Silk Press Reference,SEE PAGE DC 43,,46 x 18 x 9 1/2,Utility,false,,
dc-unipress-ata-992-cover-only-for-pants-topper-40587,Buckeye Dry Cleaning Pads & Covers 2026,/catalogs/dry-cleaning-catalog.pdf,67,Unipress covers and pads for pants toppers,Unipress,ATA,Cover,992,,,Cover Only for Pants Topper - 40587,false,,
dc-unipress-ata-1203-foam-pad,Buckeye Dry Cleaning Pads & Covers 2026,/catalogs/dry-cleaning-catalog.pdf,67,Unipress covers and pads for pants toppers,Unipress,ATA,Foam Pad,1203,,,Foam Pad,false,,
dc-unipress-ata-c-1034-fly-clamp-cover,Buckeye Dry Cleaning Pads & Covers 2026,/catalogs/dry-cleaning-catalog.pdf,67,Unipress covers and pads for pants toppers,Unipress,ATA,Fly Clamp Cover,C-1034,,11 x 3 3/4,Fly Clamp Cover,false,,
dc-unipress-ata-ts-1203-texsteel-steel-base-pad-diffuser,Buckeye Dry Cleaning Pads & Covers 2026,/catalogs/dry-cleaning-catalog.pdf,67,Unipress covers and pads for pants toppers,Unipress,ATA,Texsteel Steel Base Pad,TS-1203,,,Texsteel Steel Base Pad Diffuser,false,,
dc-unipress-ata-fow-1203-flan-o-wool-metal-flannel-pad,Buckeye Dry Cleaning Pads & Covers 2026,/catalogs/dry-cleaning-catalog.pdf,67,Unipress covers and pads for pants toppers,Unipress,ATA,Flan-O-Wool Metal Flannel Pad,FOW-1203,,,Flan-O-Wool Metal Flannel Pad,false,,
dc-unipress-atf-1554-cover-and-pad-set-for-pants-topper,Buckeye Dry Cleaning Pads & Covers 2026,/catalogs/dry-cleaning-catalog.pdf,67,Unipress covers and pads for pants toppers,Unipress,ATF,Cover/Pad Set,1554,,,Cover and Pad Set for Pants Topper,false,,
dc-unipress-att-2100-red-cover-and-pad-set-for-pants-topper,Buckeye Dry Cleaning Pads & Covers 2026,/catalogs/dry-cleaning-catalog.pdf,67,Unipress covers and pads for pants toppers,Unipress,ATT,Cover/Pad Set,2100,,,Red Cover and Pad Set for Pants Topper,false,,
dc-unipress-att-wkfm-2099-clamp-cover-pad,Buckeye Dry Cleaning Pads & Covers 2026,/catalogs/dry-cleaning-catalog.pdf,67,Unipress covers and pads for pants toppers,Unipress,ATT,Clamp Cover/Pad,WKFM-2099,,,Clamp Cover/Pad,false,2 required,
dc-unipress-att-rown-1746-red-fly-clamp-cover,Buckeye Dry Cleaning Pads & Covers 2026,/catalogs/dry-cleaning-catalog.pdf,67,Unipress covers and pads for pants toppers,Unipress,ATT,Fly Clamp Cover,ROWN-1746,,,Red Fly Clamp Cover,false,,
dc-unipress-att-2116-skirt,Buckeye Dry Cleaning Pads & Covers 2026,/catalogs/dry-cleaning-catalog.pdf,67,Unipress covers and pads for pants toppers,Unipress,ATT,Skirt,2116,,,Skirt,false,,
dc-unipress-att-1254-cover-only-for-pants-topper,Buckeye Dry Cleaning Pads & Covers 2026,/catalogs/dry-cleaning-catalog.pdf,67,Unipress covers and pads for pants toppers,Unipress,ATT,Cover,1254,,,Cover Only for Pants Topper,false,,
dc-unipress-att-1403-foam-pad,Buckeye Dry Cleaning Pads & Covers 2026,/catalogs/dry-cleaning-catalog.pdf,67,Unipress covers and pads for pants toppers,Unipress,ATT,Foam Pad,1403,,,Foam Pad,false,,
dc-unipress-att-ts-1403-texsteel-steel-base-pad-diffuser,Buckeye Dry Cleaning Pads & Covers 2026,/catalogs/dry-cleaning-catalog.pdf,67,Unipress covers and pads for pants toppers,Unipress,ATT,Texsteel Steel Base Pad,TS-1403,,,Texsteel Steel Base Pad Diffuser,false,,
dc-unipress-att-fow-1403-flan-o-wool-metal-flannel-pad,Buckeye Dry Cleaning Pads & Covers 2026,/catalogs/dry-cleaning-catalog.pdf,67,Unipress covers and pads for pants toppers,Unipress,ATT,Flan-O-Wool Metal Flannel Pad,FOW-1403,,,Flan-O-Wool Metal Flannel Pad,false,,
dc-unipress-mtf-1584-cover-and-pad-set-for-pants-topper,Buckeye Dry Cleaning Pads & Covers 2026,/catalogs/dry-cleaning-catalog.pdf,67,Unipress covers and pads for pants toppers,Unipress,MTF,Cover/Pad Set,1584,,,Cover and Pad Set for Pants Topper,false,,
dc-unipress-stf-1450-cover-only-for-pants-topper,Buckeye Dry Cleaning Pads & Covers 2026,/catalogs/dry-cleaning-catalog.pdf,67,Unipress covers and pads for pants toppers,Unipress,STF,Cover,1450,,,Cover Only for Pants Topper,false,,
dc-unipress-stf-1447-foam-pad,Buckeye Dry Cleaning Pads & Covers 2026,/catalogs/dry-cleaning-catalog.pdf,67,Unipress covers and pads for pants toppers,Unipress,STF,Foam Pad,1447,,,Foam Pad,false,,
dc-unipress-stf-b-1746-fly-clamp-cover-pad,Buckeye Dry Cleaning Pads & Covers 2026,/catalogs/dry-cleaning-catalog.pdf,67,Unipress covers and pads for pants toppers,Unipress,STF,Fly Clamp Cover/Pad,B-1746,,,Fly Clamp Cover/Pad,false,,
dc-unipress-stf-cpdb-1445-clamp-cover-pad,Buckeye Dry Cleaning Pads & Covers 2026,/catalogs/dry-cleaning-catalog.pdf,67,Unipress covers and pads for pants toppers,Unipress,STF,Clamp Cover/Pad,CPDB-1445,,18 1/2 x 9,Clamp Cover/Pad,false,2 required,
dc-unipress-asf-1094-steam-air-finisher-cover-22858,Buckeye Dry Cleaning Pads & Covers 2026,/catalogs/dry-cleaning-catalog.pdf,67,Unipress covers and pads for steam air finishers,Unipress,ASF,Steam Air Finisher Cover,1094,,,Steam Air Finisher Cover - 22858,false,,
dc-unipress-asf-947-net-overbag-22857,Buckeye Dry Cleaning Pads & Covers 2026,/catalogs/dry-cleaning-catalog.pdf,67,Unipress covers and pads for steam air finishers,Unipress,ASF,Net Overbag,947,,,Net Overbag - 22857,false,,
dc-unipress-asf-1402-terry-cloth-stain-guard-22882,Buckeye Dry Cleaning Pads & Covers 2026,/catalogs/dry-cleaning-catalog.pdf,67,Unipress covers and pads for steam air finishers,Unipress,ASF,Terry Cloth Stain Guard,1402,,,Terry Cloth Stain Guard - 22882,false,,
dc-unipress-asf-956-front-clamp-cover-pad,Buckeye Dry Cleaning Pads & Covers 2026,/catalogs/dry-cleaning-catalog.pdf,67,Unipress covers and pads for steam air finishers,Unipress,ASF,Clamp Cover/Pad,956,,4 x 36,Front Clamp Cover/Pad,false,,
dc-unipress-stf-1745-cover,Buckeye Dry Cleaning Pads & Covers 2026,/catalogs/dry-cleaning-catalog.pdf,67,Unipress STF pants topper detail,Unipress,STF,Cover,1745,,,Cover,false,,
dc-unipress-stf-bafm-1813-left-rear-clamp,Buckeye Dry Cleaning Pads & Covers 2026,/catalogs/dry-cleaning-catalog.pdf,67,Unipress STF pants topper detail,Unipress,STF,Rear Clamp,BAFM-1813,,,Left Rear Clamp,false,,
dc-unipress-stf-b-1751-collar-support,Buckeye Dry Cleaning Pads & Covers 2026,/catalogs/dry-cleaning-catalog.pdf,67,Unipress STF pants topper detail,Unipress,STF,Collar Support,B-1751,,,Collar Support,false,,
dc-unipress-stf-b-1746-fly-clamp-cover-pad,Buckeye Dry Cleaning Pads & Covers 2026,/catalogs/dry-cleaning-catalog.pdf,67,Unipress STF pants topper detail,Unipress,STF,Fly Clamp Cover/Pad,B-1746,,,Fly Clamp Cover/Pad,false,,
dc-unipress-stf-bafm-1811-right-rear-clamp,Buckeye Dry Cleaning Pads & Covers 2026,/catalogs/dry-cleaning-catalog.pdf,67,Unipress STF pants topper detail,Unipress,STF,Rear Clamp,BAFM-1811,,,Right Rear Clamp,false,,
dc-unipress-stf-bafm-1817-clamp-cover-pad,Buckeye Dry Cleaning Pads & Covers 2026,/catalogs/dry-cleaning-catalog.pdf,67,Unipress STF pants topper detail,Unipress,STF,Clamp Cover/Pad,BAFM-1817,,,Clamp Cover/Pad,false,2 required,
dc-unipress-stf-bafm-1815-clamp-cover-pad,Buckeye Dry Cleaning Pads & Covers 2026,/catalogs/dry-cleaning-catalog.pdf,67,Unipress STF pants topper detail,Unipress,STF,Clamp Cover/Pad,BAFM-1815,,,Clamp Cover/Pad,false,2 required,
dc-unipress-stf-b-1883-clamp-cover-pad,Buckeye Dry Cleaning Pads & Covers 2026,/catalogs/dry-cleaning-catalog.pdf,67,Unipress STF pants topper detail,Unipress,STF,Clamp Cover/Pad,B-1883,,,Clamp Cover/Pad,false,2 required,
dc-unipress-stf-1450-cover-only-for-pants-topper,Buckeye Dry Cleaning Pads & Covers 2026,/catalogs/dry-cleaning-catalog.pdf,68,Unipress covers and pads continuation,Unipress,STF,Cover,1450,,,Cover Only for Pants Topper,false,,
dc-unipress-stf-1447-foam-pad,Buckeye Dry Cleaning Pads & Covers 2026,/catalogs/dry-cleaning-catalog.pdf,68,Unipress covers and pads continuation,Unipress,STF,Foam Pad,1447,,,Foam Pad,false,,
dc-unipress-stf-b-1746-fly-clamp-cover-pad,Buckeye Dry Cleaning Pads & Covers 2026,/catalogs/dry-cleaning-catalog.pdf,68,Unipress covers and pads continuation,Unipress,STF,Fly Clamp Cover/Pad,B-1746,,,Fly Clamp Cover/Pad,false,,
dc-unipress-stf-cpdb-1445-clamp-cover-pad,Buckeye Dry Cleaning Pads & Covers 2026,/catalogs/dry-cleaning-catalog.pdf,68,Unipress covers and pads continuation,Unipress,STF,Clamp Cover/Pad,CPDB-1445,,18 1/2 x 9,Clamp Cover/Pad,false,2 required,
dc-unipress-asf-1094-steam-air-finisher-cover-22858,Buckeye Dry Cleaning Pads & Covers 2026,/catalogs/dry-cleaning-catalog.pdf,68,Unipress covers and pads continuation,Unipress,ASF,Steam Air Finisher Cover,1094,,,Steam Air Finisher Cover - 22858,false,,
dc-unipress-asf-947-net-overbag-22857,Buckeye Dry Cleaning Pads & Covers 2026,/catalogs/dry-cleaning-catalog.pdf,68,Unipress covers and pads continuation,Unipress,ASF,Net Overbag,947,,,Net Overbag - 22857,false,,
dc-unipress-asf-1402-terry-cloth-stain-guard-22882,Buckeye Dry Cleaning Pads & Covers 2026,/catalogs/dry-cleaning-catalog.pdf,68,Unipress covers and pads continuation,Unipress,ASF,Terry Cloth Stain Guard,1402,,,Terry Cloth Stain Guard - 22882,false,,
dc-unipress-asf-956-front-clamp-cover-pad,Buckeye Dry Cleaning Pads & Covers 2026,/catalogs/dry-cleaning-catalog.pdf,68,Unipress covers and pads continuation,Unipress,ASF,Clamp Cover/Pad,956,,4 x 36,Front Clamp Cover/Pad,false,,
dc-unipress-tsfc-1745-cover,Buckeye Dry Cleaning Pads & Covers 2026,/catalogs/dry-cleaning-catalog.pdf,68,Unipress covers and pads continuation,Unipress,TSFC,Cover,1745,,,Cover,false,,
dc-unipress-tsfc-bafm-1813-left-rear-clamp,Buckeye Dry Cleaning Pads & Covers 2026,/catalogs/dry-cleaning-catalog.pdf,68,Unipress covers and pads continuation,Unipress,TSFC,Rear Clamp,BAFM-1813,,,Left Rear Clamp,false,,
dc-unipress-tsfc-b-1751-left-rear-clamp,Buckeye Dry Cleaning Pads & Covers 2026,/catalogs/dry-cleaning-catalog.pdf,68,Unipress covers and pads continuation,Unipress,TSFC,Rear Clamp,B-1751,,,Left Rear Clamp,false,,
dc-unipress-tsfc-b-1744-small-clamps,Buckeye Dry Cleaning Pads & Covers 2026,/catalogs/dry-cleaning-catalog.pdf,68,Unipress covers and pads continuation,Unipress,TSFC,Small Clamps,B-1744,,,Small Clamps,false,2 required,
dc-unipress-tsfc-b-1746-collar-support,Buckeye Dry Cleaning Pads & Covers 2026,/catalogs/dry-cleaning-catalog.pdf,68,Unipress covers and pads continuation,Unipress,TSFC,Collar Support,B-1746,,,Collar Support,false,,
dc-unipress-tsfc-bafm-1811-right-rear-clamp,Buckeye Dry Cleaning Pads & Covers 2026,/catalogs/dry-cleaning-catalog.pdf,68,Unipress covers and pads continuation,Unipress,TSFC,Rear Clamp,BAFM-1811,,,Right Rear Clamp,false,1 required,
dc-unipress-tsfc-bafm-1817-clamp-cover-pad,Buckeye Dry Cleaning Pads & Covers 2026,/catalogs/dry-cleaning-catalog.pdf,68,Unipress covers and pads continuation,Unipress,TSFC,Clamp Cover/Pad,BAFM-1817,,,Clamp Cover/Pad,false,2 required,
dc-unipress-tsfc-bafm-1815-clamp-cover-pad,Buckeye Dry Cleaning Pads & Covers 2026,/catalogs/dry-cleaning-catalog.pdf,68,Unipress covers and pads continuation,Unipress,TSFC,Clamp Cover/Pad,BAFM-1815,,,Clamp Cover/Pad,false,2 required,
dc-unipress-tsfc-b-1883-clamp-cover-pad,Buckeye Dry Cleaning Pads & Covers 2026,/catalogs/dry-cleaning-catalog.pdf,68,Unipress covers and pads continuation,Unipress,TSFC,Clamp Cover/Pad,B-1883,,,Clamp Cover/Pad,false,2 required,
dc-unipress-tsfc-b-1743-long-clamp,Buckeye Dry Cleaning Pads & Covers 2026,/catalogs/dry-cleaning-catalog.pdf,68,Unipress covers and pads continuation,Unipress,TSFC,Long Clamp,B-1743,,,Long Clamp,false,,
dc-unipress-tpf-b-1747-front-plate-cover,Buckeye Dry Cleaning Pads & Covers 2026,/catalogs/dry-cleaning-catalog.pdf,69,Unipress tensioning equipment,Unipress,TPF,Plate Cover,B-1747,,,Front Plate Cover,false,,
dc-unipress-tpf-b-1748-rear-plate-cover,Buckeye Dry Cleaning Pads & Covers 2026,/catalogs/dry-cleaning-catalog.pdf,69,Unipress tensioning equipment,Unipress,TPF,Plate Cover,B-1748,,,Rear Plate Cover,false,,
dc-unipress-tpf-b-1746-waist-clamp-cover,Buckeye Dry Cleaning Pads & Covers 2026,/catalogs/dry-cleaning-catalog.pdf,69,Unipress tensioning equipment,Unipress,TPF,Waist Clamp Cover,B-1746,,,Waist Clamp Cover,false,,
dc-unipress-tpf-p-1760-pant-topper-cover-w-foam,Buckeye Dry Cleaning Pads & Covers 2026,/catalogs/dry-cleaning-catalog.pdf,69,Unipress tensioning equipment,Unipress,TPF-P,Cover,1760,,,Pant Topper Cover w/Foam,false,,
dc-unipress-tpf-p-wkfm-1759-clamp-cover-pad,Buckeye Dry Cleaning Pads & Covers 2026,/catalogs/dry-cleaning-catalog.pdf,69,Unipress tensioning equipment,Unipress,TPF-P,Clamp Cover/Pad,WKFM-1759,,10 x 18 x 14,Clamp Cover/Pad,false,2 required,
dc-unipress-tpf-p-wk-1762-rear-expander-cover-older,Buckeye Dry Cleaning Pads & Covers 2026,/catalogs/dry-cleaning-catalog.pdf,69,Unipress tensioning equipment,Unipress,TPF-P,Rear Expander Cover,WK-1762,,,Rear Expander Cover older,false,3 x 8,
dc-unipress-tpf-p-wk-1819-rear-expander-cover-newer,Buckeye Dry Cleaning Pads & Covers 2026,/catalogs/dry-cleaning-catalog.pdf,69,Unipress tensioning equipment,Unipress,TPF-P,Rear Expander Cover,WK-1819,,,Rear Expander Cover newer,false,5 x 8,
dc-unipress-tpf-p-b-1746-waist-clamp-cover,Buckeye Dry Cleaning Pads & Covers 2026,/catalogs/dry-cleaning-catalog.pdf,69,Unipress tensioning equipment,Unipress,TPF-P,Waist Clamp Cover,B-1746,,,Waist Clamp Cover,false,,
dc-unipress-tsf-1745-shirt-finisher-cover,Buckeye Dry Cleaning Pads & Covers 2026,/catalogs/dry-cleaning-catalog.pdf,69,Unipress tensioning equipment,Unipress,TSF,Shirt Finisher Cover,1745,,,Shirt Finisher Cover,false,,
dc-unipress-tsf-b-1746-collar-clamp-cover,Buckeye Dry Cleaning Pads & Covers 2026,/catalogs/dry-cleaning-catalog.pdf,69,Unipress tensioning equipment,Unipress,TSF,Collar Clamp Cover,B-1746,,,Collar Clamp Cover,false,,
dc-unipress-tsf-b-1743-clamp-cover-long,Buckeye Dry Cleaning Pads & Covers 2026,/catalogs/dry-cleaning-catalog.pdf,69,Unipress tensioning equipment,Unipress,TSF,Clamp Cover,B-1743,,4 1/2 x 33 1/2,Clamp Cover Long,false,,
dc-unipress-tsf-b-1744-clamp-cover-small,Buckeye Dry Cleaning Pads & Covers 2026,/catalogs/dry-cleaning-catalog.pdf,69,Unipress tensioning equipment,Unipress,TSF,Clamp Cover,B-1744,,6 1/2 x 8 5/8,Clamp Cover Small,false,2 required,
dc-unipress-tsf-b-1751-rear-blade-cover,Buckeye Dry Cleaning Pads & Covers 2026,/catalogs/dry-cleaning-catalog.pdf,69,Unipress tensioning equipment,Unipress,TSF,Rear Blade Cover,B-1751,,,Rear Blade Cover,false,,
dc-unipress-tsf-b-1883-side-clamp-cover,Buckeye Dry Cleaning Pads & Covers 2026,/catalogs/dry-cleaning-catalog.pdf,69,Unipress tensioning equipment,Unipress,TSF,Side Clamp Cover,B-1883,,,Side Clamp Cover,false,2 required,
dc-unipress-tsf-b-1841-cover-for-rear-bottom-plate-optional,Buckeye Dry Cleaning Pads & Covers 2026,/catalogs/dry-cleaning-catalog.pdf,69,Unipress tensioning equipment,Unipress,TSF,Cover,B-1841,,,Cover for Rear Bottom Plate Optional,false,,
dc-unipress-tsfc-1745-shirt-finisher-cover,Buckeye Dry Cleaning Pads & Covers 2026,/catalogs/dry-cleaning-catalog.pdf,69,Unipress tensioning equipment,Unipress,TSFC,Shirt Finisher Cover,1745,,,Shirt Finisher Cover,false,,
dc-unipress-tsfc-b-1746-collar-clamp-cover,Buckeye Dry Cleaning Pads & Covers 2026,/catalogs/dry-cleaning-catalog.pdf,69,Unipress tensioning equipment,Unipress,TSFC,Collar Clamp Cover,B-1746,,,Collar Clamp Cover,false,,
dc-unipress-tsfc-b-1743-clamp-cover-long,Buckeye Dry Cleaning Pads & Covers 2026,/catalogs/dry-cleaning-catalog.pdf,69,Unipress tensioning equipment,Unipress,TSFC,Clamp Cover,B-1743,,4 1/2 x 33 1/2,Clamp Cover Long,false,,
dc-unipress-tsfc-b-1744-clamp-cover-small,Buckeye Dry Cleaning Pads & Covers 2026,/catalogs/dry-cleaning-catalog.pdf,69,Unipress tensioning equipment,Unipress,TSFC,Clamp Cover,B-1744,,6 1/2 x 8 5/8,Clamp Cover Small,false,2 required,
dc-unipress-tsfc-b-1751-rear-blade-cover,Buckeye Dry Cleaning Pads & Covers 2026,/catalogs/dry-cleaning-catalog.pdf,69,Unipress tensioning equipment,Unipress,TSFC,Rear Blade Cover,B-1751,,,Rear Blade Cover,false,,
dc-unipress-tsfc-b-1883-side-clamp-cover,Buckeye Dry Cleaning Pads & Covers 2026,/catalogs/dry-cleaning-catalog.pdf,69,Unipress tensioning equipment,Unipress,TSFC,Side Clamp Cover,B-1883,,,Side Clamp Cover,false,2 required,
dc-unipress-tsfc-bafm-1811-upper-right-cover-pad,Buckeye Dry Cleaning Pads & Covers 2026,/catalogs/dry-cleaning-catalog.pdf,69,Unipress tensioning equipment,Unipress,TSFC,Cover/Pad,BAFM-1811,,,Upper Right Cover/Pad,false,1 required,
dc-unipress-tsfc-bafm-1813-upper-left-cover-pad,Buckeye Dry Cleaning Pads & Covers 2026,/catalogs/dry-cleaning-catalog.pdf,69,Unipress tensioning equipment,Unipress,TSFC,Cover/Pad,BAFM-1813,,,Upper Left Cover/Pad,false,1 required,
dc-unipress-tsfc-bafm-1815-lower-clamp-cover-pad,Buckeye Dry Cleaning Pads & Covers 2026,/catalogs/dry-cleaning-catalog.pdf,69,Unipress tensioning equipment,Unipress,TSFC,Cover/Pad,BAFM-1815,,,Lower Clamp Cover/Pad,false,2 required,
dc-unipress-tsfc-bafm-1817-lower-clamp-cover-pad,Buckeye Dry Cleaning Pads & Covers 2026,/catalogs/dry-cleaning-catalog.pdf,69,Unipress tensioning equipment,Unipress,TSFC,Cover/Pad,BAFM-1817,,,Lower Clamp Cover/Pad,false,2 required,
dc-unipress-tuf-tufr-1755-upper-cover,Buckeye Dry Cleaning Pads & Covers 2026,/catalogs/dry-cleaning-catalog.pdf,69,Unipress tensioning equipment,Unipress,TUF / TUFR,Cover,1755,,,Upper Cover,false,,
dc-unipress-tuf-tufr-1756-front-collar-clamp-front-clamp-cover,Buckeye Dry Cleaning Pads & Covers 2026,/catalogs/dry-cleaning-catalog.pdf,69,Unipress tensioning equipment,Unipress,TUF / TUFR,Clamp Cover,1756,,,Front Collar Clamp / Front Clamp Cover,false,,
dc-unipress-tuf-tufr-2688-front-rear-clamp-cover-pad,Buckeye Dry Cleaning Pads & Covers 2026,/catalogs/dry-cleaning-catalog.pdf,69,Unipress tensioning equipment,Unipress,TUF / TUFR,Clamp Cover/Pad,2688,,,Front/Rear Clamp Cover/Pad,false,2 required,
dc-unipress-tuf-tufr-2685-vent-clamp-cover-pad,Buckeye Dry Cleaning Pads & Covers 2026,/catalogs/dry-cleaning-catalog.pdf,69,Unipress tensioning equipment,Unipress,TUF / TUFR,Vent Clamp Cover/Pad,2685,,,Vent Clamp Cover/Pad,false,2 required,
dc-unipress-tuf-tufr-2690-lower-air-bag-cover,Buckeye Dry Cleaning Pads & Covers 2026,/catalogs/dry-cleaning-catalog.pdf,69,Unipress tensioning equipment,Unipress,TUF / TUFR,Air Bag Cover,2690,,,Lower Air Bag Cover,false,,
dc-unipress-tuf-tufr-1757-lower-air-bag-cover,Buckeye Dry Cleaning Pads & Covers 2026,/catalogs/dry-cleaning-catalog.pdf,69,Unipress tensioning equipment,Unipress,TUF / TUFR,Air Bag Cover,1757,,,Lower Air Bag Cover,false,,
dc-unipress-v3-versaform-plus-2220-finisher-airbag-cover,Buckeye Dry Cleaning Pads & Covers 2026,/catalogs/dry-cleaning-catalog.pdf,69,Unipress tensioning equipment,Unipress,V3 Versaform Plus,Airbag Cover,2220,,,Finisher Airbag Cover,false,,
dc-unipress-v3-versaform-plus-bn-2216-skirt,Buckeye Dry Cleaning Pads & Covers 2026,/catalogs/dry-cleaning-catalog.pdf,69,Unipress tensioning equipment,Unipress,V3 Versaform Plus,Skirt,BN-2216,,,Skirt,false,,
dc-unipress-v3-versaform-plus-wa-2208-cover-flank-fixed,Buckeye Dry Cleaning Pads & Covers 2026,/catalogs/dry-cleaning-catalog.pdf,69,Unipress tensioning equipment,Unipress,V3 Versaform Plus,Cover Flank,WA-2208,,,Cover Flank - Fixed,false,2 required,
dc-unipress-v3-versaform-plus-wafm-2209-cover-pad-flank-moveable,Buckeye Dry Cleaning Pads & Covers 2026,/catalogs/dry-cleaning-catalog.pdf,69,Unipress tensioning equipment,Unipress,V3 Versaform Plus,Cover/Pad Flank,WAFM-2209,,,Cover/Pad Flank - Moveable,false,2 required,
dc-unipress-v3-versaform-plus-wa-2211-rear-clamp-cover-fixed,Buckeye Dry Cleaning Pads & Covers 2026,/catalogs/dry-cleaning-catalog.pdf,69,Unipress tensioning equipment,Unipress,V3 Versaform Plus,Rear Clamp Cover,WA-2211,,,Rear Clamp Cover - Fixed,false,,
dc-unipress-v3-versaform-plus-wafm-2213-rear-clamp-cover-pad-moveable,Buckeye Dry Cleaning Pads & Covers 2026,/catalogs/dry-cleaning-catalog.pdf,69,Unipress tensioning equipment,Unipress,V3 Versaform Plus,Rear Clamp Cover/Pad,WAFM-2213,,,Rear Clamp Cover/Pad - Moveable,false,,
dc-unipress-v3-versaform-plus-2214-cuff-cover-pad,Buckeye Dry Cleaning Pads & Covers 2026,/catalogs/dry-cleaning-catalog.pdf,69,Unipress tensioning equipment,Unipress,V3 Versaform Plus,Cuff Cover/Pad,2214,,,Cuff Cover/Pad,false,4 required,
dc-unipress-v3-versaform-plus-rs-2215-silicone-cuff-pad,Buckeye Dry Cleaning Pads & Covers 2026,/catalogs/dry-cleaning-catalog.pdf,69,Unipress tensioning equipment,Unipress,V3 Versaform Plus,Silicone Cuff Pad,RS-2215,,,Silicone Cuff Pad,false,2 required,
dc-unipress-v3-versaform-plus-rown-2217-front-clamp-cover-moveable,Buckeye Dry Cleaning Pads & Covers 2026,/catalogs/dry-cleaning-catalog.pdf,69,Unipress tensioning equipment,Unipress,V3 Versaform Plus,Front Clamp Cover,ROWN-2217,,,Front Clamp Cover - Moveable,false,,
dc-unipress-v3-versaform-plus-rown-2218-front-clamp-cover-moveable,Buckeye Dry Cleaning Pads & Covers 2026,/catalogs/dry-cleaning-catalog.pdf,69,Unipress tensioning equipment,Unipress,V3 Versaform Plus,Front Clamp Cover,ROWN-2218,,,Front Clamp Cover - Moveable,false,,
dc-unipress-v3-versaform-plus-2219-front-clamp-cover-pad,Buckeye Dry Cleaning Pads & Covers 2026,/catalogs/dry-cleaning-catalog.pdf,69,Unipress tensioning equipment,Unipress,V3 Versaform Plus,Front Clamp Cover/Pad,2219,,,Front Clamp Cover/Pad,false,,
dc-unipress-v3-versaform-plus-rown-1756-collar-support-clamp-cover,Buckeye Dry Cleaning Pads & Covers 2026,/catalogs/dry-cleaning-catalog.pdf,69,Unipress tensioning equipment,Unipress,V3 Versaform Plus,Collar Support Clamp Cover,ROWN-1756,,,Collar Support Clamp Cover,false,,
dc-unipress-v3-versaform-plus-rown-1746-fly-clamp-cover,Buckeye Dry Cleaning Pads & Covers 2026,/catalogs/dry-cleaning-catalog.pdf,69,Unipress tensioning equipment,Unipress,V3 Versaform Plus,Fly Clamp Cover,ROWN-1746,,,Fly Clamp Cover,false,,
dc-unipress-v3-versaform-plus-1758-front-rear-clamp-cover,Buckeye Dry Cleaning Pads & Covers 2026,/catalogs/dry-cleaning-catalog.pdf,69,Unipress tensioning equipment,Unipress,V3 Versaform Plus,Clamp Cover,1758,,6 1/4 x 11 1/4,Front/Rear Clamp Cover,false,2 required,
dc-unipress-v4-versaform-plus-2220-finisher-airbag-cover,Buckeye Dry Cleaning Pads & Covers 2026,/catalogs/dry-cleaning-catalog.pdf,69,Unipress tensioning equipment,Unipress,V4 Versaform Plus,Airbag Cover,2220,,,Finisher Airbag Cover,false,,
dc-unipress-v4-versaform-plus-bn-2216-skirt,Buckeye Dry Cleaning Pads & Covers 2026,/catalogs/dry-cleaning-catalog.pdf,69,Unipress tensioning equipment,Unipress,V4 Versaform Plus,Skirt,BN-2216,,,Skirt,false,,
dc-unipress-v4-versaform-plus-wa-2208-cover-flank-fixed,Buckeye Dry Cleaning Pads & Covers 2026,/catalogs/dry-cleaning-catalog.pdf,69,Unipress tensioning equipment,Unipress,V4 Versaform Plus,Cover Flank,WA-2208,,,Cover Flank - Fixed,false,,
dc-unipress-v4-versaform-plus-wafm-2209-cover-pad-flank-moveable,Buckeye Dry Cleaning Pads & Covers 2026,/catalogs/dry-cleaning-catalog.pdf,69,Unipress tensioning equipment,Unipress,V4 Versaform Plus,Cover/Pad Flank,WAFM-2209,,,Cover/Pad Flank - Moveable,false,,
dc-unipress-v4-versaform-plus-wa-2211-rear-clamp-cover-fixed,Buckeye Dry Cleaning Pads & Covers 2026,/catalogs/dry-cleaning-catalog.pdf,69,Unipress tensioning equipment,Unipress,V4 Versaform Plus,Rear Clamp Cover,WA-2211,,,Rear Clamp Cover - Fixed,false,,
dc-unipress-v4-versaform-plus-wafm-2213-rear-clamp-cover-pad-moveable,Buckeye Dry Cleaning Pads & Covers 2026,/catalogs/dry-cleaning-catalog.pdf,69,Unipress tensioning equipment,Unipress,V4 Versaform Plus,Rear Clamp Cover/Pad,WAFM-2213,,,Rear Clamp Cover/Pad - Moveable,false,,
dc-unipress-v4-versaform-plus-rown-2217-lower-clamp-cover,Buckeye Dry Cleaning Pads & Covers 2026,/catalogs/dry-cleaning-catalog.pdf,69,Unipress tensioning equipment,Unipress,V4 Versaform Plus,Lower Clamp Cover,ROWN-2217,,,Lower Clamp Cover,false,2 required,
dc-unipress-v4-versaform-plus-2219-front-clamp-cover-pad,Buckeye Dry Cleaning Pads & Covers 2026,/catalogs/dry-cleaning-catalog.pdf,69,Unipress tensioning equipment,Unipress,V4 Versaform Plus,Front Clamp Cover/Pad,2219,,,Front Clamp Cover/Pad,false,,
dc-unipress-v4-versaform-plus-rown-1756-collar-support-clamp-cover,Buckeye Dry Cleaning Pads & Covers 2026,/catalogs/dry-cleaning-catalog.pdf,69,Unipress tensioning equipment,Unipress,V4 Versaform Plus,Collar Support Clamp Cover,ROWN-1756,,,Collar Support Clamp Cover,false,,
dc-unipress-v4-versaform-plus-wkfm-1746-fly-clamp-cover,Buckeye Dry Cleaning Pads & Covers 2026,/catalogs/dry-cleaning-catalog.pdf,69,Unipress tensioning equipment,Unipress,V4 Versaform Plus,Fly Clamp Cover,WKFM-1746,,,Fly Clamp Cover,false,,
dc-unipress-v4-versaform-plus-2704-cover-upper,Buckeye Dry Cleaning Pads & Covers 2026,/catalogs/dry-cleaning-catalog.pdf,69,Unipress tensioning equipment,Unipress,V4 Versaform Plus,Cover,2704,,,Cover - Upper,false,,
dc-unipress-v4-versaform-plus-2073-cuff-holder-cover,Buckeye Dry Cleaning Pads & Covers 2026,/catalogs/dry-cleaning-catalog.pdf,69,Unipress tensioning equipment,Unipress,V4 Versaform Plus,Cuff Holder Cover,2073,,,Cuff Holder Cover,false,2 required,
dc-unipress-v4-versaform-plus-3324-cuff-holder-cover-pad,Buckeye Dry Cleaning Pads & Covers 2026,/catalogs/dry-cleaning-catalog.pdf,69,Unipress tensioning equipment,Unipress,V4 Versaform Plus,Cuff Holder Cover/Pad,3324,,,Cuff Holder Cover/Pad,false,2 required,
dc-vaporpress-mtvp-451-utility-pro-1225,Buckeye Dry Cleaning Pads & Covers 2026,/catalogs/dry-cleaning-catalog.pdf,71,Vaporpress buck pads and head plates,Vaporpress,MTVP-451,Pad/Cover,PRO-1225,Tan Pro-Finish 861,47 x 14 x 9 1/2,Utility,true,,Grouped Vaporpress catalog table row.
dc-vaporpress-mtvp-451-utility-rpro-1225,Buckeye Dry Cleaning Pads & Covers 2026,/catalogs/dry-cleaning-catalog.pdf,71,Vaporpress buck pads and head plates,Vaporpress,MTVP-451,Pad/Cover,RPRO-1225,Red Pro-Finish 861,47 x 14 x 9 1/2,Utility,true,,Grouped Vaporpress catalog table row.
dc-vaporpress-mtvp-451-utility-mfhp-138,Buckeye Dry Cleaning Pads & Covers 2026,/catalogs/dry-cleaning-catalog.pdf,71,Vaporpress buck pads and head plates,Vaporpress,MTVP-451,Head Plate,MFHP-138,White Master Finish,47 x 14 x 9 1/2,Utility,true,,Grouped Vaporpress catalog table row.
dc-vaporpress-mtvp-451-utility-bmfhp-138,Buckeye Dry Cleaning Pads & Covers 2026,/catalogs/dry-cleaning-catalog.pdf,71,Vaporpress buck pads and head plates,Vaporpress,MTVP-451,Head Plate,BMFHP-138,Black Master Finish,47 x 14 x 9 1/2,Utility,true,,Grouped Vaporpress catalog table row.
dc-vaporpress-mtvp-451-utility-tgp-138,Buckeye Dry Cleaning Pads & Covers 2026,/catalogs/dry-cleaning-catalog.pdf,71,Vaporpress buck pads and head plates,Vaporpress,MTVP-451,Teflon Grid Plate,TGP-138,Teflon Grid Plate,47 x 14 x 9 1/2,Utility,true,,Grouped Vaporpress catalog table row.
dc-vaporpress-mtvp-453-legger-w-cut-out-pro-1224,Buckeye Dry Cleaning Pads & Covers 2026,/catalogs/dry-cleaning-catalog.pdf,71,Vaporpress buck pads and head plates,Vaporpress,MTVP-453,Pad/Cover,PRO-1224,Tan Pro-Finish 861,45 x 18 x 12 1/2,Legger w/cut-out,true,,Grouped Vaporpress catalog table row.
dc-vaporpress-mtvp-453-legger-w-cut-out-rpro-1224,Buckeye Dry Cleaning Pads & Covers 2026,/catalogs/dry-cleaning-catalog.pdf,71,Vaporpress buck pads and head plates,Vaporpress,MTVP-453,Pad/Cover,RPRO-1224,Red Pro-Finish 861,45 x 18 x 12 1/2,Legger w/cut-out,true,,Grouped Vaporpress catalog table row.
dc-vaporpress-mtvp-453-legger-w-cut-out-mfhp-139,Buckeye Dry Cleaning Pads & Covers 2026,/catalogs/dry-cleaning-catalog.pdf,71,Vaporpress buck pads and head plates,Vaporpress,MTVP-453,Head Plate,MFHP-139,White Master Finish,45 x 18 x 12 1/2,Legger w/cut-out,true,,Grouped Vaporpress catalog table row.
dc-vaporpress-mtvp-453-legger-w-cut-out-bmfhp-139,Buckeye Dry Cleaning Pads & Covers 2026,/catalogs/dry-cleaning-catalog.pdf,71,Vaporpress buck pads and head plates,Vaporpress,MTVP-453,Head Plate,BMFHP-139,Black Master Finish,45 x 18 x 12 1/2,Legger w/cut-out,true,,Grouped Vaporpress catalog table row.
dc-vaporpress-mtvp-453-legger-w-cut-out-tgp-139,Buckeye Dry Cleaning Pads & Covers 2026,/catalogs/dry-cleaning-catalog.pdf,71,Vaporpress buck pads and head plates,Vaporpress,MTVP-453,Teflon Grid Plate,TGP-139,Teflon Grid Plate,45 x 18 x 12 1/2,Legger w/cut-out,true,,Grouped Vaporpress catalog table row.
dc-vaporpress-mtvp-453-utility-legger-utility-legger-w-cut-out-pro-1257,Buckeye Dry Cleaning Pads & Covers 2026,/catalogs/dry-cleaning-catalog.pdf,71,Vaporpress buck pads and head plates,Vaporpress,MTVP-453 Utility/Legger,Pad/Cover,PRO-1257,Tan Pro-Finish 861,46 x 21 x 10,Utility/Legger w/cut-out,true,,Grouped Vaporpress catalog table row.
dc-vaporpress-mtvp-453-utility-legger-utility-legger-w-cut-out-rpro-1257,Buckeye Dry Cleaning Pads & Covers 2026,/catalogs/dry-cleaning-catalog.pdf,71,Vaporpress buck pads and head plates,Vaporpress,MTVP-453 Utility/Legger,Pad/Cover,RPRO-1257,Red Pro-Finish 861,46 x 21 x 10,Utility/Legger w/cut-out,true,,Grouped Vaporpress catalog table row.
dc-vaporpress-mtvp-453-utility-legger-utility-legger-w-cut-out-mfhp-157,Buckeye Dry Cleaning Pads & Covers 2026,/catalogs/dry-cleaning-catalog.pdf,71,Vaporpress buck pads and head plates,Vaporpress,MTVP-453 Utility/Legger,Head Plate,MFHP-157,White Master Finish,46 x 21 x 10,Utility/Legger w/cut-out,true,,Grouped Vaporpress catalog table row.
dc-vaporpress-mtvp-453-utility-legger-utility-legger-w-cut-out-bmfhp-157,Buckeye Dry Cleaning Pads & Covers 2026,/catalogs/dry-cleaning-catalog.pdf,71,Vaporpress buck pads and head plates,Vaporpress,MTVP-453 Utility/Legger,Head Plate,BMFHP-157,Black Master Finish,46 x 21 x 10,Utility/Legger w/cut-out,true,,Grouped Vaporpress catalog table row.
dc-vaporpress-mtvp-453-utility-legger-utility-legger-w-cut-out-tgp-157,Buckeye Dry Cleaning Pads & Covers 2026,/catalogs/dry-cleaning-catalog.pdf,71,Vaporpress buck pads and head plates,Vaporpress,MTVP-453 Utility/Legger,Teflon Grid Plate,TGP-157,Teflon Grid Plate,46 x 21 x 10,Utility/Legger w/cut-out,true,,Grouped Vaporpress catalog table row.
dc-veit-pant-topper-1874-front-cover,Buckeye Dry Cleaning Pads & Covers 2026,/catalogs/dry-cleaning-catalog.pdf,71,Veit covers and pads for pant toppers,Veit,Pant Topper,Cover,1874,,,Front Cover,false,,
dc-veit-pant-topper-8730-rear-cover,Buckeye Dry Cleaning Pads & Covers 2026,/catalogs/dry-cleaning-catalog.pdf,71,Veit covers and pads for pant toppers,Veit,Pant Topper,Cover,8730,,,Rear Cover,false,,
dc-veit-pant-topper-8740-waist-clamp-cover,Buckeye Dry Cleaning Pads & Covers 2026,/catalogs/dry-cleaning-catalog.pdf,71,Veit covers and pads for pant toppers,Veit,Pant Topper,Waist Clamp Cover,8740,,,Waist Clamp Cover,false,,
dc-veit-pant-topper-2237-skirt,Buckeye Dry Cleaning Pads & Covers 2026,/catalogs/dry-cleaning-catalog.pdf,71,Veit covers and pads for pant toppers,Veit,Pant Topper,Skirt,2237,,,Skirt,false,Requires 2,
dc-veit-pant-topper-2239-cover,Buckeye Dry Cleaning Pads & Covers 2026,/catalogs/dry-cleaning-catalog.pdf,71,Veit covers and pads for pant toppers,Veit,Pant Topper,Cover,2239,,,Cover,false,,
dc-veit-pant-topper-pk-2240-cover,Buckeye Dry Cleaning Pads & Covers 2026,/catalogs/dry-cleaning-catalog.pdf,71,Veit covers and pads for pant toppers,Veit,Pant Topper,Cover,PK-2240,,,Cover,false,,
dc-veit-pant-topper-pf-2041-pad,Buckeye Dry Cleaning Pads & Covers 2026,/catalogs/dry-cleaning-catalog.pdf,71,Veit covers and pads for pant toppers,Veit,Pant Topper,Pad,PF-2041,,,Pad,false,,
dc-veit-8345-shirt-tensioner-1099-cover,Buckeye Dry Cleaning Pads & Covers 2026,/catalogs/dry-cleaning-catalog.pdf,72,Veit form finishers,Veit,8345 Shirt Tensioner,Cover,1099,,,Cover,false,,
dc-veit-8345-shirt-tensioner-fb-1096-30-oz-flannel-pad,Buckeye Dry Cleaning Pads & Covers 2026,/catalogs/dry-cleaning-catalog.pdf,72,Veit form finishers,Veit,8345 Shirt Tensioner,Pad,FB-1096,,,30 oz Flannel Pad,false,,
dc-veit-8345-shirt-tensioner-wa-1104-side-clamp-cover,Buckeye Dry Cleaning Pads & Covers 2026,/catalogs/dry-cleaning-catalog.pdf,72,Veit form finishers,Veit,8345 Shirt Tensioner,Side Clamp Cover,WA-1104,,,Side Clamp Cover,false,Requires 2,
dc-veit-8345-shirt-tensioner-wafb-1101-front-clamp-cover-pad,Buckeye Dry Cleaning Pads & Covers 2026,/catalogs/dry-cleaning-catalog.pdf,72,Veit form finishers,Veit,8345 Shirt Tensioner,Clamp Cover/Pad,WAFB-1101,,4 x 32,Front Clamp Cover/Pad,false,Requires 2,
dc-veit-8345-shirt-tensioner-waju-1103-front-blade-cover,Buckeye Dry Cleaning Pads & Covers 2026,/catalogs/dry-cleaning-catalog.pdf,72,Veit form finishers,Veit,8345 Shirt Tensioner,Blade Cover,WAJU-1103,,,Front Blade Cover,false,,
dc-veit-8345-shirt-tensioner-pkfb-1102-rear-clamp-cover-pad,Buckeye Dry Cleaning Pads & Covers 2026,/catalogs/dry-cleaning-catalog.pdf,72,Veit form finishers,Veit,8345 Shirt Tensioner,Rear Clamp Cover/Pad,PKFB-1102,,,Rear Clamp Cover/Pad,false,,
dc-veit-8345-shirt-tensioner-fm-1108-cuff-clamp-cover-w-silicone-foam-pad,Buckeye Dry Cleaning Pads & Covers 2026,/catalogs/dry-cleaning-catalog.pdf,72,Veit form finishers,Veit,8345 Shirt Tensioner,Cuff Clamp Cover,FM-1108,,,Cuff Clamp Cover w/Silicone Foam Pad,false,Requires 4,
dc-veit-8346-shirt-tensioner-2601-cover,Buckeye Dry Cleaning Pads & Covers 2026,/catalogs/dry-cleaning-catalog.pdf,72,Veit form finishers,Veit,8346 Shirt Tensioner,Cover,2601,,,Cover,false,,
dc-veit-8346-shirt-tensioner-db-2602-20-oz-flannel-pad,Buckeye Dry Cleaning Pads & Covers 2026,/catalogs/dry-cleaning-catalog.pdf,72,Veit form finishers,Veit,8346 Shirt Tensioner,Pad,DB-2602,,,20 oz Flannel Pad,false,,
dc-veit-8360-multiform-finisher-pk-2080-cover,Buckeye Dry Cleaning Pads & Covers 2026,/catalogs/dry-cleaning-catalog.pdf,72,Veit form finishers,Veit,8360 Multiform Finisher,Cover,PK-2080,,,Cover,false,,
dc-veit-8362-multiform-finisher-2410-cover,Buckeye Dry Cleaning Pads & Covers 2026,/catalogs/dry-cleaning-catalog.pdf,72,Veit form finishers,Veit,8362 Multiform Finisher,Cover,2410,,,Cover,false,,
dc-veit-8362-multiform-finisher-wa-2412-cover-lateral,Buckeye Dry Cleaning Pads & Covers 2026,/catalogs/dry-cleaning-catalog.pdf,72,Veit form finishers,Veit,8362 Multiform Finisher,Cover,WA-2412,,,Cover - Lateral,false,Requires 2,
dc-veit-8362-multiform-finisher-fm-2411-silicone-side-clamps,Buckeye Dry Cleaning Pads & Covers 2026,/catalogs/dry-cleaning-catalog.pdf,72,Veit form finishers,Veit,8362 Multiform Finisher,Silicone Side Clamps,FM-2411,,,Silicone Side Clamps,false,Requires 2,
dc-veit-8362-multiform-finisher-wa-2416-front-back-cover,Buckeye Dry Cleaning Pads & Covers 2026,/catalogs/dry-cleaning-catalog.pdf,72,Veit form finishers,Veit,8362 Multiform Finisher,Front/Back Cover,WA-2416,,,Front/Back Cover,false,Requires 2,
dc-veit-8362-multiform-finisher-2414-waist-band-stubble-cover,Buckeye Dry Cleaning Pads & Covers 2026,/catalogs/dry-cleaning-catalog.pdf,72,Veit form finishers,Veit,8362 Multiform Finisher,Waist Band Stubble Cover,2414,,,Waist Band Stubble Cover,false,Requires 2,
dc-veit-8362-multiform-finisher-wk-2415-lapel-clamp-cover,Buckeye Dry Cleaning Pads & Covers 2026,/catalogs/dry-cleaning-catalog.pdf,72,Veit form finishers,Veit,8362 Multiform Finisher,Lapel Clamp Cover,WK-2415,,,Lapel Clamp Cover,false,,
dc-veit-8362-multiform-finisher-fm-2418-silicone-front-back,Buckeye Dry Cleaning Pads & Covers 2026,/catalogs/dry-cleaning-catalog.pdf,72,Veit form finishers,Veit,8362 Multiform Finisher,Silicone Front/Back,FM-2418,,,Silicone Front/Back,false,Requires 2,
dc-veit-8362-multiform-finisher-2417-clamp-stubble-cover,Buckeye Dry Cleaning Pads & Covers 2026,/catalogs/dry-cleaning-catalog.pdf,72,Veit form finishers,Veit,8362 Multiform Finisher,Clamp Stubble Cover,2417,,,Clamp Stubble Cover,false,,
dc-veit-8362-multiform-finisher-fm-2413-foam-suction-silicone,Buckeye Dry Cleaning Pads & Covers 2026,/catalogs/dry-cleaning-catalog.pdf,72,Veit form finishers,Veit,8362 Multiform Finisher,Foam Suction Silicone,FM-2413,,,Foam Suction Silicone,false,Requires 2,
